log_ingreso,ingreso,escolaridad,experiencia,experiencia_sq,mujer,urbano,horas_trabajo,edad
6.902564921863391,994.8230895104357,12,38,1444,0,0,48,56
7.310601321109416,1496.0765411701946,8,32,1024,0,0,57,46
6.5364338632323395,689.82218620766,1,25,625,0,1,53,32
6.576156374023348,717.7751611831765,17,37,1369,0,0,20,60
5.493369544433099,243.0748801002178,0,19,361,1,1,39,25
7.547888962603033,1896.7344246829116,11,21,441,0,0,45,38
6.661370001884732,781.6210262264676,9,41,1681,0,1,46,56
6.294636228644871,541.6587706050045,1,29,841,0,1,42,36
6.245852977172714,515.8690618486227,8,26,676,1,1,26,40
5.272432821697581,194.88951762127343,1,21,441,0,1,41,28
7.425547667920867,1678.318482559651,13,9,81,1,1,56,28
6.226673917626779,506.06945242569856,10,25,625,1,1,54,41
6.38707235540099,594.1146744745741,10,37,1369,1,1,23,53
7.190897008126448,1327.2932646256618,16,35,1225,0,1,48,57
6.639535501129213,764.7396897850996,3,32,1024,1,1,56,41
6.453131006710355,634.6863924304374,12,2,4,1,1,55,20
6.355512589866329,575.6573411654223,6,27,729,1,0,22,39
7.321792750758851,1512.9138173909935,15,0,0,0,1,21,19
6.08178558607228,437.81024507045566,0,35,1225,1,1,24,41
6.630662910052671,757.9844796619012,12,43,1849,1,0,37,61
5.99404220334341,401.0323924990244,0,41,1681,0,1,53,47
6.683229981151772,798.8953661248296,10,39,1521,0,1,34,55
6.428882368330618,619.4812091534407,5,8,64,1,1,59,19
5.773316538049605,321.6025730498189,2,30,900,0,0,20,38
7.2168137109927235,1362.1419608715646,11,33,1089,1,1,41,50
6.887284553859083,979.7373777458686,4,19,361,0,1,44,29
6.554887986612642,702.6704369187494,8,25,625,0,0,36,39
6.48940196516925,658.1296610426953,11,44,1936,1,1,52,61
6.692014296506062,805.9440284670654,9,27,729,0,1,36,42
7.57891568865962,1956.506352783722,18,20,400,1,1,57,44
5.269323038161661,194.28439479621676,4,49,2401,1,0,24,59
6.500819382133706,665.6868615596095,4,35,1225,1,0,56,45
5.925132156602788,374.3279019953852,8,19,361,1,1,30,33
6.401209740877374,602.5735549858599,16,10,100,1,1,31,32
6.650720471748301,773.3412954256701,9,49,2401,0,1,53,64
5.462891095784395,235.77809700853462,0,55,3025,1,1,54,61
7.496049714167219,1800.914218596208,15,0,0,0,1,58,20
7.31787997415305,1507.0056897292588,14,34,1156,0,1,35,54
6.24807098849304,517.014535134363,16,2,4,1,1,43,24
6.336041054368888,564.5568315154306,12,20,400,1,0,50,38
6.378847356975339,589.248123335487,0,20,400,0,1,33,26
6.683694773806416,799.2667731297712,7,43,1849,0,1,51,56
6.0697065627662266,432.55373557841966,4,25,625,1,0,32,35
6.332513733297648,562.5689662882486,5,10,100,0,1,57,21
6.7459526268707934,850.6090538781868,13,23,529,1,0,36,42
6.299643578723079,544.3778476963905,10,15,225,1,1,55,31
5.707567119863627,301.1375448061718,5,15,225,0,0,37,26
6.614032593664338,745.4831962164747,10,27,729,0,0,38,43
6.273248552655782,530.1969560249524,12,1,1,1,1,26,19
6.850397081878369,944.2557790975542,11,20,400,0,1,49,37
5.971973117939992,392.2789202177846,1,38,1444,0,1,31,45
5.989144828408576,399.0731879075138,2,56,3136,0,1,30,64
6.037379603361982,418.79418892462974,3,15,225,0,1,48,24
6.968359365494955,1062.4781814639327,16,39,1521,0,1,22,61
6.287756400333357,537.9450408196639,5,14,196,0,0,53,25
6.583008366133538,722.7102391738277,6,52,2704,1,0,53,64
6.514452835901858,674.8246206823773,14,32,1024,1,0,50,52
6.314122533866498,552.3172082567294,10,15,225,1,1,41,31
6.128005028261924,458.52051217405676,2,26,676,0,1,21,34
6.4032943111455785,603.8309720347518,5,42,1764,0,0,46,53
6.536110748488448,689.599330494555,1,50,2500,1,1,55,57
6.197285870114461,491.41346947205426,13,2,4,1,0,51,21
5.720535400537237,305.06821292533374,8,5,25,1,1,54,19
6.0496003956124635,423.9435864745988,17,0,0,1,1,36,23
7.752472910854621,2327.320560631985,18,35,1225,1,1,53,59
6.190496756483263,488.08850713266617,11,4,16,0,1,45,21
6.5194284224708205,678.1906360075548,12,28,784,1,1,29,46
6.357398670600855,576.7441019233858,11,18,324,1,1,58,35
6.26450660093615,525.5822002086853,11,26,676,1,0,28,43
7.220531387281875,1367.2153885795344,17,38,1444,1,1,44,61
6.54961871149481,698.9776108720112,8,37,1369,1,1,39,51
6.898575695353071,990.862420124821,16,5,25,0,1,34,27
6.682562731895974,798.362481589498,15,32,1024,1,1,59,53
6.5674293219781825,711.5383540486656,16,9,81,1,1,46,31
6.045529229655169,422.22115031827866,7,35,1225,1,1,30,48
6.7046544062802065,816.1959053866693,10,16,256,1,1,35,32
5.917873462179254,371.62060773842273,1,18,324,0,1,49,25
5.587729954763656,267.1285370587578,7,18,324,1,1,41,31
6.703897745543197,815.578555582989,11,23,529,1,0,43,40
5.986899862498669,398.17828709186426,0,51,2601,1,1,43,57
6.940176175133922,1032.9521794196658,12,20,400,0,1,55,38
6.04381562553895,421.49824997653525,16,11,121,1,0,37,33
6.9764928490325175,1071.1550690893582,13,43,1849,0,1,39,62
6.469504085060227,645.1637013007921,13,16,256,1,1,27,35
7.455096539073396,1728.6508695655325,15,43,1849,0,1,34,64
7.411473446514057,1654.862903332,16,19,361,1,1,32,41
6.777551706441995,877.9166929968851,5,32,1024,0,1,55,43
6.716740004737273,826.1199696961215,6,30,900,0,1,33,42
5.180867529630721,177.83702297883258,0,56,3136,1,1,43,62
6.843866697924901,938.1095168785828,14,38,1444,0,0,56,58
7.431186219185967,1687.8084971865223,17,23,529,1,1,43,46
6.025237859175753,413.7400421852843,12,14,196,1,1,37,32
5.654470262169973,285.56516797906187,1,55,3025,1,1,51,62
7.331579343730942,1527.792777531534,18,0,0,0,1,54,18
6.905678094970742,997.9249718423539,14,22,484,1,1,39,42
6.2280244375331115,506.7533710140701,11,7,49,0,0,51,24
7.211753266528592,1355.2663286763996,14,6,36,1,1,56,26
6.514921731446379,675.1411171364381,17,18,324,1,0,56,41
6.853869904781097,947.5407128883941,13,0,0,0,1,52,18
6.775382093208177,876.0140181022443,5,50,2500,0,1,20,61
6.866484679707134,959.5694360191873,11,8,64,0,1,47,25
5.724634555687408,306.3213014089113,5,30,900,1,1,46,41
6.819510677160686,915.536907337642,8,14,196,0,1,36,28
5.691151443644802,296.2345216960204,3,25,625,1,0,34,34
6.693264767479109,806.9524684616284,16,3,9,1,1,33,25
6.534004135622021,688.1481407564188,1,45,2025,1,1,50,52
6.303563727566715,546.5160782392509,15,31,961,1,0,53,52
7.103073481980787,1215.6977636234824,13,31,961,0,1,22,50
6.3858797374500185,593.4065449967567,7,9,81,1,1,31,22
6.974472374909961,1068.9930129158095,13,40,1600,1,1,45,59
6.442191337696865,627.780973735155,1,49,2401,1,1,43,56
7.352563753362649,1560.191350600377,15,37,1369,0,0,53,58
6.760176632885772,862.7945802273233,3,36,1296,0,1,27,45
5.029580873998935,152.86892792430783,0,18,324,0,0,31,24
6.7591940071039724,861.9471924291272,13,7,49,0,0,28,26
5.589628909804936,267.63628408268124,7,12,144,0,1,45,25
6.467969553846833,644.1744366862378,2,21,441,0,1,57,29
5.505655078973223,246.07960446509244,4,41,1681,1,0,38,51
6.555013425814816,702.7585848662362,5,39,1521,0,0,40,50
6.108276044538318,449.56302010398673,7,27,729,1,1,32,40
6.463326182902883,641.1902295762319,5,30,900,0,0,54,41
5.560138756006685,259.8588908034946,5,43,1849,1,0,22,54
6.759181707682764,861.9365910427435,3,43,1849,1,1,44,52
6.06796557082681,431.80131817777925,6,49,2401,1,0,51,61
6.844755336440201,938.9435276390091,18,33,1089,1,1,40,57
5.941617541790569,380.5499874712166,6,27,729,0,1,33,39
5.8339873519616,341.71851819532117,2,36,1296,1,1,50,44
6.144898730307839,466.3324213310063,7,39,1521,0,1,27,52
5.433286853947657,228.90037241811626,0,12,144,0,0,26,18
6.1045888005725315,447.9084238954356,0,46,2116,0,1,55,52
6.204510144120795,494.9764294294934,13,35,1225,1,1,54,54
5.970971813876971,391.88632632686347,5,53,2809,0,0,38,64
5.324341153611306,205.27307248017726,9,16,256,1,1,21,31
6.7395394490739085,845.17140173205,13,1,1,0,1,24,20
5.483489780037909,240.68518182054962,3,9,81,1,1,21,18
5.4684922899403645,237.10244140021038,5,11,121,1,1,37,22
6.882849487442575,975.4017988017829,15,22,484,0,0,34,43
6.303275577592907,546.3586223321678,0,25,625,0,1,35,31
5.9994204289667605,403.1950455933508,5,45,2025,1,1,31,56
6.9394970536073295,1032.250917506664,8,30,900,0,1,55,44
7.176205641275724,1307.936052473456,14,6,36,0,1,41,26
6.349522578550182,572.2194539486286,11,15,225,1,1,47,32
6.091939734766851,442.27848258090023,2,24,576,0,1,59,32
6.592038187378366,729.2657363861018,10,27,729,0,1,41,43
7.34005926922543,1540.8034331859856,14,39,1521,0,1,23,59
6.122394113411444,455.95499679791516,2,22,484,0,1,31,30
7.347637314258653,1552.5240646367126,13,30,900,0,1,40,49
5.699831960860974,298.8171837656647,1,49,2401,0,1,46,56
6.704680337375612,816.2170705149775,3,40,1600,0,0,42,49
7.469835467972189,1754.3180203271488,18,0,0,0,1,46,21
6.213733960669304,499.56312209710893,11,30,900,1,1,35,47
5.992378324123444,400.3656778547495,1,47,2209,1,0,51,54
6.503140388869803,667.2337196890703,16,18,324,1,0,55,40
5.5692605064980745,262.2401026676501,2,48,2304,0,1,36,56
6.879267433139334,971.9141068711862,9,47,2209,0,1,37,62
6.819012302984698,915.0807410660473,15,11,121,1,1,46,32
6.213095204402575,499.24412491381395,8,46,2116,1,0,26,60
7.434571808914647,1693.532408238418,10,30,900,0,1,57,46
7.306628116048128,1490.144115460952,14,33,1089,0,0,39,53
6.357826731679867,576.9910364737335,2,22,484,0,1,54,30
7.0318676744519575,1132.1431116053402,15,28,784,1,1,52,49
6.939017481405896,1031.7559973461848,11,7,49,0,0,45,24
5.8453663993368075,345.6291568776819,4,29,841,1,0,43,39
6.50123271914084,665.9620714479527,6,33,1089,1,0,43,45
5.238706008882031,188.4261228566549,8,5,25,1,0,50,19
6.732977802859916,839.6438407858843,17,36,1296,1,0,46,59
6.421328071833487,614.8190960884917,7,49,2401,0,1,28,62
6.259271950504085,522.838149456443,11,6,36,1,1,21,23
6.059388982628242,428.1137719747674,1,38,1444,1,1,25,45
6.993746450197196,1089.7967066819022,9,30,900,1,1,50,45
7.2732113765860325,1441.1711729909744,18,37,1369,1,1,44,61
6.280509375924176,534.0606321806974,8,47,2209,1,1,35,61
6.824233073307877,919.8706600962046,7,24,576,0,1,25,37
6.129836348049335,459.36097920799807,0,41,1681,0,1,42,47
6.114793010339166,452.5023743638605,5,17,289,1,0,24,28
7.1137411622771545,1228.735858171268,11,28,784,0,1,36,45
7.321130821559333,1511.9127069275846,18,18,324,0,1,28,42
7.806172191499228,2455.712424719811,16,34,1156,0,1,45,56
5.934092007563752,377.6968945049522,1,43,1849,1,1,32,50
6.3331316278692,562.9166820134083,10,2,4,0,1,26,18
6.924005274455063,1016.3827447328745,17,21,441,1,1,59,44
6.608505862370482,741.374475263554,10,14,196,0,1,37,30
7.314008447175763,1501.1825560295947,17,35,1225,0,0,56,58
6.203420145275837,494.4371996264531,7,7,49,0,0,43,20
7.45758938857925,1732.9655116738747,14,36,1296,0,1,51,56
5.683381575202043,293.9417372856249,8,9,81,1,0,26,23
6.390152595914619,595.9475119055415,14,5,25,1,1,39,25
6.3956474010981,599.2311405711016,6,32,1024,1,0,53,44
6.10822523091981,449.54017676056947,12,8,64,0,1,38,26
6.4945745491830325,661.5427115417705,12,36,1296,0,1,33,54
5.888466928514852,360.85164872617867,0,44,1936,0,0,51,50
6.518849741846818,677.7982937584948,3,50,2500,0,1,28,59
6.884240004100479,976.7590546759251,3,52,2704,0,1,55,61
5.639319862379648,281.271350177485,3,32,1024,1,1,45,41
7.747647955404323,2316.1183893295,12,14,196,0,0,39,32
5.919673039656785,372.28996991820367,1,42,1764,0,1,48,49
6.443548977318968,628.6338528793583,14,29,841,1,1,35,49
5.403387244848803,222.15764552753006,3,32,1024,0,0,50,41
5.768223107743409,319.9686773569649,5,47,2209,1,0,43,58
5.923071231129011,373.55723450352895,2,21,441,1,1,49,29
6.929390473459402,1021.8709323056813,6,44,1936,0,1,27,56
6.497678552645471,663.5993326371806,5,8,64,0,1,45,19
6.093858756623633,443.12803955423965,2,12,144,1,1,34,20
6.593436647910342,730.2862991778271,3,45,2025,0,0,29,54
7.451633872595735,1722.6754795097668,9,19,361,0,0,55,34
6.933147625743506,1025.7174785181155,8,5,25,1,1,58,19
6.317477809507396,554.1734971706409,5,8,64,0,1,43,19
6.601875672912449,736.4752812725108,10,29,841,0,1,27,45
6.401169807704681,602.5494927924715,6,28,784,1,1,20,40
6.67791779069281,794.6627340106706,17,31,961,1,1,29,54
6.553274101200962,701.5373219561866,3,40,1600,0,1,42,49
6.5298046700229575,685.2643457493152,4,40,1600,0,1,57,50
5.679276778864806,292.73763929824685,3,9,81,0,1,29,18
5.850852065907954,347.5303731411305,3,27,729,0,1,52,36
6.472760995599547,647.2683672530754,12,1,1,1,1,50,19
6.804044337845299,901.4858422357096,15,40,1600,1,1,57,61
6.860537087155511,953.879246227619,13,24,576,1,1,32,43
7.036021203427044,1136.8552801131054,10,33,1089,0,1,54,49
5.881763214462751,358.440692666876,1,16,256,0,0,51,23
6.9001182999136175,992.3921085618182,13,30,900,0,0,41,49
5.380956272510829,217.22990712159338,6,9,81,0,0,26,21
6.245300370175584,515.584067747562,10,12,144,0,1,25,28
5.9122063353144165,369.52054289625124,3,25,625,0,1,35,34
6.138715287495221,463.4577782269741,6,43,1849,0,1,31,55
6.146638759301565,467.1445596320229,15,20,400,1,0,28,41
5.632675144337565,279.408577017254,5,11,121,1,0,59,22
5.5401251695111275,254.70987937439693,5,40,1600,1,0,24,51
5.50948690297447,247.0243470874658,1,16,256,0,1,22,23
6.486300842929385,656.0918818484134,7,26,676,1,0,55,39
5.849834148465504,347.17679589927997,6,16,256,1,0,29,28
6.475016642391886,648.7300239403259,13,14,196,0,1,27,33
6.160740568963289,473.778810829473,8,36,1296,1,1,28,50
5.732124238435516,308.62416386507726,14,6,36,1,1,32,26
6.975404293477374,1069.9896916925768,17,0,0,0,1,38,23
6.765279072665246,867.2081881235941,11,16,256,0,1,42,33
7.006422530247883,1103.6989840104518,18,22,484,0,0,43,46
6.88108612513616,973.6833276251059,12,2,4,0,0,22,20
6.36095280725324,578.7975762777083,6,25,625,0,0,52,37
6.696882758916262,809.8773034061312,9,38,1444,1,1,42,53
6.2209790338425535,503.19563649814074,9,21,441,1,1,33,36
5.509866768429614,247.11820092829115,1,36,1296,0,0,38,43
6.469962773801322,645.4596985068454,13,1,1,1,1,52,20
6.435356347274373,623.5047274911173,12,18,324,1,1,42,36
6.547641061724657,697.5966439450821,5,26,676,0,0,46,37
6.533529716142507,687.8217473034806,8,35,1225,0,1,31,49
6.0762925939170715,435.4119497677589,12,6,36,1,1,26,24
6.955486472247344,1048.8886690879697,8,44,1936,1,1,55,58
6.875325485834613,968.0904140263826,12,32,1024,0,0,37,50
6.3504709150286525,572.7623679223726,4,47,2209,0,1,35,57
7.173095319093586,1303.8742699572683,13,37,1369,0,1,33,56
6.457856490177178,637.6926899949389,4,25,625,0,0,40,35
7.6656668378380735,2133.815216354279,8,43,1849,0,1,46,57
5.8480574609281915,346.5605188407588,7,5,25,1,1,44,18
6.566864912713365,711.1368685211014,6,16,256,0,1,57,28
6.343079265828125,568.5443178017607,7,32,1024,0,1,34,45
6.004608262097069,405.29218932123734,2,34,1156,0,1,29,42
7.161416587820823,1288.735247105483,14,20,400,0,0,49,40
6.408585527058857,607.0344397285879,7,35,1225,1,1,28,48
6.314910951685782,552.752836691661,0,41,1681,0,0,47,47
6.084019749098041,438.78947800798414,6,47,2209,1,1,37,59
7.586720672180752,1971.836600969792,18,28,784,0,1,30,52
5.883682606694203,359.12934163013307,1,17,289,0,1,57,24
6.083067451842543,438.3718188917142,13,14,196,1,1,21,33
7.728490803422806,2272.1704599719474,17,20,400,0,1,41,43
6.218045953696206,501.72188573809797,14,0,0,1,1,42,19
6.352733818188158,574.0599412821074,13,0,0,0,1,39,18
6.067181698552164,431.46297372304775,18,5,25,1,0,48,29
6.983801195142432,1079.0121171131932,18,0,0,1,1,45,22
6.291331169352725,539.871511377817,16,32,1024,1,1,31,54
6.4304455690940365,620.4503399281491,18,25,625,1,0,48,49
6.697130467266191,810.0779416254579,15,5,25,1,1,38,26
7.00533656861708,1102.5010598294368,18,34,1156,1,0,53,58
6.222868442400844,504.14727737634223,0,46,2116,0,1,46,52
6.684960158592478,800.2787933069249,18,12,144,1,0,49,36
6.9819317774698595,1076.996877042136,6,21,441,0,1,56,33
6.792492696987409,891.1321179335796,10,4,16,0,0,50,20
6.918718201794944,1011.0232358520025,4,27,729,0,1,47,37
6.634353815834543,760.7872982482688,16,19,361,1,0,44,41
6.124414713638917,456.87723098769254,10,34,1156,0,0,25,50
6.176801348550367,481.4495016340666,7,28,784,1,1,26,41
5.912095089153663,369.47943744098893,9,13,169,0,0,25,28
6.627780595184478,755.802875272047,11,8,64,0,1,54,25
7.227215921136222,1376.3851999434016,9,38,1444,1,1,44,53
7.384945930077621,1611.5406567597192,12,37,1369,0,1,40,55
7.365723845621504,1580.8593105596044,17,34,1156,0,1,36,57
6.775900281068258,876.4680755650578,9,22,484,0,1,45,37
6.680327302630172,796.5797920140217,18,28,784,1,0,36,52
6.995370604215286,1091.568142534888,16,20,400,0,0,26,42
7.011186241879798,1108.9692306999957,15,31,961,0,0,44,52
6.697311150528859,810.2243223748437,4,32,1024,1,1,53,42
6.292066244016248,540.2685031388056,2,38,1444,0,1,45,46
6.187712691823975,486.73152700605823,14,15,225,1,1,25,35
6.339629024642089,566.5860829143197,1,56,3136,0,1,29,63
7.050356516212986,1153.2698288915497,12,17,289,0,1,36,35
5.8173824238812655,336.0911570397175,7,6,36,1,0,33,19
5.91526283409446,370.651709809329,16,30,900,1,0,22,52
5.961938356200861,388.3621793655062,3,24,576,1,1,35,33
6.702601215512787,814.5218186871069,18,34,1156,1,1,24,58
5.775923604172491,322.44210610663475,8,39,1521,0,1,42,53
7.286172433017348,1459.97184901125,14,30,900,0,1,46,50
6.140648307864286,464.3545179813665,8,7,49,0,1,24,21
7.078842841096998,1186.5946452095777,8,36,1296,1,1,56,50
6.553379847230376,701.6115106649805,13,12,144,1,1,57,31
6.242403703539377,514.0927535431692,15,17,289,1,0,37,38
6.892024458173693,984.3922623085566,16,15,225,0,1,31,37
6.588697261058122,726.8333787192867,12,7,49,0,0,40,25
6.389829288005901,595.7548685050073,8,10,100,1,1,26,24
6.251466396439397,518.7729940486165,14,0,0,1,1,36,20
5.659795027137181,287.0897909084365,6,22,484,1,0,28,34
5.828634775976612,339.89433026870444,0,44,1936,1,1,43,50
6.1064864753695405,448.7592154303362,0,23,529,0,1,30,29
6.844210554300121,938.4321472826974,4,29,841,0,1,44,39
7.084682573441647,1193.5443126881148,8,25,625,0,0,56,39
6.747716534294645,852.1107735609991,11,46,2116,0,1,26,63
6.6074515349497895,740.5932357387782,5,36,1296,0,1,36,47
7.345258108906196,1548.834681712461,12,37,1369,0,1,38,55
6.620383167283687,750.2325065970965,7,42,1764,0,1,40,55
6.724539171876486,832.5882080659621,14,42,1764,1,0,28,62
5.92232242640081,373.27761778230575,5,14,196,1,0,27,25
6.493846376469705,661.0611695346774,5,33,1089,1,1,46,44
6.631296808684386,758.465117308099,3,35,1225,0,1,42,44
7.29066515813625,1466.5458577595139,10,35,1225,0,0,29,51
6.807180225191412,904.3172374289778,17,15,225,0,1,21,38
6.095688291472774,443.93949981630647,2,39,1521,1,0,26,47
6.059936155205082,428.3480881904171,2,42,1764,0,1,21,50
6.8992171078264635,991.4981755094252,11,28,784,0,1,35,45
5.508087207343367,246.6788300538225,5,53,2809,1,0,25,64
6.525693388058087,682.4528142630049,5,39,1521,0,1,35,50
5.70720734981997,301.0292240249846,7,9,81,1,0,44,22
6.678085339704348,794.7958901210359,14,16,256,0,0,29,36
6.292794382550642,540.6620367109521,17,0,0,0,1,28,21
7.2832444599840835,1455.7033428929242,15,31,961,0,0,51,52
5.984157831399451,397.08796537680365,5,23,529,1,1,51,34
6.497146263087856,663.2461996348202,16,39,1521,1,0,21,61
6.222863065400517,504.14456658355505,8,31,961,1,0,40,45
6.76885526106175,870.3150400160004,18,23,529,0,0,22,47
7.05072243475733,1153.6919089273201,17,23,529,0,0,53,46
5.971683786307501,392.165437935205,4,53,2809,1,1,48,63
5.522448925445189,250.24712395580403,5,12,144,1,0,39,23
6.505844670018756,669.0405492455931,11,35,1225,1,0,42,52
7.043250546685467,1145.1037768508236,10,42,1764,0,1,56,58
7.508730963218382,1823.8974805546122,15,33,1089,0,1,27,54
7.514555992477244,1834.5527402150612,16,19,361,0,1,55,41
6.474133090819583,648.1570906529993,8,32,1024,1,1,33,46
5.451601773480878,233.1312905160456,0,57,3249,1,0,42,63
5.758006251862399,316.71624659395684,2,40,1600,0,1,46,48
6.634719274003395,761.0653849926133,8,38,1444,0,1,34,52
7.024830485074358,1124.2039734990985,18,26,676,0,1,54,50
6.60754182429472,740.6601064357031,12,20,400,0,0,41,38
6.9445375381943375,1037.4670973395785,13,30,900,1,0,55,49
6.95423230279369,1047.5740095341664,18,16,256,0,1,34,40
5.468393609508513,237.07904518329332,6,38,1444,1,0,51,50
5.527668376633754,251.55669124262812,3,11,121,1,1,37,20
6.694600548296684,808.0311003371942,11,18,324,1,1,50,35
6.528749274543986,684.5415023668255,13,23,529,1,0,55,42
5.428655084121499,227.84261012672548,1,52,2704,1,1,44,59
5.560432987913121,259.9353608297491,0,42,1764,1,1,29,48
7.348600148843806,1554.0196083655035,17,0,0,0,1,59,20
6.1446960177349235,466.2378994667534,7,44,1936,1,1,33,57
6.198907935142727,492.2112209027387,2,55,3025,1,1,45,63
6.261776024223955,524.1490152936192,5,30,900,0,1,38,41
6.2999455746543696,544.5422724180283,12,31,961,1,1,49,49
7.155404374926544,1281.0103415929302,8,50,2500,1,1,58,64
6.4248974630940285,617.0175472289046,8,25,625,1,1,31,39
7.296105960909417,1474.5467905408398,8,26,676,0,1,50,40
6.010043758434996,407.501151496414,14,0,0,1,0,37,19
6.722518878666306,830.9078337582814,12,26,676,0,1,21,44
7.127698668908495,1246.0061920885128,15,38,1444,1,0,33,59
6.431584051061579,621.1571137001703,1,12,144,0,1,39,19
6.270093948614947,528.5270299277039,13,24,576,1,0,58,43
6.194443268046296,490.0185600528924,5,23,529,0,1,39,34
5.680244655695095,293.02111043712137,1,50,2500,0,0,53,57
7.0442742307656125,1146.2766015558702,7,37,1369,0,1,53,50
6.0936946651780275,443.0553319991479,3,17,289,0,1,56,26
6.746508650165923,851.0821438395226,13,41,1681,1,1,22,60
7.033705067799992,1134.2252160643002,10,40,1600,1,1,54,56
7.71911594930259,2250.9687302162697,13,27,729,0,0,52,46
6.356471265570173,576.2094744882509,11,42,1764,0,0,38,59
7.790118998649422,2416.60513783291,15,22,484,0,1,50,43
5.93647870164135,378.599418041563,5,41,1681,1,0,41,52
6.812312891180682,908.9707279472377,0,36,1296,0,1,46,42
7.295418730690898,1473.5337855514488,11,24,576,0,0,57,41
6.63728119650802,763.0176752703038,6,18,324,0,0,47,30
6.131379212799391,460.07025809036304,7,11,121,0,1,40,24
6.663105116135447,782.9784052710472,8,39,1521,0,1,39,53
6.330865327741404,561.642388376349,1,55,3025,0,1,57,62
6.526082091438438,682.7181375415256,16,15,225,1,1,32,37
6.274015643614884,530.6038213478671,12,0,0,1,0,48,18
6.629583727973694,757.1669176238044,4,15,225,0,0,40,25
6.154378352930786,470.7740961406816,9,48,2304,1,0,52,63
6.71451555035091,824.2843458934975,11,16,256,0,1,51,33
6.57109321315858,714.1501348671992,16,9,81,1,1,47,31
6.790406940174456,889.2753700827278,5,18,324,0,1,33,29
5.746529493679084,313.102149547438,2,32,1024,1,0,41,40
7.379233729452187,1602.3614548927678,14,12,144,1,1,56,32
6.7825741973425,882.3371130664113,6,33,1089,0,0,53,45
6.337692434717809,565.4898997861034,5,40,1600,1,1,36,51
6.836241108400613,930.9830849296858,3,10,100,0,1,52,19
6.981109280467498,1076.1114145342635,18,25,625,1,1,52,49
5.7627700682453735,318.22862412250896,4,30,900,0,0,57,40
6.043528164175796,421.37710292841194,2,31,961,0,1,45,39
6.349426046292962,572.1642189791345,8,28,784,1,0,58,42
6.396235443321752,599.5836174089591,5,28,784,0,1,26,39
7.311307956357224,1497.134095196074,12,21,441,0,1,44,39
6.474830907540637,648.609543354897,3,50,2500,0,1,49,59
5.887842716390139,360.6264710384542,1,16,256,1,0,52,23
6.450303802810457,632.8945387479416,3,23,529,0,1,58,32
6.689717175545014,804.0948023070903,7,47,2209,0,0,47,60
6.802411991169394,900.015505194135,12,36,1296,1,1,37,54
7.154769031178426,1280.19671817377,9,35,1225,0,1,29,50
6.973666979940113,1068.132397934413,17,2,4,0,1,21,25
6.87415076544698,966.9538461853635,8,47,2209,0,1,33,61
6.507214226365126,669.9574657168571,0,55,3025,0,0,32,61
6.077698400072941,436.024485019116,12,4,16,0,0,20,22
7.5597849160130295,1919.4326297500957,17,33,1089,1,1,51,56
6.586484371074041,725.226754712131,14,1,1,0,0,44,21
5.762945741682684,318.2845333494985,1,16,256,0,1,29,23
6.534181386880983,688.2701266914811,10,46,2116,0,0,34,62
7.5352140538354,1872.8452055527873,13,30,900,0,1,48,49
6.7399543108646185,845.5221037946424,14,27,729,1,1,36,47
6.767601384593943,869.2244563392352,13,45,2025,0,1,59,64
7.196449274521243,1334.6832470056481,15,31,961,0,1,42,52
7.368368801326954,1585.04614797148,14,37,1369,0,0,26,57
7.260176295949922,1422.5072973717902,18,9,81,1,1,55,33
5.611074280396965,273.4378291765738,8,16,256,0,1,25,30
5.855635267653568,349.1966629518368,4,49,2401,0,1,21,59
5.92127464944736,372.8867109245157,4,37,1369,1,1,51,47
5.965941011907734,389.91977463832956,10,20,400,0,1,24,36
6.00291765742276,404.6075793170061,3,25,625,1,1,38,34
7.050936197764915,1153.9385519402356,17,13,169,1,1,21,36
5.92726659021611,375.1277333416072,2,37,1369,0,1,42,45
6.35522279901121,575.4905451014243,3,34,1156,0,1,59,43
6.4877362257799565,657.034301088418,13,35,1225,1,1,23,54
5.251376604130808,190.828783419116,6,31,961,1,0,23,43
6.760745227137593,863.2852997630761,7,27,729,1,0,30,40
6.988811095574398,1084.4314241441598,15,5,25,0,0,39,26
6.699541343040636,812.033295020305,14,9,81,0,0,33,29
5.629015635039414,278.38794737253676,6,6,36,1,0,54,18
6.327132333191256,559.5496888495621,16,0,0,0,1,33,18
6.110586962012237,450.6031244775827,11,47,2209,1,1,22,64
7.582961221371843,1964.4374952667847,17,28,784,0,0,34,51
6.55530781264112,702.9654981904768,13,30,900,1,1,40,49
6.923209524682216,1015.5742801050603,14,22,484,0,1,21,42
7.277077985923755,1446.7544060401528,14,37,1369,0,1,40,57
6.850810757486622,944.6464754865302,4,52,2704,1,0,29,62
6.418344470078799,612.9874545577834,15,0,0,0,0,46,18
5.91837028994852,371.8052850485878,4,23,529,0,1,38,33
5.101963165191112,164.344225677484,1,49,2401,0,0,31,56
5.595937961772361,269.3301530423949,8,8,64,1,0,35,22
7.061250193573986,1165.9018580202246,8,25,625,1,1,27,39
6.495574868565459,662.2047966314939,3,37,1369,0,0,56,46
7.036940493789567,1137.9008607381584,14,0,0,0,0,44,20
6.886813171815053,979.2756559703605,10,13,169,0,1,43,29
5.776996314024293,322.78817851494637,0,37,1369,1,0,59,43
7.429581913218647,1685.1029068204818,17,10,100,0,1,37,33
5.452336068325594,233.30254048710435,0,48,2304,0,0,40,54
6.4753952783484126,648.9757029619888,7,26,676,0,0,27,39
7.2195242405090445,1365.839095194219,15,25,625,1,1,38,46
7.193976452409036,1331.3868900915197,17,8,64,1,1,49,31
6.519390893525368,678.1651847057528,8,31,961,0,0,46,45
6.967078767223068,1061.1184445650172,11,5,25,0,0,55,22
6.930107313917181,1022.6037133447549,18,40,1600,1,1,55,64
7.114762449743964,1229.9913917244487,17,24,576,1,0,45,47
6.35738854080407,576.7382596524271,4,53,2809,0,1,39,63
5.635253593037984,280.12994730803143,1,15,225,0,1,33,22
5.962870112775925,388.72420701426563,6,17,289,0,0,52,29
5.989131045643854,399.0676876135625,9,18,324,1,0,28,33
6.626514806605162,754.8467938504397,14,23,529,1,0,42,43
6.457930802313051,637.7400800615693,6,31,961,0,1,49,43
6.012475101309815,408.49313195122227,4,28,784,0,1,47,38
7.45355558712153,1725.9891529493825,14,36,1296,0,0,50,56
7.264473376411367,1428.6330777451751,14,33,1089,1,1,45,53
7.74817293255464,2317.3346177794665,9,35,1225,0,1,55,50
6.498949922996427,664.4435496961643,13,28,784,1,0,55,47
6.4163205238843295,611.7480555933673,9,39,1521,1,1,30,54
7.518113075407741,1841.090016376175,16,18,324,0,1,31,40
6.972737647795471,1067.1402092700982,13,8,64,0,1,21,27
5.908043530481986,367.9854982569461,1,15,225,1,0,59,22
7.166588831311955,1295.4181675464854,15,32,1024,0,0,23,53
6.624690716321168,753.4711401875486,12,33,1089,1,1,51,51
6.943655244172967,1036.5521500078603,8,34,1156,0,1,53,48
5.621172543082405,276.2130651510145,6,15,225,1,1,24,27
6.572258303406837,714.982669119718,15,15,225,1,0,24,36
6.692110787247301,806.0217983557461,9,34,1156,1,1,23,49
7.187523217349955,1322.822800297832,8,4,16,0,0,31,18
6.700518742693969,812.8273640795494,6,10,100,1,1,54,22
6.922128566539573,1014.477079938087,15,41,1681,0,1,56,62
5.957884849205251,386.7911368217275,8,7,49,0,0,53,21
7.7627394101293525,2351.337067257076,16,11,121,0,1,47,33
6.36810558687903,582.9524294490295,6,29,841,0,0,26,41
7.029776331818085,1129.7778865584526,10,17,289,0,1,59,33
6.132105345540645,460.40445148773927,7,6,36,0,1,30,19
6.101277225162135,446.4275946648838,6,33,1089,1,1,51,45
6.54143890707953,693.283431112171,18,25,625,1,1,51,49
6.7662384871427435,868.0405994641789,11,27,729,0,1,50,44
5.952510721690736,384.7180474437444,6,25,625,1,0,39,37
6.533987873153343,688.1369498598303,7,28,784,0,1,25,41
6.069365010820517,432.4060212359056,6,17,289,0,0,37,29
5.775688652812467,322.3663567943263,5,41,1681,1,1,40,52
6.3448221200838395,569.5360716757925,8,36,1296,0,1,22,50
6.851067410552594,944.8889530156933,12,32,1024,1,1,47,50
6.458968953933276,638.4024947429115,6,48,2304,0,0,47,60
6.638507772252661,763.954148453759,7,41,1681,0,1,51,54
7.149535861589226,1273.5147308758283,16,7,49,0,1,58,29
6.756570573555207,859.6888947893494,16,0,0,1,1,43,20
6.287529308391345,537.8228917057131,15,0,0,1,1,26,18
5.776441610018606,322.60917627055636,1,43,1849,1,1,38,50
6.228308677459271,506.8974310276622,7,44,1936,1,1,20,57
6.448864707015679,631.9843979256814,16,5,25,0,1,52,27
6.750475078396952,854.4646037895303,12,42,1764,1,1,52,60
7.116351257079366,1231.9471643316197,17,38,1444,0,0,30,61
6.620294382320864,750.1659001887574,9,31,961,0,0,42,46
5.44621461051786,231.8787511084257,1,23,529,1,0,47,30
6.249104237268834,517.5490158480789,1,22,484,0,1,36,29
6.582466556043444,722.3187735336227,13,29,841,0,1,29,48
5.9503514808109115,383.88824470289836,15,42,1764,1,0,27,63
5.733642685414001,309.09314926880916,6,7,49,1,1,28,19
6.427339409036447,618.5261118917967,11,35,1225,1,1,38,52
6.241018800234227,513.3812775660646,13,21,441,0,0,27,40
6.008672315360331,406.9426699146604,3,25,625,0,0,24,34
5.7794973344066065,323.5964887073767,3,34,1156,1,0,33,43
6.828630016065405,923.9241837581337,17,2,4,1,0,52,25
6.3318947984136615,562.2208804627068,2,38,1444,0,0,57,46
5.517022566381437,248.89287086136434,0,37,1369,1,0,31,43
5.970382738441175,391.65554369926207,16,5,25,1,1,22,27
6.168669282583482,477.5501987099028,6,31,961,0,0,59,43
6.6792794614597355,795.7455400705104,15,30,900,1,0,48,51
6.190408119524429,488.0452463690317,4,48,2304,0,1,41,58
7.459814698158592,1736.8261904372148,18,0,0,0,1,53,24
6.35614993827762,576.0243524018526,6,9,81,0,1,25,21
6.169673229091537,478.0298743083505,13,43,1849,1,0,54,62
5.663756746901585,288.22941615461224,1,21,441,1,1,58,28
5.371522222133713,215.1901857794733,2,38,1444,1,1,35,46
6.875885885914424,968.6330840136175,16,31,961,1,1,50,53
7.3492178345553105,1554.9798005909688,15,21,441,0,0,34,42
6.499506292637918,664.8133287730868,7,25,625,0,1,20,38
7.54783575504772,1896.6335067659184,17,30,900,0,1,39,53
6.877720853277927,970.4121258526629,14,7,49,0,1,42,27
6.036089611213638,418.2542960128223,6,42,1764,1,1,39,54
6.932571742565269,1025.1269551291766,8,12,144,0,1,51,26
6.461540264248096,640.0461379153746,5,30,900,1,1,44,41
7.676021367649183,2156.02465533833,17,29,841,0,1,27,52
7.307623211502506,1491.6276891228968,17,29,841,0,1,52,52
7.175703479931712,1307.2794224283753,13,34,1156,0,1,49,53
5.962556268135634,388.6022271477076,13,16,256,1,1,22,35
6.692689403647814,806.4883107402891,13,37,1369,0,0,43,56
5.94165047013036,380.5625185568242,3,40,1600,0,1,31,49
6.386981436520047,594.0606606886928,3,32,1024,1,1,50,41
6.736500678314032,842.607017850082,14,20,400,1,1,26,40
7.49003063969345,1790.1069393312746,14,29,841,1,1,59,49
6.674707933814001,792.1160697680037,17,31,961,0,1,36,54
6.6504915577132735,773.1642870099093,13,10,100,0,1,29,29
6.625871689649376,754.3614951469331,0,24,576,1,0,34,30
6.6720215826612925,789.9910234391775,9,25,625,1,1,40,40
6.412645259712483,609.5038464393471,9,27,729,1,1,40,42
6.9838696332917225,1079.0859652325364,9,37,1369,0,0,48,52
5.510487146684164,247.27155525037546,1,51,2601,0,1,20,58
6.065379283326687,430.68599871611724,7,34,1156,0,0,40,47
5.6514328885313,284.69911579358165,0,28,784,1,1,24,34
6.089680358411043,441.280337052487,0,31,961,0,1,34,37
6.406626056644527,605.8461383044112,3,33,1089,1,1,45,42
6.690655654055698,804.849782210404,6,27,729,0,1,30,39
5.763321874406968,318.40427309573124,8,16,256,1,0,40,30
7.090702756632308,1200.7513401426627,15,15,225,0,1,25,36
6.529716364555681,685.2038358327736,4,43,1849,0,1,23,53
6.362878627415778,579.9133103268613,1,22,484,0,1,40,29
6.755488854920682,858.759456078178,10,42,1764,1,1,36,58
6.935947714679546,1028.593603504907,17,13,169,1,0,50,36
7.358876995063115,1570.0723735196734,18,5,25,0,1,42,29
6.290055825275032,539.1834283076644,12,8,64,1,0,51,26
7.156168299527712,1281.989310788941,10,8,64,0,0,55,24
7.504745628057246,1816.6431029598084,18,21,441,1,1,53,45
6.407313095280483,606.2625210280023,16,9,81,1,1,25,31
5.779355009137702,323.5504360274126,4,38,1444,1,1,57,48
7.721142927927387,2255.5360230562037,12,18,324,0,1,41,36
5.70508206139071,300.3901294689858,0,58,3364,0,1,52,64
5.536998706484594,253.91478192308992,9,18,324,1,0,30,33
6.714338857005753,824.1387132016037,7,9,81,0,1,42,22
6.838707015454279,933.2816355269906,7,39,1521,0,1,55,52
7.007420791911309,1104.8013145097489,18,5,25,1,1,47,29
6.021682208086091,412.27153924264286,5,31,961,0,1,38,42
6.755904388675319,859.1163737698303,11,21,441,1,1,32,38
6.722033510112253,830.5046350823533,6,41,1681,1,1,32,53
6.65156742467908,773.9965565508193,15,19,361,1,1,27,40
6.323272072586867,557.3938449662329,8,19,361,0,1,32,33
6.465843120941478,642.8060983227433,9,41,1681,0,0,54,56
6.898623636537872,990.9099243819124,9,47,2209,0,0,46,62
7.078465571701903,1186.1470638002493,9,44,1936,0,1,30,59
6.99499650131443,1091.159860100867,15,35,1225,0,0,40,56
5.676555928174061,291.94222648061736,0,25,625,0,1,27,31
7.24308790133753,1398.4054487870799,16,26,676,0,0,45,48
6.713951895895833,823.8198652652692,13,3,9,0,1,49,22
6.427811678704582,618.8182920018635,18,28,784,1,0,41,52
6.631144893742138,758.3499038751487,16,18,324,0,0,58,40
6.689386617279854,803.8290460505987,13,27,729,0,0,29,46
5.8924434230248135,362.2894300965348,7,47,2209,1,0,45,60
6.538931448885268,691.5472295280025,8,14,196,1,1,46,28
6.264801046631411,525.7369784108122,7,22,484,0,1,41,35
5.702915533663421,299.7400304075967,12,46,2116,1,1,32,64
7.171416145243174,1301.686675568593,16,7,49,0,1,58,29
7.162779390581561,1290.4927363416853,18,2,4,0,1,26,26
6.63841078368288,763.8800572265815,6,15,225,1,1,31,27
7.388147265664739,1616.7080060106634,16,39,1521,1,0,32,61
5.568939762933885,262.15600433016834,0,28,784,1,1,31,34
5.684755489848429,294.3458656990682,4,45,2025,1,1,31,55
5.996354448639685,401.9607506444911,5,13,169,1,0,57,24
5.701097879631224,299.1957015833224,1,56,3136,1,1,22,63
6.660645187047519,781.0547009748474,15,9,81,0,1,27,30
5.824977899154687,338.65364846332005,4,47,2209,1,0,50,57
6.421318868459475,614.8134377044393,4,49,2401,0,0,32,59
6.139345751044454,463.750063590707,11,9,81,0,1,27,26
6.427669521545465,618.7303288039105,2,36,1296,0,1,56,44
6.763082253978408,865.3051800177577,15,0,0,1,1,43,19
6.418713062803663,613.2134389195035,5,11,121,1,1,47,22
6.975754591859048,1070.3645730063101,14,26,676,1,1,23,46
7.756993843886417,2337.8660407734396,14,34,1156,0,0,35,54
7.266572343282886,1431.634880487096,15,34,1156,0,0,37,55
6.478922874786661,651.2690699987533,12,18,324,0,0,23,36
6.530546561013179,685.772925825508,11,8,64,0,1,59,25
6.387036173621406,594.0931787372541,9,47,2209,1,1,52,62
5.915855833208389,370.87157112716255,13,0,0,0,1,46,18
6.222237801486583,503.82944170703763,1,32,1024,1,1,55,39
6.106943688696048,448.9644410363899,2,26,676,0,1,23,34
6.307116315620056,548.4610775748306,8,10,100,0,0,55,24
5.883944644895958,359.2234595677202,10,26,676,1,0,32,42
6.572900642901598,715.4420782586845,10,46,2116,0,0,33,62
6.566679388811807,711.0049478723068,9,6,36,0,1,56,21
6.532435834171366,687.0697628608431,13,34,1156,0,0,25,53
6.053735986155398,425.7004739411375,8,9,81,1,1,33,23
6.395426037923323,599.098507543975,9,33,1089,1,0,22,48
6.271576961622751,529.3114238775165,8,22,484,1,1,44,36
6.0144159694641655,409.2867331508225,4,51,2601,1,1,53,61
6.037917021096216,419.01931683719965,7,43,1849,1,1,25,56
6.6559577850455245,777.4021507791173,10,28,784,1,1,59,44
5.49306699354813,243.00134870418506,0,21,441,1,0,20,27
6.7949947415753185,893.3645618989043,9,28,784,0,1,27,43
5.939277381055654,379.6604805334066,0,30,900,0,0,36,36
6.15460780472886,470.88212849716285,6,44,1936,1,1,32,56
6.674520733798622,791.967799506092,13,1,1,0,1,38,20
5.8618371344226095,351.36906363836107,4,52,2704,0,1,54,62
6.465502694707151,642.587307506469,16,8,64,1,1,52,30
6.625483225164427,754.0685094082168,5,34,1156,0,1,52,45
7.015795041087356,1114.0920431508193,15,16,256,1,1,58,37
6.870258698992771,963.1977118616059,10,29,841,1,0,57,45
6.577708156515068,718.8898567701546,9,10,100,0,1,57,25
6.068869777902544,432.1919325565158,14,38,1444,1,1,28,58
6.645472017311534,769.2930815982334,6,44,1936,1,1,56,56
4.768287514233938,117.7174797440377,1,11,121,0,0,20,18
6.00054762829535,403.64978301974685,11,3,9,1,0,55,20
6.3653991583552125,581.3768434331395,18,6,36,1,1,57,30
7.421504088311818,1671.5457703946074,11,28,784,0,1,21,45
6.690064891291578,804.3744473472569,15,21,441,0,1,29,42
6.305404141838565,547.5228203565549,5,39,1521,0,0,42,50
5.972710475390198,392.56827666862296,2,47,2209,0,1,28,55
5.048291813507466,155.75617651953164,1,16,256,0,0,30,23
6.754621271979198,858.0147341239904,4,51,2601,1,1,55,61
7.302816307426543,1484.4747833433157,10,46,2116,0,1,57,62
5.792690928006166,327.89417791029734,2,41,1681,1,0,54,49
5.532321101831286,252.72984245733963,2,54,2916,0,1,32,62
5.634639050211199,279.9578483448536,4,54,2916,0,0,38,64
6.05719713192357,427.17643812517645,10,22,484,1,1,54,38
5.984384908758076,397.1781453016453,2,25,625,1,1,49,33
6.808691408506347,905.6848596532644,12,20,400,0,0,37,38
6.577060794122059,718.4246251151521,7,15,225,0,0,31,28
6.471782127091499,646.635086631911,9,39,1521,1,0,31,54
6.401526720510613,602.7645888056345,1,46,2116,0,1,40,53
6.331991762240391,562.2753981938249,3,43,1849,0,1,31,52
7.479049195220596,1770.5565217575088,17,13,169,0,1,47,36
6.94628568164615,1039.2823248290092,18,13,169,1,1,48,37
6.749864828738428,853.9433261277816,3,26,676,0,1,58,35
5.933861408115648,377.6098078509819,8,50,2500,1,1,23,64
6.810788444368955,907.58610607841,15,37,1369,1,0,50,58
5.998589246558605,402.8600562023284,5,20,400,1,0,43,31
6.253849693687414,520.0108588115863,3,23,529,0,0,37,32
6.405644843017366,605.2519653705056,8,34,1156,0,0,45,48
7.112333636573442,1227.0075974388467,12,0,0,0,1,39,18
6.8864512378370675,978.9212869696104,8,6,36,0,0,27,20
5.531039176853402,252.40606933040502,5,22,484,1,0,52,33
6.7220655661849635,830.5312582260367,18,16,256,1,0,23,40
7.12809542026773,1246.5006448197491,13,9,81,1,1,57,28
6.367934930724612,582.8529535175427,14,9,81,1,1,41,29
6.080426205024997,437.2154984562253,2,19,361,1,0,55,27
6.090683415811001,441.72318862566715,4,39,1521,0,0,50,49
6.195425708788365,490.50021080858096,17,10,100,1,0,27,33
6.373503245948033,586.1075152952993,13,6,36,0,0,28,25
6.544857784105164,695.6577383265296,15,34,1156,1,1,37,55
6.748080090032442,852.4206196417135,13,10,100,0,0,54,29
5.8779216671983185,357.06636726263065,8,27,729,1,0,43,41
6.940897072522697,1033.6971004220807,14,25,625,0,0,36,45
5.641768234799639,281.9608509266662,6,13,169,1,0,20,25
7.048306347580321,1150.9078533147963,13,26,676,1,1,58,45
6.084899419751195,439.17563805662996,5,42,1764,1,0,34,53
6.794331815023234,892.7725230709419,14,23,529,1,1,32,43
6.508276988710645,670.6698497649404,7,12,144,0,0,42,25
6.038759167224267,419.3723409605381,1,38,1444,0,1,48,45
6.8209712160328815,916.8750615549877,7,32,1024,1,1,50,45
5.935076050761504,378.06874749449753,0,48,2304,1,0,56,54
7.052759049291749,1156.0439289033422,16,36,1296,1,1,47,58
7.522339994516996,1848.8886253815954,18,29,841,0,1,51,53
5.460394417487772,235.19016918962646,4,34,1156,0,0,26,44
6.626782374370475,755.048793543322,15,13,169,0,1,33,34
6.853600235773941,947.2852249752441,6,14,196,0,1,33,26
6.085141060562355,439.28177363687934,6,38,1444,0,0,51,50
6.91755893057003,1009.8518648065179,17,14,196,0,1,28,37
6.875835256146831,968.5840435871545,17,7,49,0,1,25,30
5.885231634763798,359.6860741467584,1,38,1444,1,1,34,45
7.182742260514325,1316.5135357669699,14,26,676,0,1,49,46
6.853684200973768,947.3647673077993,13,11,121,1,1,49,30
7.089768807011707,1199.630422405925,17,40,1600,1,1,35,63
6.739908744841007,845.4835775922467,8,38,1444,0,0,42,52
6.948634155711066,1041.725920652601,13,4,16,1,1,50,23
6.0866541924884645,439.9469680496614,4,25,625,1,1,31,35
6.442736674103234,628.123418920785,10,6,36,0,1,40,22
5.567782641556546,261.85283344994036,7,51,2601,0,1,22,64
6.985703438780805,1081.0666145064754,4,32,1024,0,1,22,42
6.911054182403317,1003.3043507915406,10,3,9,1,1,57,19
6.4891809888385525,657.9842460323042,4,17,289,0,0,41,27
7.4448785182145025,1711.0774147867473,16,25,625,0,1,40,47
5.861234547886606,351.1573971515368,3,53,2809,1,1,35,62
6.488257260833608,657.3767281912517,14,2,4,0,0,37,22
7.028017996293616,1127.793103434465,18,26,676,1,1,23,50
6.158175787466621,472.5652286537545,1,11,121,0,1,39,18
6.418500872342001,613.0833346807293,16,13,169,1,1,32,35
6.7679888933184,869.5613536706892,11,32,1024,0,0,50,49
6.856913012225126,950.4285728908553,16,42,1764,0,0,21,64
6.901037491411646,993.304726321705,9,13,169,0,1,49,28
7.354253114673854,1562.8293051079213,17,15,225,1,1,50,38
8.009316765722204,3008.8606537049573,18,19,361,0,1,47,43
6.6806970520774165,796.8743814105823,17,19,361,1,0,28,42
7.148496747516194,1272.192091102573,12,21,441,1,1,30,39
6.949981357661345,1043.1302816110679,13,25,625,1,1,54,44
7.614474652858545,2027.329427252362,15,9,81,0,0,56,30
7.347042054423827,1551.6001844201073,17,27,729,1,1,36,50
6.993999496257025,1090.0725103385857,17,28,784,1,1,45,51
7.730306926737722,2276.300751143566,15,37,1369,0,0,23,58
6.426801058561538,618.1932176806343,16,30,900,1,0,52,52
6.180299575483306,483.1366705768775,6,6,36,1,0,36,18
6.119910305655901,454.8238975387539,11,21,441,1,0,27,38
5.410885158746724,223.82962477062614,1,16,256,0,1,45,23
7.3513375392271225,1558.279394385582,9,30,900,1,1,39,45
6.682226762517933,798.0943012958131,4,24,576,0,1,57,34
6.09763790841818,444.80585604485685,2,14,196,0,1,52,22
7.695463405035494,2198.352301849064,18,24,576,0,1,59,48
6.970974139677343,1065.259957255008,12,4,16,0,1,36,22
6.550114311510891,699.324110042604,11,38,1444,1,1,28,55
6.723600717126533,831.8072282217865,2,12,144,0,1,39,20
6.167129355904012,476.8153723526916,5,29,841,0,1,27,40
6.598233522733754,733.7978065375437,13,35,1225,0,1,25,54
6.046912863135179,422.80575398316336,3,45,2025,0,0,28,54
6.442560186003066,628.0125723937427,12,9,81,1,1,30,27
6.140593096148842,464.32888087959526,18,3,9,1,1,24,27
6.4456310949989835,629.9441061160571,17,13,169,0,0,27,36
5.646147669334483,283.1983878928133,2,26,676,1,0,54,34
6.381453837779557,590.7859905979764,5,27,729,0,1,44,38
6.573241871166889,715.6862489745705,15,10,100,1,1,55,31
6.581001894653437,721.2615955076602,2,18,324,1,1,58,26
6.686749437301235,801.7119969308545,11,46,2116,0,1,25,63
7.119617379903416,1235.9774331768385,18,0,0,1,1,43,18
6.83213298980382,927.1663411909677,18,38,1444,0,1,40,62
6.577086747060692,718.4432705873114,3,21,441,0,1,55,30
5.746195037477039,312.9974481016483,0,15,225,1,1,37,21
5.882461136577224,358.6909436707122,1,11,121,1,1,20,18
7.162052021706264,1289.5544133862993,12,39,1521,0,1,48,57
6.1245840367419175,456.9545974079101,12,31,961,1,0,36,49
5.825363653122732,338.78431065211635,1,44,1936,1,1,24,51
7.4038575343621895,1642.3074840088211,18,21,441,0,1,25,45
6.932606275586909,1025.1623564717556,15,27,729,0,1,27,48
6.3073684067903395,548.5993571985351,11,8,64,1,1,44,25
5.812634201676941,334.4991042465454,0,50,2500,0,1,38,56
7.5425010444618605,1886.5424562687037,8,29,841,0,1,58,43
6.821879942131734,917.7086285374841,16,29,841,1,1,28,51
5.944781379657651,381.755892570091,9,5,25,1,0,47,20
7.166915276415925,1295.8411194964153,17,6,36,0,1,50,29
6.228206581473237,506.84568147637884,18,0,0,1,1,20,18
6.2365448248689495,511.089552760085,6,49,2401,0,0,29,61
6.786373256221213,885.6955390996411,18,0,0,0,1,41,22
6.5583721447186445,705.1229217588905,14,27,729,1,1,20,47
5.822359054255653,337.76792737279777,8,33,1089,1,1,32,47
6.708275932319514,819.1571389669707,9,19,361,0,1,33,34
6.268401910457012,527.6334981836507,3,55,3025,0,1,42,64
6.047353542580304,422.99211684835046,5,29,841,1,1,58,40
6.557049761260627,704.1910951231424,3,23,529,0,1,47,32
6.35529727372181,575.5334061892378,4,44,1936,0,1,48,54
7.421619332436306,1671.738417323958,8,24,576,0,1,59,38
6.302615027006943,545.9978439933293,11,14,196,1,0,52,31
6.292258966306808,540.3726349561869,7,6,36,0,0,21,19
6.638504015382567,763.9512783826573,4,18,324,0,1,52,28
6.322516275555811,556.9727275127852,10,40,1600,0,0,43,56
6.403005830249925,603.6568034584773,10,39,1521,0,0,31,55
7.67584234488447,2155.6387123910595,12,33,1089,0,0,59,51
7.563464050690848,1926.5074875969108,13,36,1296,0,1,47,55
6.266358290422427,526.5563168454196,7,38,1444,0,0,54,51
6.6587743842304565,779.5948675959552,17,12,144,1,0,29,35
7.461378596894605,1739.5445357754934,18,23,529,0,1,53,47
6.298551136159832,543.7834708854538,11,15,225,0,0,24,32
6.871864477662586,964.7456366818441,11,27,729,1,0,37,44
7.0475101629736665,1149.9918828874731,17,28,784,1,1,25,51
5.978775505232288,394.9564498317682,9,40,1600,1,1,30,55
6.370325124753812,584.24775142171,6,38,1444,0,1,20,50
7.807969040907441,2460.128936852228,17,18,324,0,1,42,41
6.402801617600315,603.5335416894226,11,15,225,1,1,23,32
6.593984711503018,730.6866522100761,13,28,784,1,1,26,47
7.024041677742145,1123.3175428193713,14,39,1521,0,1,36,59
6.789534135199249,888.4995447367529,15,13,169,0,0,30,34
4.80049686287392,121.57080653528222,1,15,225,1,1,46,22
7.373915195476184,1593.8618637706784,17,23,529,0,1,31,46
6.356455594493902,576.2004447363811,11,4,16,0,1,53,21
6.17033202304754,478.34490125786505,15,6,36,0,0,27,27
6.695041162799083,808.3872090059532,12,16,256,1,1,42,34
6.5037063410942615,667.6114489752445,16,5,25,1,0,45,27
6.905210289795547,997.4582465528339,17,11,121,1,1,53,34
6.319158276316164,555.1055502617361,2,29,841,0,1,51,37
6.395068323342541,598.8842395981711,9,26,676,0,1,25,41
5.031186133376175,153.1145192705149,0,16,256,0,1,20,22
5.773818703370219,321.764111265075,5,40,1600,1,0,23,51
6.094702804337412,443.5022186532288,2,15,225,1,1,44,23
6.042779715229484,421.0618416729193,18,0,0,1,1,27,19
6.058782183177719,427.8540715741706,3,21,441,0,0,59,30
5.848871061048366,346.8425952536773,2,52,2704,1,1,39,60
6.4594730799834155,638.7244112074055,7,47,2209,0,1,33,60
6.3952042952170505,598.9656765472852,7,15,225,0,0,52,28
6.264350627183006,525.5002295731334,6,52,2704,0,1,22,64
5.5124440302657,247.7559106560306,1,33,1089,0,0,34,40
6.172384919627954,479.32790252465674,5,22,484,1,0,46,33
7.124622325786716,1242.178939499266,15,27,729,0,1,38,48
6.293198395100458,540.8805150900246,9,13,169,1,1,20,28
6.47964638166551,651.7404381493667,3,24,576,0,1,54,33
6.994127702361941,1090.2122732482494,12,7,49,0,1,52,25
6.511937878243676,673.1295976836177,9,6,36,0,0,36,21
7.232383713763517,1383.516483859497,13,38,1444,0,1,32,57
6.5390705239403255,691.6434131852425,8,7,49,0,1,31,21
7.6314931109421416,2062.126706297898,10,26,676,0,1,58,42
6.575950447397107,717.6273673836954,17,0,0,0,1,45,20
6.218525878931974,501.9627325220029,10,33,1089,1,0,46,49
6.071377195977325,433.2769781830041,16,0,0,1,0,43,20
6.147244554151172,467.4276391356653,1,37,1369,1,0,36,44
5.884514147053612,359.428096368043,2,38,1444,0,0,30,46
6.676320082363711,793.3941084583885,10,33,1089,0,1,41,49
6.784781849864521,884.2871585387479,17,13,169,0,1,27,36
6.403417677897787,603.9054692958027,2,30,900,1,1,51,38
6.7442452731463165,849.1580024235184,14,2,4,0,0,48,22
6.415171552231804,611.04557805967,10,19,361,0,1,51,35
6.366286258298638,581.892811621897,10,29,841,1,0,59,45
5.786352387806268,325.8223805044336,10,43,1849,0,0,24,59
6.932448758740306,1025.0008888473778,18,15,225,1,0,32,39
6.120174352376387,454.9440081540067,0,32,1024,0,1,44,38
5.987335945555264,398.35196376234336,4,13,169,0,1,29,23
5.6008086892693605,270.64518681033695,9,3,9,1,1,45,18
6.3041493527425825,546.8362255476964,9,7,49,0,1,45,22
7.164666072684691,1292.929784135885,13,39,1521,0,0,40,58
5.770019447079023,320.5439662305854,1,22,484,0,0,42,29
5.5848939092303596,266.37202162758507,3,34,1156,1,0,31,43
6.56982338035848,713.2438591328548,1,56,3136,1,1,58,63
6.537017339336779,690.2247984155032,17,28,784,1,1,44,51
5.946612148700586,382.45543959929876,12,13,169,1,0,31,31
7.362107942316478,1575.153398384067,18,19,361,0,1,55,43
6.392748055139597,597.4962783836143,4,52,2704,0,0,51,62
5.9911575393059815,399.87721572802894,1,37,1369,0,0,37,44
6.253538709100124,519.8491685921588,10,10,100,1,1,39,26
6.786304945952033,885.6350390653633,17,20,400,0,1,21,43
6.115121187285887,452.6508995814064,5,53,2809,1,0,52,64
5.758577512531682,316.8972258171931,9,24,576,1,1,36,39
7.046362464510724,1148.6727960728351,16,42,1764,1,1,55,64
6.811550388023029,908.2778990726349,10,31,961,0,1,49,47
7.759398723810959,2343.4950937664876,18,36,1296,0,1,28,60
7.278439096053146,1448.724938868831,16,12,144,0,0,50,34
6.731705549901081,838.5762806723317,3,34,1156,0,1,58,43
6.630596957309518,757.9344901546907,13,34,1156,1,0,40,53
6.457425312264956,637.4177902618327,3,9,81,0,1,41,18
6.409925474578834,607.8483792169594,13,6,36,1,0,36,25
5.2690046604977425,194.22254883017519,3,43,1849,1,0,22,52
5.896214910924013,363.6583801647847,5,21,441,1,0,51,32
7.016432612150945,1114.8025824852969,8,50,2500,0,1,52,64
6.8711106458042535,964.0186547312294,11,22,484,0,1,29,39
6.320385205072672,555.7870432104068,7,18,324,0,1,24,31
6.242425676260016,514.1040496837281,3,34,1156,0,1,23,43
5.944255390723059,381.5551459947509,4,35,1225,0,1,57,45
6.527153424799123,683.4499481948071,5,29,841,0,0,51,40
6.674501729155698,791.952748583874,4,21,441,1,1,57,31
7.690150146505964,2186.702863375505,18,17,289,0,1,39,41
7.057669722075981,1161.734844037192,7,6,36,0,1,28,19
6.548329705892309,698.0772052541882,8,48,2304,0,0,34,62
6.590196168441863,727.9236515422625,14,23,529,1,1,27,43
6.7099545488209555,820.5333443951346,3,22,484,1,1,53,31
6.033606780811094,417.2171296176124,8,10,100,0,0,49,24
5.671131279090759,290.3628300580891,6,8,64,1,1,29,20
5.938178825931673,379.24363157484504,7,51,2601,1,0,33,64
6.627702047659268,755.7435111581302,14,20,400,1,1,53,40
7.841117966194899,2543.0462849863875,18,39,1521,0,1,41,63
7.068724752113725,1174.6491099077355,14,40,1600,1,1,32,60
5.962374411799181,388.53156379582504,4,54,2916,0,0,48,64
7.355906004408364,1565.4146256594247,18,38,1444,1,1,48,62
6.445330385693731,629.7547045403948,6,23,529,0,1,26,35
6.152556955119693,469.917409652736,5,44,1936,1,1,25,55
7.200970700735192,1340.7315820723506,18,28,784,1,1,54,52
7.071714568858447,1178.1663508185434,16,10,100,0,1,56,32
6.55291014121205,701.2820368998568,9,27,729,1,0,23,42
7.020443121679125,1119.282486208044,18,30,900,0,0,33,54
6.600780960194262,735.6694935489771,10,29,841,0,1,25,45
7.18846407844468,1324.0679784838485,14,7,49,0,1,36,27
6.530013253022156,685.4072951496847,9,41,1681,1,1,43,56
7.256435894926758,1417.1964880912587,10,18,324,0,0,32,34
5.514459795158301,248.25583201535034,2,48,2304,1,1,31,56
5.837414061061504,342.89149673154685,2,31,961,1,1,48,39
6.702648750003003,814.5605374867599,17,20,400,1,0,43,43
7.005995594836194,1103.227876403749,10,45,2025,1,1,53,61
7.333077629144964,1530.0835628623406,17,19,361,0,1,33,42
7.313896722740041,1501.0148466243995,14,14,196,0,1,46,34
6.8131137562518935,909.6989824318704,6,18,324,0,1,24,30
5.693617338406632,296.96590623939403,9,22,484,1,0,59,37
6.06664585724479,431.231839970161,9,27,729,0,1,28,42
6.330863508483062,561.6413666046781,12,3,9,0,1,35,21
6.348910566902581,571.8693561207299,14,7,49,1,1,32,27
6.191035870374437,488.35171336967795,17,0,0,0,0,34,20
6.438015925618403,625.1651942537183,3,49,2401,1,0,55,58
7.512063175700853,1829.9852317132488,16,40,1600,0,1,44,62
6.594910487045633,731.363417259937,2,27,729,0,1,35,35
6.030667156863102,415.9924690545331,1,57,3249,0,1,50,64
6.4470430575352715,630.8341918298137,3,44,1936,0,1,56,53
5.445331317030279,231.67402454779287,0,58,3364,1,1,52,64
7.114025420498692,1229.0851860883647,14,19,361,0,1,39,39
6.2752482421701,531.2582460900929,0,45,2025,0,0,45,51
6.4698749510336295,645.4030149387787,5,53,2809,1,1,54,64
6.533116468698359,687.5375654471352,6,13,169,1,1,59,25
6.594012727430701,730.7071233612409,18,33,1089,1,0,26,57
6.419760185570119,613.855884973336,11,44,1936,1,1,50,61
5.613809333089188,274.1867197081108,0,30,900,1,1,36,36
6.529031346543747,684.7346195925182,6,47,2209,0,1,27,59
6.797411874990584,895.5265550938556,18,34,1156,1,1,42,58
6.753089188080678,856.7011900519461,12,36,1296,0,0,37,54
6.229275379496065,507.3876867340981,11,6,36,0,1,31,23
6.733586690105276,840.1552448891015,11,26,676,0,1,49,43
7.351151504411572,1557.9895271294079,12,33,1089,0,0,55,51
7.0993750731973,1211.2099203913233,13,43,1849,0,1,34,62
6.942827353238205,1035.694353009635,11,6,36,0,1,37,23
6.930601351037146,1023.1090423535278,11,37,1369,0,1,44,54
6.272065834396015,529.5702530833488,5,39,1521,1,0,32,50
6.741520155322501,846.847096990787,9,24,576,1,1,43,39
6.0674979134236215,431.59943030548544,8,24,576,1,1,36,38
5.908942721185289,368.31653620674774,1,16,256,1,1,20,23
6.011986099698967,408.2934269836826,6,11,121,0,0,56,23
6.408046420750645,606.7072718298908,8,7,49,1,0,46,21
7.4990549813849245,1806.3345878086423,11,30,900,0,1,39,47
6.116914987151507,453.46359339135364,4,18,324,0,0,37,28
5.6565370339291565,286.15597632634586,0,41,1681,0,0,28,47
6.520479969604872,678.9041605137653,14,28,784,0,0,29,48
7.228610757861155,1378.3063721172075,7,28,784,0,0,44,41
5.229465938644363,186.6930713362201,0,20,400,0,1,20,26
6.645480750699754,769.2998001627076,17,0,0,0,1,55,20
6.5593428663555535,705.8077321620854,12,30,900,0,0,37,48
6.042875530247971,421.10218765390806,0,51,2601,0,1,34,57
5.436706245493243,229.6844121217797,4,44,1936,1,1,52,54
7.207227783575664,1349.1469510226573,17,30,900,0,1,41,53
7.003063459047555,1099.9978002894015,15,20,400,0,0,43,41
6.670616385153134,788.8817096066257,9,33,1089,1,0,20,48
5.649391130947735,284.11842223434667,3,14,196,1,1,30,23
5.594851734908044,269.0377582270909,0,13,169,0,0,45,19
6.609188177294647,741.880498746477,7,24,576,1,0,45,37
5.93064705108776,376.39798377232813,4,35,1225,0,0,25,45
5.68833933311554,295.4026476874597,1,21,441,0,1,52,28
6.931258881772026,1023.7819892113838,16,0,0,0,1,33,21
5.38391210544216,217.8729523336528,6,20,400,1,0,43,32
7.111246059061698,1225.673856973666,16,1,1,0,1,57,23
6.512002569349579,673.1731445902417,5,36,1296,1,1,36,47
7.024439712382923,1123.7647511102994,14,35,1225,0,1,33,55
5.416022753654443,224.9825297545335,4,9,81,1,0,38,19
7.2133658505956575,1357.4535726480626,14,12,144,0,1,27,32
7.077107359221575,1184.5371176266783,17,5,25,0,1,42,28
6.178475360239903,482.25612869091583,17,2,4,1,1,21,25
6.073216238314382,434.0745260268994,5,32,1024,1,1,22,43
6.218727716029271,502.0640574481069,1,55,3025,0,0,32,62
6.582514493459104,722.3534004588647,16,39,1521,1,1,24,61
5.804164347452654,331.6779100130213,3,13,169,1,1,37,22
5.659581162806533,287.02839920744935,11,6,36,0,1,20,23
7.6363565526978014,2072.18016682036,18,19,361,1,1,56,43
5.243966379121927,189.41992561932133,1,14,196,1,0,40,21
5.989371207832154,399.16354009230974,1,29,841,0,0,38,36
7.81173865379279,2469.4201717692845,13,18,324,0,1,57,37
7.455396232240354,1729.1690120572023,14,30,900,0,1,53,50
6.38397042596735,592.2746280014262,1,30,900,0,1,21,37
6.579761005676778,720.3671450161578,3,20,400,0,1,39,29
7.849655046816495,2564.8494112484536,18,40,1600,0,1,50,64
5.116730816535664,166.78921282754308,8,4,16,1,1,32,18
5.417070220581715,225.2183149807203,6,31,961,0,0,33,43
6.9358295384406325,1028.4720553636666,12,13,169,1,0,57,31
7.028438011449994,1128.2668931236265,11,38,1444,0,1,31,55
5.991104669944852,399.8560750339554,2,46,2116,0,0,32,54
6.089753437297575,441.3125865065302,12,10,100,1,0,43,28
6.952526431558959,1045.7885065171524,14,33,1089,1,1,59,53
6.734885317351823,841.2470021208568,13,11,121,0,0,50,30
6.239071465452732,512.3825251163989,8,46,2116,0,0,33,60
6.819244302894077,915.2930643435878,12,2,4,0,1,49,20
6.178504491433018,482.2701775919611,3,41,1681,1,0,46,50
6.214881380790302,500.13665985656905,7,10,100,0,1,55,23
6.0036363804961175,404.8984846475807,2,19,361,1,1,25,27
5.6314207486992345,279.058307850918,1,15,225,1,1,25,22
7.098946837172002,1210.6913477128894,18,16,256,0,0,34,40
6.578358960938359,719.3578657434358,7,14,196,0,1,43,27
6.954796243205524,1048.1649454631943,16,39,1521,0,1,32,61
6.157781850867122,472.37910457748694,12,1,1,0,1,26,19
5.620399584861461,275.99964648405637,6,18,324,0,1,40,30
6.826315579921317,921.7882928778021,8,43,1849,0,0,57,57
6.3439409183181725,569.0344165459759,11,2,4,1,1,57,19
6.894558310147319,986.8897293549028,13,18,324,0,1,33,37
5.725873841129572,306.7011562640522,13,0,0,1,0,22,18
7.348906013823463,1554.4950012407123,14,34,1156,0,0,54,54
5.533477085362828,253.02216291941735,2,18,324,0,0,31,26
6.747237507949224,851.7026878009655,14,14,196,1,1,40,34
6.997260378650296,1093.6329104630609,18,2,4,1,1,39,26
6.048650826834823,423.54121395182824,13,9,81,0,0,46,28
5.973663582112095,392.9426144955312,7,19,361,1,1,24,32
5.529956363544013,252.13290859689215,4,31,961,1,0,30,41
7.345912869329894,1549.8491294387654,18,31,961,1,1,25,55
6.246300670531647,516.1000647070559,3,43,1849,0,1,24,52
7.0400530265889225,1141.4481321251021,13,28,784,1,1,41,47
6.920604830741299,1012.9324619885425,15,27,729,1,1,20,48
6.555685107453491,703.2307734665659,5,11,121,1,1,39,22
6.294460641061338,541.5636703998268,5,50,2500,1,1,43,61
5.425812518102103,227.19587209865978,2,23,529,1,0,39,31
7.166621889048795,1295.4609918471986,14,8,64,0,1,48,28
5.988473617524116,398.8054155160192,2,18,324,0,1,43,26
6.897471787254113,989.7692025911539,10,35,1225,0,1,27,51
6.308641693598352,549.298326422652,2,21,441,0,1,53,29
6.540656069093175,692.740914885847,9,37,1369,0,1,41,52
6.979168834345854,1074.025302961604,17,29,841,1,0,58,52
5.3635123534345315,213.4734253375406,0,12,144,0,1,52,18
6.921749212964969,1014.0923074184883,15,36,1296,1,1,49,57
6.560827448301224,706.8563397577276,15,18,324,1,1,25,39
6.058826944414295,427.8732232801121,9,31,961,0,0,32,46
5.580386203253642,265.1739970734812,0,19,361,1,1,38,25
6.929948121306788,1022.4409353471013,3,19,361,0,1,45,28
6.069737312835615,432.5670368403093,2,50,2500,1,1,36,58
5.86952381328611,354.0803317672271,4,44,1936,1,1,56,54
6.720052222782017,828.8607957679067,11,14,196,0,1,46,31
6.663379876081699,783.1935659330081,11,30,900,0,1,43,47
7.301072808030553,1481.8888573904192,12,34,1156,0,1,33,52
6.060406326769162,428.54953263402604,11,21,441,1,1,22,38
6.571673071241104,714.5643606795239,15,33,1089,1,1,24,54
6.895203753268498,987.5269161538739,12,4,16,0,1,33,22
6.08722328328438,440.1974090749514,4,26,676,1,1,27,36
6.229287206845743,507.39368782118,3,22,484,0,1,44,31
7.126280768523617,1244.2407313487001,14,23,529,0,1,34,43
5.929866145193376,376.1041671046809,11,4,16,1,0,56,21
7.78458271197643,2403.2630858051866,18,18,324,0,1,22,42
6.663245318049668,783.0881880379574,18,38,1444,1,1,30,62
6.342571673177008,568.2558021146259,10,43,1849,1,0,28,59
6.236405907763317,511.0185586099619,5,31,961,1,1,23,42
7.152789000649431,1277.6643974521705,8,21,441,0,1,34,35
5.972554336443497,392.5069862564305,0,51,2601,0,1,46,57
6.414782554539626,610.8079289654606,11,8,64,0,1,50,25
6.861971975132393,955.2489385319326,13,37,1369,1,1,35,56
6.008755380344825,406.9764740051753,5,46,2116,1,1,51,57
5.922273153237506,373.2592256664095,0,25,625,0,1,53,31
5.073030964017056,159.65751088797558,1,42,1764,1,0,25,49
6.217518736398873,501.45743899805956,10,39,1521,0,0,24,55
5.956359560309456,386.20161830305966,2,42,1764,0,0,43,50
6.387857130466018,594.5811038540037,9,25,625,0,1,38,40
6.092619099246455,442.57905295891766,5,21,441,0,0,49,32
6.397376875476185,600.2683921667573,5,39,1521,0,0,31,50
5.837737196587044,343.0023150592514,1,35,1225,0,0,24,42
6.766720161064364,868.4588126969667,9,19,361,1,1,47,34
6.487394273216762,656.8096649346975,5,39,1521,1,0,58,50
7.627417855560175,2053.7401136999074,16,42,1764,0,1,53,64
6.014019405382659,409.1244569120083,13,0,0,1,1,31,19
6.088341659672255,440.6899908578403,4,21,441,1,1,42,31
6.7616800102542856,864.092661581491,16,35,1225,0,0,24,57
5.713719017480875,302.9958222561677,1,50,2500,1,1,59,57
6.919025264182803,1011.3337307291943,8,42,1764,1,1,56,56
6.245604906359821,515.7411056628575,11,6,36,1,0,35,23
6.560647252057067,706.7289783755105,18,0,0,1,1,28,23
5.820859173309937,337.2616954331808,6,8,64,1,0,52,20
6.51334861705894,674.0798778757465,8,10,100,0,0,56,24
6.950832766550199,1044.018790193444,15,4,16,1,1,52,25
6.224767581410391,505.1056328744762,10,43,1849,0,1,20,59
6.605115757820996,738.8653937095185,11,15,225,1,1,56,32
7.286834847685225,1460.9392761623153,14,44,1936,0,0,28,64
7.2347177357433265,1386.749413138594,17,23,529,0,0,37,46
7.58208962317676,1962.7260410501071,18,26,676,1,1,57,50
7.894410641366684,2682.248304415738,15,26,676,0,1,40,47
7.2125446459916205,1356.339283116905,14,36,1296,1,1,33,56
5.970771475605931,391.8078243615395,4,34,1156,0,0,58,44
7.1989718953296125,1338.054397015983,10,37,1369,1,1,58,53
7.173346384541237,1304.2016688320878,14,26,676,0,1,25,46
7.452868080466882,1724.8029317350924,17,32,1024,0,0,22,55
6.135258692868439,461.85855808119214,12,32,1024,0,1,37,50
6.500896718362587,665.7383452618503,3,45,2025,1,1,56,54
6.814964979493,911.3845980745986,16,22,484,1,0,39,44
6.333619219281253,563.1912222795584,3,41,1681,1,1,48,50
6.1621875779285755,474.4648692629504,15,0,0,1,1,55,21
6.565135709283657,709.9082307974961,14,19,361,1,0,35,39
6.252334079077344,519.2233197102144,13,0,0,1,1,23,19
7.172659325727274,1303.3059133339236,11,10,100,0,1,33,27
5.934356271178648,377.79671924107083,2,14,196,0,0,36,22
6.960730742344048,1054.403773278169,9,12,144,0,1,54,27
6.614516097841603,745.8437276081197,7,37,1369,0,0,54,50
6.132208767987789,460.45207010516265,5,44,1936,0,1,51,55
7.030808106885934,1130.9441647789417,13,11,121,0,1,29,30
7.080146703500548,1188.142810433604,16,26,676,1,1,48,48
7.516369222534872,1837.882224033768,18,40,1600,1,1,31,64
6.321386656190479,556.3439155597704,15,32,1024,1,0,28,53
7.120933172441431,1237.6047934600372,14,42,1764,1,1,45,62
7.103969081503149,1216.7870296601834,14,21,441,0,1,40,41
6.033517946217051,417.18006794947866,0,26,676,0,0,20,32
6.951227042851846,1044.430503219902,11,29,841,0,1,55,46
6.355778609395735,575.8104976308201,9,10,100,0,0,38,25
6.4584595159322085,638.077351079414,13,3,9,0,1,25,22
6.8931904326115,985.540707922189,9,31,961,1,1,37,46
7.1088641139497195,1222.7578433920226,9,49,2401,0,1,56,64
5.378673503452022,216.73458697681323,10,5,25,1,1,27,21
6.1387152279606285,463.457750635205,15,8,64,1,1,30,29
5.676088313844496,291.80574202564054,8,48,2304,0,1,24,62
6.926650173832039,1019.0745330065527,14,0,0,0,1,40,19
5.797749235610352,329.55696943388034,13,25,625,1,0,59,44
7.734429901390631,2285.705255387041,18,24,576,0,1,40,48
6.408224133444884,606.8151009948043,8,39,1521,0,0,39,53
6.575483187752384,717.2921274031248,3,44,1936,0,1,28,53
6.016967814193696,410.33250309744665,6,31,961,0,1,21,43
6.228740617094091,507.1164274121155,7,47,2209,0,1,23,60
6.482237365764952,653.4312767836723,7,31,961,1,1,45,44
6.322313696472047,556.8599079157954,18,0,0,0,0,31,22
6.839749756059009,934.2553137426847,14,17,289,0,0,38,37
6.614193626744306,745.6032533379506,15,7,49,0,1,38,28
6.397622031192387,600.4155694342891,8,13,169,1,1,38,27
7.117940729495884,1233.906867402334,11,40,1600,0,0,48,57
7.689372567539552,2185.003190123876,15,34,1156,0,0,58,55
5.681354700116526,293.3465574830447,3,14,196,1,1,53,23
6.374335238607992,586.5953553575068,4,15,225,0,1,27,25
5.921576366368833,372.99923412921777,7,27,729,0,1,25,40
5.313613341305285,203.08271138509468,0,58,3364,0,0,51,64
6.196482319946372,491.0187527046599,5,32,1024,1,0,47,43
6.261963309493317,524.247189876174,14,43,1849,1,1,30,63
6.705622790692305,816.9866796035805,3,51,2601,0,1,47,60
6.894885015499287,987.2122041855429,10,13,169,0,0,51,29
6.816853323195324,913.1072313907679,4,33,1089,0,0,27,43
6.5490585825880085,698.5862029366374,17,7,49,1,1,39,30
7.08447340052441,1193.2946816513147,14,37,1369,1,1,43,57
6.936842283627356,1029.514163093139,17,12,144,1,1,46,35
6.513791471323873,674.3784631345671,12,24,576,1,1,30,42
6.6953397250407045,808.6285989363381,4,40,1600,1,1,42,50
5.573590735461492,263.37812452495257,0,58,3364,1,1,41,64
6.68477055639516,800.1270730729459,17,34,1156,1,0,24,57
7.293231895577154,1470.3149309628177,13,41,1681,0,0,53,60
6.744173025053709,849.0966545936797,4,19,361,0,1,50,29
6.142605947085648,465.2644469641188,5,50,2500,0,0,56,61
7.5419727403879016,1885.5460514289036,15,32,1024,0,0,45,53
6.478985862540839,651.3100932668068,11,4,16,1,1,42,21
6.95438832285198,1047.7374648430184,17,0,0,0,0,57,22
5.973679875660834,392.9490169773317,1,47,2209,1,1,57,54
7.125918984994077,1243.7906669631654,12,7,49,0,0,51,25
7.295755124258085,1474.0295562202987,16,37,1369,1,1,24,59
7.075781722190969,1182.9678917012254,16,23,529,0,1,44,45
6.9758263388371295,1070.4413711848542,15,27,729,0,1,52,48
6.879973752414171,972.6008310330614,17,3,9,0,1,26,26
5.907291789176823,367.70897230921645,7,33,1089,1,1,35,46
5.80211229857469,330.9979885845259,2,23,529,0,0,48,31
6.951196442097554,1044.3985433476983,16,35,1225,0,1,34,57
7.845025532942298,2553.0028483857677,17,35,1225,0,1,39,58
5.963764993808429,389.0722246279537,5,28,784,1,1,41,39
5.99120694301043,399.89697163181376,7,15,225,0,0,29,28
6.734457305213359,840.8870152373762,12,22,484,1,1,27,40
6.7828247227935075,882.5581886609782,7,5,25,0,1,51,18
7.298281975276028,1477.7589190927729,18,39,1521,0,0,47,63
6.130227892468601,459.5408746520657,5,43,1849,1,0,28,54
7.368007008890232,1584.4727939871098,14,18,324,0,0,50,38
6.15686234557272,471.94494912457156,9,28,784,1,1,42,43
7.760835405185103,2346.8643692262194,16,41,1681,0,1,38,63
5.962824610097991,388.7065194242881,0,47,2209,1,0,51,53
5.538807911078316,254.3745815233148,6,28,784,1,0,29,40
6.018378575329792,410.911792769294,12,0,0,1,0,39,18
5.923796266961194,373.82817509286394,2,49,2401,0,1,54,57
6.951688769834804,1044.9128563142128,18,8,64,0,0,50,32
6.500402886826066,665.4096638351954,14,18,324,1,1,30,38
6.566889788740899,711.1545590014566,4,54,2916,1,1,59,64
6.579742828321991,720.3540507659959,10,10,100,0,1,29,26
6.804566605794515,901.9567823655452,17,3,9,0,0,28,26
5.781026538766127,324.0917124212592,2,19,361,0,1,29,27
6.360114728974115,578.3127018107793,5,32,1024,1,1,56,43
5.603867917061575,271.47441984730887,2,50,2500,0,0,56,58
6.387795159228788,594.5442580690657,4,42,1764,0,1,26,52
6.810079452827056,906.9428632594595,8,28,784,0,1,39,42
7.556447981426003,1913.0382833118013,18,19,361,0,0,39,43
6.683315613126067,798.9637800414532,12,10,100,0,0,27,28
5.433699567437726,228.99486218695486,5,44,1936,1,1,36,55
6.185244151659277,485.53149245834544,10,3,9,0,0,57,19
7.19437595316658,1331.9188864220891,13,5,25,1,1,44,24
6.157658955095482,472.32105475003584,5,24,576,0,0,32,35
6.691019546185762,805.1427140065894,5,33,1089,0,0,32,44
7.185713299245742,1320.4307647101518,16,29,841,0,1,21,51
6.418117235531158,612.8481784556074,10,28,784,1,0,56,44
6.153037214213359,470.143145963613,14,14,196,1,1,30,34
6.755949946710876,859.1555143157108,8,46,2116,0,1,39,60
6.887228718460098,979.6826752456635,16,39,1521,0,0,28,61
6.6525761211417125,774.7776780305077,6,29,841,1,1,48,41
6.861037579186746,954.3567746787405,6,30,900,1,1,53,42
5.419656316946773,225.80150501422307,0,18,324,0,1,24,24
5.920245900591007,372.5033013969734,7,10,100,1,1,50,23
6.240413278642991,513.070508216233,4,31,961,0,0,45,41
7.370240420697665,1588.0155289541754,18,26,676,0,0,56,50
6.616269652098604,747.1527524393247,7,33,1089,0,1,39,46
7.3046576839945345,1487.2107786508925,16,38,1444,0,1,27,60
7.331967247805856,1528.3855295335893,18,15,225,1,1,25,39
7.161226848697436,1288.4907468057888,11,26,676,0,1,37,43
7.16188812174142,1289.3430727831121,14,25,625,1,1,27,45
5.8021281972632615,331.0032510602975,3,29,841,1,1,44,38
6.633017347022412,759.7712088886052,11,7,49,0,1,21,24
7.528718908038262,1860.7202222805986,12,16,256,0,1,47,34
6.472465245435937,647.0769658324567,13,18,324,1,0,44,37
6.1222138325445,455.87280424490024,4,48,2304,0,0,39,58
6.644825035670349,768.7955240703976,15,16,256,0,0,25,37
6.846623107275403,940.6988977801013,6,27,729,0,1,56,39
6.373295340723819,585.9856731471666,14,25,625,0,0,35,45
6.877332878760931,970.0357037026708,12,39,1521,1,0,54,57
6.419207358882053,613.5166228427165,15,3,9,1,0,55,24
5.660489575727057,287.2892579796477,11,1,1,0,1,20,18
6.743467240370504,848.4975866116773,6,37,1369,0,1,33,49
6.979686493775273,1074.5814262159213,15,9,81,1,1,33,30
7.055150652882726,1158.8120365036618,12,29,841,0,1,43,47
6.014342356206014,409.25660532979424,2,32,1024,0,0,38,40
6.421027015692841,614.6340288834353,14,16,256,1,1,57,36
5.542546655040765,255.3274030221042,2,41,1681,1,1,37,49
6.512439184163667,673.4671261312939,6,35,1225,0,1,28,47
6.76244318344552,864.7523656377582,17,23,529,0,1,32,46
6.666753400371053,785.8401500989423,13,43,1849,0,0,38,62
6.849826315023022,943.7169829739872,17,23,529,0,1,29,46
7.136683765354085,1257.2521251339988,18,23,529,1,1,57,47
7.04504225256586,1147.157305131461,13,14,196,0,1,22,33
6.344000695030211,569.0684325691063,5,46,2116,0,1,36,57
6.706568274495815,817.7594925603252,7,23,529,0,0,42,36
6.036198828548281,418.2999791268843,6,23,529,1,0,46,35
7.100221367687082,1212.235394538275,17,0,0,0,1,28,18
6.579984456192736,720.5281294117441,17,8,64,0,0,24,31
7.300019944585282,1480.3294518471173,14,44,1936,1,1,38,64
6.722640634666314,831.0090079316518,18,0,0,0,0,48,19
5.90862750279956,368.20045435929495,1,38,1444,0,0,34,45
6.047018775804254,422.8505368405621,7,34,1156,0,0,55,47
7.115261040293466,1230.604806717083,10,39,1521,0,1,31,55
6.32908456318425,560.6431255073488,17,0,0,0,1,33,21
6.537369632053087,690.4680024215851,12,0,0,0,0,34,18
6.1685098916806025,477.47408761842894,8,11,121,0,0,50,25
6.135314144497595,461.8841696007711,8,32,1024,0,1,24,46
7.257729841509303,1419.0314515601501,16,34,1156,0,1,22,56
6.013162053269074,408.7738435152004,6,8,64,0,1,49,20
6.661265893315615,781.5396570155245,8,35,1225,0,0,31,49
5.7593462222860285,317.14092145941254,0,21,441,0,1,34,27
5.804451651811835,331.77321621269965,1,20,400,1,0,57,27
6.062325779887734,429.3729033288315,3,27,729,0,0,47,36
6.62480043081387,753.5538114264938,13,44,1936,0,1,42,63
6.109522195344163,450.12359263017777,3,42,1764,1,1,34,51
5.615446233697049,274.6359036507057,1,43,1849,0,0,30,50
6.194825315561932,490.2058061925598,7,27,729,1,1,49,40
6.807857988985899,904.9303586634542,17,22,484,1,1,31,45
7.726656659960222,2268.006792925502,18,25,625,1,1,38,49
6.116953988174816,453.4812792804112,13,5,25,1,1,51,24
5.936255128388158,378.51478279945576,9,31,961,0,1,20,46
6.503228520475276,667.2925266593505,16,3,9,1,0,35,25
5.726250135323206,306.81658784509,7,5,25,0,0,30,18
6.308880250453621,549.4293809353626,13,1,1,0,0,50,20
6.254867336090375,520.5403132634718,7,28,784,1,1,52,41
6.921167325554356,1013.5023915205644,4,30,900,0,1,55,40
6.593958450779875,730.6674641021461,15,4,16,1,1,49,25
6.472082745526521,646.8295062812855,7,51,2601,0,1,57,64
6.643880400318922,768.0696355443013,9,39,1521,0,1,23,54
6.465704080503375,642.7167284943715,7,7,49,0,1,44,20
6.498381551494291,664.0660062203788,8,36,1296,1,1,53,50
7.473134043983503,1760.1143261873408,17,22,484,0,1,36,45
6.3094825444838465,549.7603986465197,2,56,3136,0,1,52,64
6.262206533934231,524.3747151138311,16,3,9,0,1,49,25
7.312013501015966,1498.1907628796469,14,31,961,1,1,32,51
7.209268494800378,1351.90298152413,16,30,900,0,0,31,52
5.917861630834429,371.61621099287834,7,36,1296,1,1,51,49
6.489563438362748,658.2359399211637,1,34,1156,0,1,42,41
7.783642074672087,2401.003549763075,16,9,81,0,1,48,31
7.720270213370751,2253.5684426287858,17,26,676,0,1,53,49
5.725674946223939,306.64016103254096,4,53,2809,1,0,38,63
6.909504330689575,1001.7505821905439,8,46,2116,0,1,31,60
6.1111101006811905,450.8389140662967,8,19,361,0,0,23,33
5.63619006492933,280.3924040020874,1,14,196,1,1,44,21
6.119041607825536,454.4289645693063,1,47,2209,0,1,45,54
6.7976089210735715,895.7030324802656,18,14,196,1,0,37,38
6.120407920058304,455.0502807818359,2,23,529,0,0,49,31
7.6435935373829444,2087.230898220022,16,26,676,0,1,53,48
6.349727817636722,572.3369077993052,13,16,256,0,0,52,35
6.66852265417943,787.2317314445776,13,5,25,0,1,50,24
6.930059549288677,1022.5548702247762,13,8,64,1,1,50,27
5.458110818496528,234.65370192769535,5,13,169,1,0,32,24
5.469173970859569,237.26412471236316,2,42,1764,0,0,43,50
6.395507912151715,599.1475602800614,0,34,1156,1,1,24,40
7.402573113983395,1640.1994249149543,15,17,289,0,0,20,38
6.913130323690664,1005.3895161779838,3,27,729,0,1,53,36
5.711143337831041,302.2164062766318,0,30,900,1,1,28,36
6.807209767638882,904.3439535680885,16,31,961,1,0,27,53
7.324565528703649,1517.1146127011148,17,23,529,0,1,55,46
6.241606703299373,513.6831847301123,7,22,484,1,1,48,35
5.770667302735962,320.751699735803,1,12,144,0,1,54,19
6.345912260461641,570.1572844872042,17,0,0,1,0,24,18
7.938180736831456,2802.257823697469,15,43,1849,1,1,29,64
6.290586201997145,539.4694744964022,9,7,49,1,1,57,22
6.831196198643555,926.298186661679,7,24,576,0,1,29,37
6.469860725794375,645.3938339917767,11,11,121,1,0,30,28
6.681285773054385,797.343656197329,15,38,1444,1,0,27,59
6.316453160618834,553.6059547282165,11,2,4,0,0,23,19
6.323238833797595,557.3753181775843,10,4,16,0,0,37,20
7.317071856466858,1505.788343723864,18,16,256,1,1,39,40
5.25912150470292,192.31247146480015,0,23,529,0,1,22,29
6.249966922140062,517.9956901960688,2,29,841,0,1,34,37
6.441918341926109,627.6096155754548,11,5,25,0,1,27,22
6.230997182680002,508.26206100279256,8,40,1600,1,1,25,54
5.850055418856316,347.2536243442059,4,45,2025,1,0,55,55
6.368416538313147,583.1337275289769,0,41,1681,1,1,39,47
6.773826112303711,874.6520169167436,9,11,121,0,1,51,26
7.21854012607181,1364.4956143995498,16,29,841,1,1,25,51
6.002621649452821,404.487829973085,3,52,2704,1,1,35,61
7.035903893560274,1136.7219235938294,14,32,1024,1,1,21,52
7.376852405776028,1598.5502532758062,18,15,225,0,0,37,39
6.323255068665744,557.3843671658385,7,48,2304,1,1,45,61
7.613449233431539,2025.2516297617365,14,21,441,0,1,39,41
6.436741704735761,624.3691030138539,6,22,484,0,0,35,34
6.8585093461470725,951.946985886789,14,7,49,0,1,40,27
5.481036088761555,240.09533863204595,7,34,1156,1,0,33,47
6.954784468354072,1048.1526035493264,9,48,2304,0,1,37,63
7.258917567688379,1420.7178736696935,17,17,289,1,0,27,40
6.418151201697118,612.8689949120707,3,40,1600,0,1,24,49
6.808963719875056,905.9315215199069,14,14,196,1,1,43,34
6.616997585281843,747.6968277219747,10,18,324,0,1,48,34
5.443052031305127,231.14657458368777,2,23,529,0,1,28,31
6.55495641177513,702.7185189025612,14,6,36,1,0,37,26
6.041259650352891,420.42228656229497,2,49,2401,1,1,37,57
5.988395451031691,398.77424351384695,14,0,0,1,1,47,19
6.212921715710898,499.15751921652713,5,51,2601,1,1,56,62
5.650631638492493,284.47109198024776,0,36,1296,1,1,29,42
6.966750270755474,1060.7699281506184,13,37,1369,1,1,39,56
7.148033036836086,1271.6022987998438,15,5,25,0,1,57,26
6.478127790809484,650.75146219447,0,33,1089,0,1,42,39
8.081487474291412,3234.0402123052036,16,38,1444,0,1,39,60
6.530898553487993,686.0143552230023,7,50,2500,0,0,42,63
5.586000203981746,266.6668706619255,17,0,0,1,1,24,21
7.609372945389023,2017.0129238374177,15,22,484,0,1,46,43
6.607350896041808,740.5187069945836,5,35,1225,0,1,28,46
7.03199883277123,1132.291611331309,9,47,2209,0,0,55,62
7.273860783129221,1442.1073829380998,9,36,1296,1,1,59,51
7.007529758406237,1104.9217073958598,4,30,900,0,1,56,40
6.920619977432032,1012.9478046794727,11,37,1369,0,1,22,54
6.1122732714554155,451.36362181822363,16,6,36,1,1,55,28
6.738602437226464,844.3798370261752,13,4,16,1,1,54,23
7.281722513632128,1453.489525583594,13,16,256,0,0,55,35
6.72878170819159,836.1279973069898,2,30,900,1,1,48,38
7.60948444382799,2017.2378301679212,11,42,1764,0,1,52,59
7.37495960411157,1595.5273764513327,17,30,900,1,0,45,53
6.585792874403379,724.7254361757977,11,41,1681,0,1,27,58
5.8098486569182795,333.5686385485023,1,48,2304,1,1,28,55
5.254632024894647,191.45102368040054,1,44,1936,1,1,41,51
6.024549949223037,413.4555241650368,16,12,144,1,0,24,34
7.1112893178993195,1225.7268793468565,9,39,1521,0,1,55,54
7.410309947821778,1652.9385921919036,17,19,361,0,1,51,42
7.628215351110431,2055.3786155640983,18,31,961,0,1,49,55
6.3018579603642975,545.5846436685125,0,23,529,1,1,36,29
5.263337654461296,193.12500131504333,3,31,961,1,1,49,40
5.971186134080918,391.97032448517575,3,50,2500,1,0,28,59
6.338146653540277,565.7468142857855,1,32,1024,1,1,23,39
7.191003649881848,1327.4348170568985,18,14,196,0,0,31,38
7.223380064189371,1371.1156962051164,11,27,729,0,1,54,44
6.942789168021784,1035.6548055516885,9,33,1089,0,0,39,48
6.515449588900123,675.4975894824626,12,5,25,0,0,36,23
6.663034703377557,782.9232755431045,14,24,576,1,1,41,44
6.281076802608033,534.3637584270217,2,49,2401,1,1,26,57
6.228751519199282,507.1219560788883,12,33,1089,1,0,58,51
5.884807771537597,359.5336487529926,7,16,256,1,1,27,29
5.922356945520805,373.29050321958124,6,50,2500,1,1,28,62
5.9446153859384445,381.692528748798,7,11,121,0,0,25,24
6.92623522350943,1018.6517554222326,17,4,16,0,1,38,27
5.809632516503802,333.4965486757579,8,48,2304,1,1,41,62
6.502694085082063,666.9359971949455,5,23,529,0,0,39,34
6.6040435627615715,738.0736104337146,3,34,1156,0,1,39,43
7.049150692602166,1151.8800269985932,14,18,324,0,1,46,38
6.48700375976028,656.5532219976608,4,35,1225,1,1,46,45
6.606893795017704,740.1802924859494,4,53,2809,0,1,26,63
5.717033412095651,304.00173605454347,6,7,49,1,0,43,19
6.329250767825168,560.7363147407337,8,46,2116,1,0,27,60
5.628837490654283,278.3383585399415,6,6,36,1,1,22,18
6.356362885906777,576.14702848336,8,39,1521,1,0,30,53
7.424107779083077,1675.9036294875714,9,28,784,1,1,55,43
6.160225192531021,473.5346993063299,3,37,1369,0,0,21,46
6.123392411769479,456.41040320046693,5,27,729,0,1,20,38
6.329171445260164,560.6918374620071,13,9,81,1,1,26,28
6.567866729437697,711.8496543100223,8,43,1849,0,1,43,57
5.712968086264642,302.76837864278986,0,22,484,1,1,31,28
7.054694397692845,1158.283443093824,16,31,961,0,1,27,53
6.967707830714035,1061.7861654354765,12,38,1444,0,1,32,56
5.216060637595165,184.2070943737778,6,45,2025,1,0,25,57
6.2929683872159545,540.7561226131529,8,38,1444,1,0,58,52
6.6935413178302,807.1756623108417,10,35,1225,0,0,43,51
6.416928674849058,612.1202039132572,2,56,3136,1,1,43,64
7.126114209266452,1244.0335087946485,11,24,576,1,1,57,41
6.071236859586501,433.2161779220032,2,31,961,0,1,26,39
5.802836821188618,331.2378910092917,14,2,4,1,1,29,22
6.919735124531261,1012.0518913104003,9,35,1225,0,1,49,50
5.927325457142399,375.1498166082155,0,47,2209,1,1,58,53
6.933070999980586,1025.638885144961,13,45,2025,0,1,43,64
6.57756918029107,718.7899551145282,5,26,676,0,0,46,37
5.626611631206183,277.71950547029905,1,29,841,1,0,49,36
6.218071140159857,501.7345224972733,7,39,1521,1,1,34,52
5.020052829217832,151.4193029460957,0,54,2916,1,1,21,60
6.148943846879641,468.2226107774028,3,25,625,0,1,27,34
6.2232228802897485,504.32599794383174,3,53,2809,1,1,36,62
5.764723100906747,318.8507423300461,4,50,2500,1,1,32,60
6.567068407916882,711.2815961880833,8,37,1369,1,0,37,51
7.094051793395117,1204.7794418892618,12,8,64,0,1,40,26
7.028808116496167,1128.6845476774627,17,20,400,1,1,55,43
6.7848251714576975,884.3254680970912,16,0,0,1,1,31,19
5.9510071872810135,384.1400452533494,0,20,400,1,1,21,26
6.684948186447837,800.269212310811,14,6,36,1,1,39,26
6.830983127206135,926.1008400007823,1,50,2500,0,1,42,57
7.0580704415784465,1162.2004671317882,15,13,169,1,1,40,34
6.379305968253813,589.5184211467432,4,8,64,0,0,50,18
7.389507931467459,1618.909302582283,18,18,324,0,1,35,42
5.678985163543288,292.65228496336323,4,50,2500,1,1,32,60
5.2092262048828335,182.9524357059669,1,50,2500,1,0,23,57
6.289884447034865,539.0910319181852,6,47,2209,0,1,21,59
6.304164169130403,546.8443277453109,2,34,1156,0,1,20,42
7.4309786076272495,1687.4581250055214,16,34,1156,0,1,45,56
6.420295456961325,614.1845524221794,2,44,1936,0,0,49,52
6.157471890811074,472.23270861337903,12,2,4,0,1,57,20
6.224626556198713,505.0344052682424,6,42,1764,0,1,39,54
5.956376158280471,386.2080285195245,2,53,2809,0,1,44,61
6.314501690680793,552.5266627954412,14,41,1681,1,0,38,61
7.322079053715567,1513.3470311023927,17,24,576,1,1,46,47
6.653097343424333,775.1816146816211,9,40,1600,0,1,29,55
5.772398982316497,321.30762010371177,6,39,1521,1,0,36,51
6.255318069843251,520.7749912370612,8,15,225,1,1,21,29
6.9060866577451625,998.3327701374418,4,26,676,0,1,36,36
6.5088115166180724,671.0284373453062,7,41,1681,0,0,26,54
6.897112069986749,989.4132295469404,13,42,1764,0,1,35,61
6.2254080470595765,505.4292392998803,3,25,625,0,0,46,34
6.356445656052339,576.1947182303887,13,8,64,0,1,20,27
7.252727604848299,1411.9508446103305,11,47,2209,0,1,41,64
6.162295547226483,474.5160996673722,1,22,484,0,1,41,29
7.076532211826831,1183.8560300711395,12,15,225,1,1,46,33
6.04806841524244,423.2946104583081,0,35,1225,0,1,35,41
6.2904493219941395,539.3956369666679,6,24,576,1,0,55,36
5.604567926873479,271.6645211335029,8,11,121,1,1,35,25
6.135084414138159,461.7780729717458,16,26,676,1,0,43,48
7.251421508316461,1410.1079043000204,12,20,400,0,1,54,38
5.763921711880082,318.5953212035125,9,19,361,1,0,52,34
6.4803604083994095,652.2059644250936,15,19,361,1,1,36,40
6.161815157728237,474.2882018605827,5,43,1849,1,1,24,54
6.735551182041028,841.807345330143,15,12,144,1,1,54,33
6.148083102292841,467.81976409867934,10,7,49,0,1,38,23
5.816791766156675,335.8927008172656,2,17,289,1,1,53,25
7.38176727430546,1606.4262565142299,8,28,784,0,1,51,42
6.550572125703909,699.6443438438981,14,15,225,1,0,44,35
6.98644024061347,1081.863439884428,12,24,576,0,0,41,42
6.657680537217192,778.7425763016028,9,14,196,0,0,58,29
7.116040143171169,1231.5639480496814,12,14,196,1,1,46,32
6.964871093192529,1058.7784248823707,16,21,441,1,0,52,43
6.584032522017789,723.4507862709896,6,46,2116,0,1,27,58
5.649540429767558,284.16084394615336,5,51,2601,1,1,49,62
6.701458438500034,813.5915335318126,12,25,625,1,1,45,43
7.269863983089956,1436.3550711707778,16,42,1764,0,1,34,64
7.028357304692766,1128.1758380358242,14,29,841,0,1,55,49
5.359795919962221,212.68153796399218,3,18,324,1,1,31,27
6.817255680025973,913.474700244277,14,13,169,0,1,31,33
7.275319223732722,1444.2121453623975,13,5,25,0,0,23,24
5.987032675436142,398.23117383175463,10,18,324,0,0,22,34
6.587997722461549,726.3251085156347,3,31,961,0,1,56,40
6.192380498135716,489.0088063144473,2,35,1225,1,1,57,43
6.265135147029843,525.9126566902272,1,31,961,0,0,51,38
7.504527645678699,1816.2471499322141,9,24,576,0,1,45,39
5.550216854978596,257.2933451993293,12,6,36,0,0,23,24
6.385708908333128,593.3051825387939,17,8,64,0,0,20,31
7.419665522601745,1668.475347110744,15,11,121,0,1,24,32
6.151997961219198,469.65480209185426,10,8,64,1,1,21,24
5.740169444520543,311.11712360717627,9,11,121,1,0,30,26
5.976787426664664,394.1720253857944,8,11,121,0,0,28,25
6.203788605401928,494.61941358659936,11,23,529,0,1,27,40
7.854338565588837,2576.8901060145236,18,22,484,0,1,58,46
6.012280594316277,408.41368490699875,0,29,841,0,1,34,35
6.892166856584329,984.5324481830381,17,25,625,1,1,28,48
6.852855474667523,946.5799864327146,13,28,784,0,0,49,47
5.931305655020415,376.64596261564094,0,50,2500,0,0,48,56
6.721492972819902,830.0558376624202,16,30,900,1,1,44,52
6.591516005347644,728.8850263315652,10,19,361,0,1,41,35
6.9267683934977216,1019.1950147786674,14,39,1521,1,0,53,59
6.134503181141558,461.50975030517554,3,47,2209,0,1,41,56
7.1811295832106525,1314.3921352948232,14,14,196,0,1,49,34
6.275668904035949,531.481773186507,13,12,144,1,1,29,31
5.844047037508707,345.1734476502037,0,42,1764,1,1,24,48
6.122760127763895,456.12191341589056,8,27,729,0,0,24,41
5.958693349902669,387.1039841772138,6,40,1600,1,0,21,52
6.927799523297394,1020.2464791350368,10,45,2025,1,1,49,61
5.78333664487189,324.8412641035724,1,55,3025,1,1,41,62
5.758197673504417,316.7768787409008,1,44,1936,1,1,32,51
5.986574551666652,398.0487764487489,5,9,81,1,1,58,20
7.34553036386321,1549.2564170393132,18,30,900,0,0,44,54
7.753032702966615,2328.623741044934,13,41,1681,0,1,46,60
6.391718188567634,596.8812536906803,2,49,2401,0,0,46,57
6.533650032472363,687.9045084703716,6,31,961,0,0,40,43
6.501803812283571,666.3425064418436,6,28,784,0,1,50,40
6.370524088046847,584.3640068431782,3,52,2704,1,1,34,61
7.200763725285464,1340.4541122658954,4,46,2116,0,1,57,56
6.309645780481622,549.8501466585841,16,10,100,1,1,58,32
6.224632153137586,505.03723192284787,3,12,144,0,1,55,21
7.303484723502682,1485.4673618438833,12,28,784,0,1,55,46
6.5896104095067765,727.4973886151581,15,18,324,0,0,20,39
6.595448407977627,731.7569387832192,15,21,441,0,1,30,42
5.3819634746729506,217.4488117758384,1,23,529,0,0,24,30
7.469703983978795,1754.0873707518501,17,12,144,1,1,53,35
5.898255754862118,364.4013080075168,0,44,1936,0,1,56,50
6.806156232443481,903.3916970901928,17,10,100,0,1,24,33
6.337790642570923,565.5454380622216,7,49,2401,1,1,39,62
6.793874684703475,892.364502948288,10,43,1849,0,1,32,59
6.91569146598572,1007.9677620087722,14,41,1681,0,1,28,61
6.852265715450242,946.0218967462667,15,0,0,0,1,24,19
7.879767692825623,2643.258440473704,16,30,900,0,1,57,52
6.612485714515358,744.3309152537984,16,37,1369,1,0,51,59
6.0872730528258945,440.21931804337214,11,34,1156,1,0,49,51
6.531613828410333,686.505219618227,9,32,1024,1,0,47,47
6.53637249587236,689.7798549401296,5,19,361,0,1,56,30
6.249369960927078,517.6865591393346,7,17,289,1,0,47,30
6.516618572569306,676.2876968544726,12,17,289,0,0,25,35
5.828909568055707,339.9877433723942,1,42,1764,0,0,48,49
7.275553798603501,1444.5509609770345,18,25,625,0,1,23,49
6.952071764980598,1045.3131295124124,9,37,1369,1,1,37,52
5.507704483539212,246.58443825772554,3,47,2209,1,0,34,56
6.364851090624409,581.0582968463436,11,46,2116,1,0,44,63
6.108557185249158,449.68942833944396,17,23,529,1,0,23,46
5.965754060503869,389.84688540265086,6,34,1156,0,1,33,46
5.721537515650932,305.3740796234378,3,52,2704,0,1,36,61
5.738371108769323,310.55813333771835,6,21,441,1,1,53,33
5.806298901601004,332.3866506252582,9,46,2116,1,0,38,61
7.0906372850611685,1200.6727276393456,14,44,1936,1,1,48,64
6.9600754759002665,1053.7130841847495,11,10,100,0,1,41,27
5.136748630606799,170.16160967268675,0,41,1681,1,0,33,47
7.137597357161776,1258.4012652182798,17,19,361,0,1,55,42
6.667512734838903,786.4370922218152,15,35,1225,1,1,21,56
6.78994502131872,888.8646918786502,4,27,729,0,0,26,37
6.42019627856317,614.123641602667,18,0,0,1,1,47,22
5.745353983759042,312.7343111058843,3,9,81,0,1,27,18
6.562689652348051,708.1738768748785,5,36,1296,1,0,48,47
6.490344313810646,658.7501409429202,16,0,0,1,0,29,20
6.524108889644144,681.372325103953,6,50,2500,0,0,40,62
6.975647130395935,1070.2495562432762,6,19,361,0,1,54,31
6.675230388777498,792.5300228668294,8,33,1089,1,1,23,47
6.208477670155421,496.94416223413094,12,3,9,0,0,40,21
7.382546144657836,1607.6779416856662,13,16,256,0,1,57,35
6.844555086601441,938.7555231735549,15,33,1089,1,1,44,54
6.12164131307814,455.61188288869045,8,28,784,1,1,39,42
6.7130168824916145,823.0499426486602,14,0,0,0,1,26,18
5.785441959566627,325.525877600904,4,53,2809,1,1,26,63
7.282003203139096,1453.8975621050192,17,9,81,0,1,51,32
6.691549049770087,805.5691528500332,7,13,169,1,1,51,26
6.54063317817541,692.7250575920268,14,12,144,1,0,41,32
6.410816068088489,608.3899661694596,8,27,729,1,1,44,41
6.8144185296379325,910.8867081414,18,0,0,0,1,25,21
5.693721650007084,296.99688484403924,5,18,324,1,1,46,29
6.48760367814629,656.9472185179931,3,45,2025,0,1,37,54
6.5432490562214705,694.5395140258469,10,38,1444,0,0,31,54
6.26215397903723,524.3471573788414,9,45,2025,1,0,47,60
6.367704054005216,582.7184018727633,2,15,225,0,0,38,23
5.807087961730645,332.6490271807176,0,50,2500,1,0,36,56
6.631377008086769,758.5259481965035,11,46,2116,1,0,54,63
7.2287225545187,1378.46047077638,14,21,441,0,1,34,41
7.118739159469878,1234.8924490369861,14,8,64,0,1,24,28
6.6335569209638265,760.1812722541626,13,11,121,1,1,55,30
6.70425298528974,815.8683329695351,6,39,1521,1,1,52,51
6.309558359477062,549.8020803074409,16,20,400,1,0,40,42
6.832669850198469,927.6642337162352,18,0,0,1,1,54,24
5.761186859028676,317.7252002495938,6,9,81,0,1,46,21
6.246819780592873,516.3680469933777,2,17,289,0,1,49,25
6.665152797222145,784.5833379771979,2,29,841,1,1,58,37
7.371420826060504,1589.8911377723955,17,23,529,0,1,49,46
6.574516484832845,716.5990540613875,13,43,1849,1,0,40,62
5.886033511186202,359.97461360011505,2,55,3025,0,1,45,63
6.284896481024392,536.4087592780057,6,15,225,0,0,43,27
5.642591107788362,282.1929643816198,6,48,2304,1,0,41,60
5.954201333770998,385.36900652684653,4,41,1681,1,1,56,51
6.254042145531482,520.1109454909242,2,35,1225,1,1,45,43
6.535826663297044,689.4034533609733,17,35,1225,1,0,41,58
6.753651013804133,857.182642051226,14,0,0,1,0,52,20
6.900818576880767,993.087301283141,13,4,16,1,1,43,23
5.337472740179581,207.98640982347132,3,13,169,1,1,24,22
6.893589055523963,985.9336453412575,7,9,81,1,1,43,22
6.831148144745512,926.2536754925359,12,46,2116,1,1,54,64
6.427753999319305,618.7825999725397,7,27,729,0,0,41,40
7.303275821228002,1485.1570767437918,14,6,36,0,1,52,26
7.848358590728929,2561.5263511817266,16,30,900,0,1,36,52
6.743526575854106,848.5479341199962,4,27,729,0,1,31,37
6.833178880773665,928.1365633796337,3,50,2500,0,0,49,59
6.909716011060576,1001.9626555705261,10,36,1296,0,0,45,52
6.879696708096311,972.331414821117,17,12,144,1,1,32,35
6.374664792259668,586.7887018561931,9,19,361,1,1,25,34
7.147116609494095,1270.437501492655,16,19,361,0,1,22,41
6.086296914856881,439.7898129145731,14,0,0,0,1,30,20
5.168429385900306,175.63876002229748,5,38,1444,1,0,29,49
6.459895176742096,638.9940716184553,15,31,961,1,1,30,52
7.104439166026348,1217.3591568743946,14,35,1225,1,1,35,55
6.143464334633514,465.6639956311245,7,17,289,1,1,39,30
5.96152621077628,388.20215065001724,8,50,2500,1,1,38,64
7.152176725618957,1276.882354881285,10,26,676,0,1,28,42
6.003323113233537,404.77166307323307,1,19,361,0,1,55,26
5.382597137326172,217.5866446320029,12,3,9,1,1,34,21
5.618717062371733,275.5356613138889,3,22,484,0,0,42,31
6.244253742847582,515.0447256666898,8,40,1600,1,1,40,54
6.333471695720412,563.1081444331338,4,41,1681,0,1,58,51
6.4660420511091665,642.9339845674683,18,4,16,1,1,24,28
6.250633697126159,518.341191938357,2,50,2500,0,1,41,58
6.21135070061026,498.373950876248,2,12,144,0,1,50,20
6.119494883689746,454.6349929412601,5,34,1156,1,1,34,45
6.929067180793824,1021.5406223243739,9,31,961,1,1,47,46
6.8241604484486365,919.8038570448064,4,16,256,0,1,57,26
5.894221046711227,362.9340171156498,2,12,144,1,1,34,20
6.63340413495035,760.0651360602744,6,30,900,1,1,38,42
6.498169351362717,663.9251062765065,17,28,784,1,0,54,51
5.4624956851459885,235.68488627014756,7,16,256,1,1,37,29
5.273520305772201,195.10157215006,0,53,2809,1,1,29,59
6.216434473858822,500.91402213803457,3,17,289,0,1,34,26
6.852165226507929,945.9268367827752,6,20,400,0,1,43,32
6.1941093734057695,489.85497279390654,13,38,1444,1,0,39,57
6.993888616750055,1089.9516503366497,12,24,576,1,1,56,42
6.6910683755543845,805.1820295768346,9,7,49,0,1,30,22
6.360385211587856,578.4691464987548,17,5,25,1,1,28,28
5.65260041474363,285.0317035886025,0,45,2025,0,1,24,51
6.4611892297779185,639.8214990887551,3,32,1024,0,1,30,41
7.011858861636864,1109.7153962292496,15,11,121,0,1,58,32
7.142808878057109,1264.976568489806,15,34,1156,0,1,46,55
6.6711350621774415,789.2909905574322,17,2,4,0,1,21,25
6.039262406191184,419.58343857597447,7,9,81,0,0,39,22
6.354191632627517,574.8974244527756,9,28,784,1,1,40,43
6.229785246283122,507.6464528262374,15,14,196,0,1,49,35
6.133111407902223,460.867880157466,10,7,49,0,0,20,23
6.9400219311062985,1032.7928650021345,5,43,1849,0,0,54,54
5.999108889353341,403.069453929119,0,24,576,0,1,45,30
6.5344800341861,688.4757074065453,11,28,784,0,0,51,45
6.329444774164852,560.8451116939925,5,11,121,0,1,28,22
6.932407875673859,1024.9589845245255,12,12,144,0,1,59,30
6.297548152762598,543.2383385175219,16,12,144,1,0,40,34
6.019494097037298,411.37042955608393,0,51,2601,0,0,35,57
6.304227282677545,546.8788421197204,7,49,2401,0,1,31,62
6.929343457544422,1021.8228892382109,7,36,1296,0,1,55,49
7.252615391423962,1411.7924136602678,10,30,900,0,0,56,46
6.377081709608371,588.2086368913314,13,1,1,1,1,46,20
6.28380429725683,535.8232221536211,9,42,1764,0,0,26,57
7.522836028247601,1849.8059640005545,14,31,961,0,1,49,51
5.748071848458402,313.5854367485633,6,45,2025,0,1,43,57
6.6812159666127195,797.2879984165638,6,32,1024,1,1,49,44
6.361117644651261,578.8929916279558,9,15,225,0,1,39,30
6.228708399909023,507.1000898115001,3,53,2809,1,1,59,62
7.580643444278538,1959.8896395329054,17,27,729,0,1,47,50
6.4071356012369565,606.1549225910295,9,8,64,0,1,23,23
6.777490567090876,877.8630193807408,18,17,289,1,0,31,41
6.129467402821549,459.19153142728504,13,17,289,1,1,22,36
6.532462534830648,687.0881083214009,12,15,225,1,1,56,33
6.776214429911743,876.7434602509741,14,37,1369,0,1,23,57
7.073287358521823,1180.0208166369066,15,24,576,0,1,34,45
5.635680367057118,280.2495250060363,1,43,1849,0,1,47,50
5.051930386339788,156.32393900807116,3,49,2401,1,0,56,58
6.506869380027895,669.7264731694603,17,7,49,1,0,28,30
7.64342392406282,2086.8769060792492,16,38,1444,0,0,33,60
6.205607746798006,495.5200151495894,9,47,2209,1,1,51,62
6.2268767795519,506.1721250628951,8,28,784,1,0,22,42
6.745604060654774,850.3126119667836,14,39,1521,0,1,37,59
6.561935124771748,707.6397416911624,11,36,1296,1,1,33,53
6.691134459068274,805.2352405928358,8,30,900,1,1,44,44
8.00840360461499,3006.114333286304,13,36,1296,0,1,58,55
6.4261439941102445,617.787158311463,12,6,36,1,1,45,24
5.63495057600918,280.04507602309087,5,11,121,0,1,25,22
7.217265553148797,1362.7575731013483,18,36,1296,1,1,45,60
5.789786387380413,326.9431777275235,3,53,2809,1,1,20,62
8.023757772462206,3052.626884309148,16,26,676,0,0,40,48
7.915353875179088,2739.015628548538,18,16,256,0,0,33,40
5.7927311733430065,327.90737438748204,2,51,2601,1,0,27,59
6.676019663238628,793.1557934934582,13,8,64,0,1,44,27
7.415548654474528,1661.6205739133907,16,27,729,0,1,37,49
6.584308271295683,723.6503048101781,12,42,1764,0,1,34,60
6.133855932437761,461.21113536699164,8,33,1089,1,1,39,47
5.91720250809716,371.37135100393306,0,50,2500,1,0,35,56
7.5273083353945545,1858.0973915190075,16,26,676,0,1,26,48
6.797758534095809,895.8370513432162,15,14,196,1,0,48,35
7.2288513464943565,1378.6380168567857,17,30,900,0,0,50,53
5.202452522759546,181.7173617842664,1,12,144,1,1,48,19
6.243143824805685,514.4733853623981,13,12,144,1,0,36,31
6.525687293905308,682.4486553039626,16,8,64,0,1,24,30
5.887280518732521,360.42378466140286,2,38,1444,0,1,37,46
5.984655303709999,397.2855547879861,1,22,484,0,0,33,29
7.598067305362066,1994.3377221481555,7,43,1849,0,1,50,56
5.636950380764383,280.6056718520666,1,12,144,1,1,37,19
6.253474069611223,519.8155668936055,1,42,1764,0,1,44,49
5.573981249286026,263.4809974089938,8,16,256,1,0,30,30
5.883500119236399,359.06381100899637,5,52,2704,1,1,45,63
6.174252629036292,480.22398430758255,11,27,729,1,0,24,44
5.7643637659851725,318.73618870634823,8,44,1936,0,1,35,58
5.707253687072599,301.04317321536826,6,22,484,1,1,27,34
6.754550926055051,857.9543784075015,11,40,1600,1,1,32,57
6.887898521174046,980.3390891697239,4,38,1444,1,1,51,48
7.1425112547105,1264.6001379501465,15,30,900,1,1,46,51
5.989013019749867,399.02059007239035,4,31,961,0,0,45,41
6.163940142233577,475.29712853772423,11,45,2025,0,0,28,62
5.971660656497669,392.15636732810367,8,38,1444,1,0,26,52
5.815943457991483,335.6078811210511,6,11,121,1,1,27,23
6.391493800213889,596.7473355141843,18,12,144,1,1,21,36
7.149239995452426,1273.137996726433,10,31,961,0,1,37,47
6.007184830463357,406.33779881906645,11,7,49,1,1,55,24
5.687609246062075,295.1870567484769,2,19,361,0,0,43,27
7.456946708129469,1731.8521264331634,16,36,1296,0,1,53,58
7.32953296507551,1524.6695317633335,6,37,1369,0,0,57,49
7.028884505447307,1128.7707699994019,9,36,1296,0,1,30,51
7.235279757083488,1387.5290149581426,14,25,625,0,1,29,45
6.0582645796473855,427.6326701002915,1,25,625,1,0,48,32
6.797201906033345,895.3385420560435,12,29,841,1,0,59,47
5.752268636279731,314.9042537523298,3,45,2025,1,0,25,54
6.5831308856147315,722.7987906819161,17,23,529,1,0,29,46
6.378656908217908,589.1359124481309,0,33,1089,0,0,49,39
5.665435822038825,288.713781530231,1,14,196,1,0,47,21
5.658022582797714,286.58139092205835,1,30,900,1,0,48,37
6.256347778073478,521.3115137150339,3,40,1600,1,0,44,49
6.098943615543154,445.3870215537296,2,45,2025,1,1,55,53
6.701025627128454,813.2394780565807,16,0,0,0,0,46,21
7.208211482374655,1350.4747582321465,13,25,625,0,1,53,44
6.837090680291548,931.7743580636912,1,27,729,0,1,53,34
6.687483173077125,802.3004575658728,15,8,64,1,1,51,29
6.5076911370742945,670.2770518079021,10,23,529,0,0,23,39
5.7939197330222765,328.2973435761329,12,16,256,1,1,53,34
5.65293155113132,285.1261035860804,0,21,441,0,0,35,27
5.62928011458614,278.4615850280696,1,11,121,1,1,30,18
6.5820976990165985,722.0523903100643,1,32,1024,0,1,34,39
6.839535156567417,934.0548445384031,4,33,1089,0,1,57,43
6.370184458060154,584.1655730022594,3,26,676,0,1,49,35
6.454132877043494,635.3225845356444,11,14,196,1,1,46,31
4.943304760949747,140.23292091070488,2,56,3136,0,0,35,64
6.042585776260096,420.98018929134196,9,31,961,1,1,20,46
7.196343297745457,1334.541809073135,17,6,36,0,1,44,29
5.875204912631217,356.09762209587876,9,38,1444,1,1,47,53
5.832859610521048,341.33336527862065,0,46,2116,0,0,33,52
6.709377799740788,820.0602389881767,5,18,324,1,1,53,29
6.847272311753217,941.3098019962353,10,8,64,0,1,23,24
5.606914236065235,272.30267846095046,1,39,1521,1,1,33,46
6.6770698570078135,793.9891983074527,6,16,256,0,0,35,28
6.923596577562194,1015.9674371363795,17,27,729,1,1,34,50
6.408944254851811,607.2522389163738,18,0,0,1,1,53,23
5.6901736130464995,295.94499609299845,3,55,3025,0,0,32,64
6.628008568989333,755.9751981710505,12,14,196,0,0,36,32
6.345365268114135,569.8454980958736,17,26,676,1,1,47,49
6.668100646582127,786.8995837624223,12,10,100,1,1,29,28
6.7087877982451065,819.5765449247663,18,16,256,0,1,36,40
6.884156713658885,976.67770337087,16,21,441,0,0,27,43
6.1639945049900815,475.3229677021279,0,45,2025,0,1,21,51
6.124722344736791,457.01780225279293,5,52,2704,0,1,20,63
7.554691562710726,1909.6811362090202,18,27,729,0,1,24,51
6.276331726416296,531.8341679751964,0,40,1600,1,0,54,46
6.401682572854901,602.8585384007957,7,8,64,0,0,41,21
6.571232366965131,714.2495184915596,16,12,144,1,0,35,34
7.687730328497785,2181.4178373875825,14,32,1024,1,1,28,52
6.827165315439799,922.5719020138879,17,7,49,0,1,55,30
6.258832206489465,522.608285054056,6,46,2116,1,1,28,58
7.057002233957969,1160.959658574841,15,35,1225,1,1,33,56
5.494499857050995,243.34978603984626,6,20,400,0,0,29,32
7.166478984360313,1295.2758776248784,16,24,576,0,1,41,46
5.6713079152206385,290.41412315462503,3,37,1369,1,1,35,46
5.968770016777273,391.02442136826795,11,11,121,1,0,22,28
7.028216993022142,1128.0175529041176,12,31,961,0,1,47,49
6.6048560145872415,738.673503345038,3,10,100,0,0,49,19
6.106752996003854,448.8788349609152,0,58,3364,0,0,48,64
5.6653587841059325,288.69154047401787,0,25,625,0,0,20,31
6.377346363935032,588.3643294535103,6,25,625,0,0,47,37
5.409271350757796,223.4686980455611,8,25,625,1,0,41,39
5.3348231677947116,207.436064187837,0,22,484,1,1,51,28
7.305809621642728,1488.9249398514792,15,23,529,0,1,30,44
6.422018964012819,615.244016563898,17,0,0,1,0,45,20
6.551395710200418,700.2207974250905,14,14,196,0,1,50,34
6.3843508409274925,592.4999809915375,5,50,2500,0,0,39,61
5.9937470162439395,400.91403038063356,1,38,1444,0,1,39,45
6.498922510830067,664.4253361086808,8,32,1024,0,1,52,46
6.19495081541954,490.26733081202053,3,29,841,0,1,24,38
6.662915331707981,782.8298222625012,12,46,2116,1,1,22,64
6.464555734949522,641.9790912091266,10,17,289,0,0,53,33
6.851367410477083,945.1724621544823,12,36,1296,1,0,50,54
6.387111827354967,594.1381258044936,10,21,441,0,1,26,37
6.731063614273405,838.0381414251019,18,0,0,0,0,49,23
5.398534206521179,221.08211785841044,7,23,529,1,1,37,36
5.852770101023451,348.1975882669883,6,10,100,1,0,35,22
5.880531912337522,357.9996154855888,15,0,0,0,0,32,20
5.53244792985579,252.76189771670133,2,10,100,1,1,52,18
6.658574096276528,779.4387397708143,16,33,1089,1,1,26,55
7.254771402329033,1414.8395371351867,17,9,81,1,1,49,32
6.714533084807526,824.2987993983162,14,31,961,0,0,30,51
7.00475338189223,1101.8582832947993,16,30,900,1,0,25,52
6.1292266404458635,459.08098869108403,10,26,676,0,0,40,42
6.242257776615469,514.017739042492,4,31,961,1,0,51,41
7.107286567020176,1220.8304062216262,15,8,64,0,1,24,29
6.915873279881715,1008.1510412154685,14,15,225,0,0,48,35
6.906830408511151,999.0755570898854,9,17,289,1,1,54,32
6.93016754797645,1022.6653107725464,13,42,1764,0,1,31,61
6.109033437325734,449.9036448699899,1,26,676,0,0,56,33
5.915571752102469,370.7662284847181,15,23,529,1,1,41,44
6.314649190377959,552.6081663216044,18,1,1,1,1,30,25
6.198700903489517,492.10932814782325,7,50,2500,0,1,42,63
7.3705235380414456,1588.4651873426558,14,22,484,0,1,29,42
6.815705664556266,912.0598970943585,9,19,361,0,0,43,34
6.541463223979261,693.3002898208256,4,36,1296,0,0,35,46
5.560469243872253,259.94478520641235,15,4,16,1,1,31,25
6.664974243654283,784.4432603289713,11,15,225,1,1,51,32
6.980404644740485,1075.3534150734497,12,26,676,0,0,43,44
5.805743311601045,332.2020312171486,8,49,2401,0,1,23,63
6.137708258238299,462.99129760419083,16,2,4,1,1,52,24
6.679099870540216,795.6026442290473,11,3,9,1,0,37,20
6.164841670067806,475.7258153361357,4,36,1296,1,0,36,46
6.847094108206991,941.1420721968884,11,44,1936,0,1,40,61
5.993288127276462,400.7300975607835,0,35,1225,0,0,20,41
6.39910441278965,601.3062744443796,15,0,0,0,1,44,20
7.107246573103573,1220.7815814085284,11,20,400,0,1,50,37
6.689849186257079,804.2009584412297,8,49,2401,0,0,39,63
6.083950562505516,438.75912070933595,12,14,196,1,1,45,32
6.968166980204094,1062.273795950972,16,20,400,0,1,38,42
6.8350426813820215,929.8680379315341,16,25,625,1,0,49,47
6.481142240631601,652.716079456311,3,22,484,0,0,44,31
7.510232389354882,1826.6379847196808,13,5,25,0,1,55,24
7.607931402526813,2014.1074079700556,18,10,100,0,0,37,34
6.558995627175846,705.5626906106139,6,49,2401,0,1,23,61
6.102352165799048,446.9077358432271,2,29,841,1,1,46,37
7.147056045416598,1270.3605609472993,0,47,2209,0,1,52,53
6.59236955876517,729.5074342281797,11,9,81,0,1,25,26
6.905787669825346,998.0343253171354,14,35,1225,1,1,26,55
6.804125474460099,901.5589887126274,10,23,529,0,0,20,39
6.269204129690609,528.0569457503653,9,4,16,0,1,57,19
6.678650261107632,795.2450141785597,1,34,1156,0,1,54,41
5.656066068310096,286.0212384307562,3,16,256,0,0,42,25
7.315923233441822,1504.059753500747,16,6,36,0,1,35,28
7.398902409586162,1634.1897742470169,16,8,64,0,0,53,30
6.669492734324938,787.9957798513427,7,21,441,1,1,53,34
6.60656391879823,739.9361648774953,13,6,36,1,1,50,25
6.720202872235941,828.9856726002453,3,29,841,0,0,50,38
5.794066966708477,328.3456835627473,5,24,576,0,1,30,35
7.196778728665868,1335.1230363743725,18,23,529,0,1,27,47
5.794095743652764,328.3551324841449,3,26,676,1,1,43,35
6.032460156625433,416.73901252881325,2,55,3025,0,1,42,63
5.965367862164585,389.69635625185816,5,53,2809,1,0,51,64
6.175051792766089,480.6079152894442,6,36,1296,1,1,34,48
8.145569585817636,3448.0688021958513,13,36,1296,0,1,47,55
6.460332818675931,639.2737834220103,11,32,1024,1,1,39,49
6.844856682121515,939.0386903326154,15,7,49,0,1,33,28
7.100556114028388,1212.641253827564,7,49,2401,0,0,45,62
6.430397127248335,620.420284896483,1,35,1225,0,0,56,42
6.993795425769271,1089.8500814060756,12,32,1024,0,1,21,50
7.0341586766449655,1134.7398273617935,7,42,1764,1,1,53,55
6.747696695011436,852.0938684617307,15,37,1369,1,1,53,58
6.73420025689715,840.6708944239228,3,16,256,0,1,53,25
6.923107989109458,1015.4711684236923,15,7,49,1,1,28,28
6.813065755504022,909.6553172483647,5,28,784,0,1,22,39
6.413267900934583,609.8834668305567,3,32,1024,0,0,49,41
7.1775604925122565,1309.7093122317906,15,37,1369,0,1,38,58
6.874325385541027,967.1227105000462,12,16,256,1,0,50,34
5.552917879160233,257.9892401379386,4,19,361,1,1,35,29
6.926186318062091,1018.6019390206077,14,43,1849,1,0,43,63
6.257706396914515,522.0202587077474,7,36,1296,1,0,34,49
6.597020694260127,732.9083751367804,6,20,400,0,1,41,32
6.857615606762774,951.096573453887,13,14,196,0,0,51,33
6.988981250497035,1084.6159611887374,6,27,729,0,1,30,39
6.3849398240124735,592.8490562478125,6,33,1089,1,0,48,45
7.44334423614637,1708.4541523189366,17,14,196,0,0,43,37
6.533383807496008,687.7213954845759,9,35,1225,1,1,38,50
7.0649569913135775,1170.2316402478807,17,4,16,0,0,24,27
7.258604201043715,1420.272737825613,13,38,1444,0,1,57,57
6.19193352878036,488.7902832037305,9,34,1156,0,1,20,49
6.239758267700842,512.7345514589451,6,38,1444,1,1,49,50
5.89526656976755,363.3136714325551,6,7,49,0,1,31,19
5.57933657867829,264.8958099509687,6,38,1444,0,1,23,50
6.3335630008539505,563.1595614447406,4,40,1600,0,1,34,50
5.026162986188723,152.34733096670948,0,52,2704,1,0,36,58
6.322590294959423,557.0139558277326,13,11,121,1,1,31,30
6.574633943559006,716.6832298169378,17,24,576,1,0,20,47
6.755083910374934,858.4117765205503,12,32,1024,0,1,32,50
6.38912821753374,595.337348730546,7,17,289,1,1,49,30
5.951927600241584,384.49377549365136,7,30,900,1,0,29,43
6.381484259189975,590.803963414443,9,24,576,0,0,55,39
6.777384664543036,877.7700563729308,16,34,1156,0,0,25,56
6.243855222383033,514.839510697252,5,8,64,0,1,28,19
7.1928042971225485,1329.8272121808698,14,35,1225,0,1,21,55
7.560483042003735,1920.7731034116412,14,36,1296,1,1,25,56
6.490311880648118,658.7287759390027,15,22,484,1,1,30,43
6.270002283626928,528.4785847242364,7,50,2500,1,1,45,63
7.091143324877044,1201.2804696032138,18,8,64,0,1,47,32
6.394712052688959,598.6709127220187,14,31,961,1,1,32,51
5.860101912773171,350.75988911145834,2,51,2601,0,0,57,59
5.770791940549038,320.7916800176741,5,50,2500,0,0,31,61
6.384526708042657,592.6041914172541,7,44,1936,1,1,38,57
6.723457351165133,831.6879839268042,15,7,49,0,1,37,28
6.101983123950255,446.7428386150121,14,0,0,1,1,38,20
6.172757916119377,479.5067234982639,12,5,25,1,1,47,23
5.922352649744431,373.2888996505009,14,6,36,1,0,31,26
6.781145186096035,881.0771438781486,17,0,0,0,0,51,23
6.884690558631894,977.1992370497446,12,8,64,1,0,32,26
6.523666848827652,681.0711972853258,7,43,1849,1,1,42,56
6.963609627429153,1057.4436542091348,13,29,841,1,0,55,48
6.01022264679581,407.5740552300554,10,33,1089,1,1,49,49
5.967880675451068,390.67682178103905,5,47,2209,1,0,41,58
5.950484539296184,383.93932768968955,0,23,529,0,1,57,29
5.721811393222058,305.4577261885861,1,18,324,1,1,22,25
6.542045432681118,693.7040528083166,12,7,49,1,1,28,25
5.8380161030400695,343.0979939604353,0,39,1521,1,1,34,45
6.129485477308296,459.19983115354074,3,28,784,1,1,49,37
5.754810756278393,315.7057965307649,1,57,3249,0,0,45,64
6.875182966904283,967.9524526474012,15,3,9,0,1,49,24
4.991534150290779,147.16201905702758,2,20,400,1,1,24,28
7.05245161111193,1155.6885714900666,16,15,225,0,0,50,37
5.993103717147325,400.6562056851579,4,23,529,0,1,41,33
5.425846237346896,227.20353310104787,7,8,64,0,1,34,21
6.632407870298486,759.3082871056341,11,6,36,0,0,54,23
5.986111767302413,397.8646083171567,11,22,484,1,1,38,39
6.258551574830359,522.4616452008139,0,37,1369,0,1,53,43
5.346332022668982,209.83720644183387,0,14,196,0,0,37,20
6.710622174824642,821.081336699346,14,38,1444,0,1,33,58
7.474042092812729,1761.7133218137208,16,37,1369,0,0,41,59
6.331402751211132,561.9443092998849,1,24,576,0,1,43,31
7.115846886333065,1231.3259628920287,16,6,36,0,1,32,28
6.026764460190861,414.3721405118894,8,21,441,1,1,27,35
5.933504098957399,377.4749085102121,11,12,144,0,0,21,29
5.7313142247379885,308.37427528520783,3,31,961,1,0,46,40
6.555468856810699,703.0787158016492,12,11,121,1,1,53,29
5.614791824081154,274.45623806834095,3,21,441,1,1,48,30
6.762946447136804,865.1876736335024,6,30,900,0,1,45,42
7.694048051296384,2195.2430565587765,13,43,1849,0,1,42,62
6.497443576914413,663.4434212172816,8,22,484,0,0,55,36
5.48850584482226,241.89550728292005,0,57,3249,0,0,28,63
6.444254538240012,629.077548868464,0,47,2209,0,0,40,53
6.379998230758672,589.9266639349113,3,53,2809,1,1,55,62
5.824876160960485,338.61919620525026,0,19,361,0,1,22,25
6.452346746441568,634.188828245128,9,31,961,0,1,26,46
6.516386080106185,676.1304833382393,1,42,1764,0,1,42,49
7.010378982506961,1108.0743661368244,14,41,1681,1,1,51,61
5.8917559635190155,362.0404563734465,2,27,729,1,0,42,35
5.4483905181384475,232.38384717191718,8,9,81,0,1,35,23
7.373550916246155,1593.2813587375545,16,13,169,0,1,24,35
6.905818227272544,998.0648231642984,12,18,324,0,1,32,36
5.442008629981946,230.90552172122545,2,31,961,1,0,29,39
5.9180981926787855,371.70413160806487,3,45,2025,1,0,21,54
6.1660516700984305,476.30179198286754,3,40,1600,1,1,35,49
6.772072423469828,873.1194936184046,10,42,1764,0,0,20,58
5.532994982824752,252.90020969182663,6,8,64,1,1,25,20
6.358425943189634,577.3368797501089,10,29,841,1,1,38,45
6.307916565780583,548.9001593043826,10,11,121,1,1,52,27
6.303586395398709,546.5284667143036,9,37,1369,1,1,47,52
6.118661741220999,454.25637496412105,4,36,1296,0,1,24,46
6.81614656886636,912.4621168977576,12,14,196,0,0,31,32
6.8395338452206635,934.053619669418,11,33,1089,0,1,49,50
6.2650111216079925,525.8474341958317,9,9,81,1,1,36,24
5.397693961911182,220.89643282186333,6,17,289,1,1,38,29
7.682282151992908,2169.5654043697527,18,23,529,0,0,59,47
7.365129367156207,1579.9198030289785,18,14,196,0,0,44,38
7.538838976241422,1879.646443634172,18,24,576,0,1,54,48
6.254065396322744,520.1230386225378,11,24,576,1,1,28,41
7.562900215056347,1925.4215601963226,14,17,289,0,1,51,37
6.198677098718906,492.0976137375813,4,44,1936,0,1,58,54
7.443313576904556,1708.401773212909,13,2,4,0,1,57,21
6.875051971771816,967.8256638921806,11,28,784,0,1,34,45
6.324292179563236,557.9627364318111,10,45,2025,1,0,56,61
5.593989512680473,268.8058878681452,4,27,729,1,1,45,37
7.362231389574331,1575.3478587543486,15,20,400,0,0,50,41
6.954118758411717,1047.4550701432604,17,26,676,1,0,49,49
6.981562137075244,1076.5988490596485,11,41,1681,0,1,21,58
6.461135162783395,639.786906798427,4,43,1849,1,1,26,53
7.172656824163105,1303.3026530346274,15,30,900,0,1,49,51
6.779348978054645,879.4959665140988,11,36,1296,0,0,52,53
5.774052216952413,321.8392563286728,1,12,144,0,1,58,19
6.34219088918128,568.0394605920101,5,21,441,0,1,57,32
6.660881661039809,781.2394219381747,3,42,1764,0,1,39,51
6.98642951364419,1081.8518348307869,12,35,1225,1,1,38,53
6.073237202777978,434.08362626188875,9,8,64,1,1,28,23
7.634906064560437,2069.176672862675,16,34,1156,0,1,41,56
7.5484459257231284,1897.7911300517183,13,40,1600,1,1,51,59
6.694332102993968,807.8142172957797,14,9,81,0,0,49,29
6.125016000304137,457.1520277818728,7,7,49,1,1,25,20
7.246049563009163,1402.5531916799243,17,39,1521,1,1,36,62
5.918397721126394,371.8154842453838,2,27,729,1,1,56,35
7.317333643390747,1506.1825910245389,16,35,1225,0,1,34,57
6.140423976615991,464.25036043602927,6,26,676,0,1,26,38
7.324803730514205,1517.4760351927187,12,14,196,0,1,33,32
6.694720855057004,808.1283177889547,15,29,841,0,0,39,50
5.527552769952537,251.5276112893666,4,42,1764,1,1,49,52
5.737960231998034,310.43055842517384,3,34,1156,0,1,37,43
6.356603380151004,576.2856051903208,9,10,100,0,1,41,25
7.233466232850651,1385.0149777884449,12,35,1225,0,1,44,53
6.344739790941418,569.489184189563,9,32,1024,0,1,43,47
6.910165121541749,1002.4127485640621,13,21,441,1,1,50,40
7.076170909373713,1183.4283772439956,11,42,1764,0,1,37,59
5.741892724596586,311.65372777444367,0,55,3025,1,1,53,61
6.359959927741029,578.2231852202476,6,19,361,0,1,37,31
6.387429685071949,594.3270072098501,8,17,289,1,1,33,31
5.658495405149603,286.71692504857896,7,6,36,1,0,23,19
6.385804362961067,593.361818967309,12,36,1296,1,0,26,54
5.461674377799613,235.49139600998683,13,3,9,1,1,26,22
6.328761514860838,560.4620399368906,11,38,1444,0,0,20,55
6.122564805141705,456.0328311878942,7,49,2401,1,1,59,62
7.108500310137626,1222.3130803354827,17,35,1225,1,0,43,58
6.881612371101606,974.1958593949506,15,43,1849,1,1,51,64
6.774892490898504,875.5852245933878,10,15,225,1,1,29,31
7.215464113264087,1360.3048571294544,15,35,1225,1,1,28,56
7.789096819163975,2414.1361957025606,13,23,529,0,1,58,42
5.873240289141889,355.3987111162807,2,29,841,0,1,22,37
5.848022344489576,346.54834908325284,1,12,144,0,1,54,19
5.641757185547481,281.9577354873371,2,48,2304,1,1,24,56
6.058158530956667,427.58732262008175,3,14,196,0,0,26,23
6.191763713802178,488.7072863397077,4,24,576,1,0,31,34
6.513192106422657,673.9743854607124,9,27,729,0,0,42,42
6.59598609782327,732.150502856903,1,38,1444,0,1,44,45
5.8013604012422855,330.7492056212221,11,2,4,1,0,36,19
5.915526415702731,370.74941965980275,4,42,1764,1,0,33,52
5.928579128993793,375.62042630678076,4,44,1936,1,0,54,54
6.3575801932636296,576.8488035510782,0,16,256,0,1,20,22
6.673493738569379,791.1548698631683,3,9,81,0,1,41,18
7.355135479313763,1564.2088989878805,11,40,1600,0,1,47,57
6.4737773336498865,647.9265451324522,11,12,144,0,0,42,29
6.7024776152216825,814.421149774688,15,32,1024,0,1,37,53
7.6347683248059415,2068.891684603304,16,40,1600,0,1,56,62
6.770310640847664,871.5826011002679,9,25,625,0,1,22,40
6.410290188384889,608.0701103445916,16,42,1764,1,1,33,64
7.996512553489122,2970.5801620836346,16,26,676,0,0,58,48
7.4208145399356065,1670.3935560222976,17,5,25,0,1,26,28
5.679643938211113,292.845140392339,1,20,400,0,1,36,27
5.478535030949344,239.4955966170409,3,11,121,1,0,25,20
7.286531391822086,1460.4960128321036,18,7,49,0,1,38,31
6.4577916656018575,637.6513531769599,10,17,289,0,0,34,33
7.315443708590768,1503.338692368657,16,5,25,0,1,58,27
6.0073869108337234,406.41992000920635,11,29,841,1,0,24,46
5.735794720250661,309.7590447519531,1,20,400,1,1,34,27
6.21579359065469,500.5930976030888,5,18,324,1,1,45,29
6.744432885991935,849.317330318245,8,33,1089,0,1,58,47
6.037944345019955,419.030766245479,4,48,2304,1,0,32,58
6.1286143755400095,458.79999554266345,8,4,16,1,1,50,18
5.791890860065719,327.63194520666974,7,9,81,1,1,32,22
5.806381612721946,332.41414383469913,7,24,576,1,0,42,37
6.7329693433708755,839.6367378580586,5,14,196,0,1,59,25
6.282019450706268,534.8677128962123,2,52,2704,0,1,51,60
5.7538249539746005,315.39472638125096,4,19,361,1,0,56,29
5.686794627037906,294.94668967344955,8,4,16,1,1,23,18
6.357992937499236,577.0869437116688,6,25,625,0,1,36,37
6.387578234091139,594.4153004616245,3,36,1296,0,0,39,45
6.6559895436752,777.4268403981849,6,48,2304,1,1,30,60
6.469621623794713,645.2395374825363,4,44,1936,0,1,52,54
6.9747435963686035,1069.2829860817458,10,48,2304,0,0,58,64
7.297506796138669,1476.6138350886013,14,34,1156,0,1,25,54
5.469282121696548,237.28978641367797,1,22,484,1,0,58,29
6.950642076013965,1043.819724671062,12,36,1296,1,1,57,54
7.236471584509869,1389.1836959442937,15,40,1600,0,0,37,61
6.260113069373951,523.2781034907181,6,33,1089,1,1,21,45
6.6690474629203,787.6449859686383,7,51,2601,0,1,57,64
5.675355521741376,291.5919874106512,5,21,441,0,0,36,32
6.248477105295183,517.2245460656306,6,11,121,1,1,43,23
7.702903226708486,2214.768642551309,17,38,1444,0,1,49,61
6.635835014085727,761.9150100401461,6,25,625,0,0,43,37
5.021913497260877,151.70130628012362,2,23,529,1,1,23,31
5.935124657757803,378.0871247273352,4,9,81,0,1,26,19
5.773635789761376,321.7052616126524,0,20,400,0,1,34,26
6.584985591975474,724.1406141561481,14,34,1156,1,0,49,54
5.677149427643564,292.1155454644342,2,29,841,1,1,48,37
5.991317690572134,399.94126169881815,7,30,900,0,0,32,43
7.019581365671593,1118.318353284764,8,32,1024,0,1,59,46
6.037255429409194,418.7421888233819,14,0,0,1,0,58,18
6.273526152019328,530.344158793251,9,37,1369,1,1,48,52
6.020329462861652,411.7142179286213,1,16,256,0,1,45,23
6.03075025180238,416.02703735969493,4,44,1936,1,1,55,54
6.723442527657664,831.6756554851378,18,0,0,1,1,54,22
6.662428536655499,782.4488373164054,12,32,1024,1,1,38,50
6.566613699801145,710.9582441946814,10,15,225,0,1,21,31
5.365668907291599,213.93428903641478,0,23,529,0,0,33,29
7.4902550053087245,1790.5086228364228,14,39,1521,0,1,35,59
7.52768739282051,1858.8018506402063,17,14,196,0,0,55,37
7.042535546532946,1144.2853201089383,15,20,400,1,1,59,41
6.713512166163713,823.4576868127538,8,46,2116,0,0,50,60
5.948303509589215,383.1028571254827,0,45,2025,1,0,54,51
6.8649551564987075,958.1028741528161,10,26,676,0,0,41,42
6.618281759904729,748.6576177928241,8,32,1024,1,1,40,46
6.93452203141155,1027.1281996639023,10,40,1600,0,0,47,56
7.125142496940367,1242.825253233574,12,30,900,0,1,36,48
6.042216133231033,420.8246056559715,1,57,3249,0,1,37,64
5.945127560029741,381.8880718446437,13,41,1681,1,0,51,60
6.101086368088282,446.34239893084185,5,29,841,0,1,42,40
6.606766341707417,740.0859600690806,7,48,2304,0,1,25,61
7.230390271582024,1380.761270833105,17,32,1024,0,1,48,55
6.590044854431918,727.813514828438,15,16,256,1,1,25,37
6.445669063520094,629.9680246162206,11,23,529,1,1,52,40
6.531229147974187,686.2411852786062,10,46,2116,1,0,51,62
4.99159404725001,147.1708338784713,5,22,484,1,1,36,33
5.8051678408192195,332.010913651082,2,51,2601,0,0,23,59
6.25274383885842,519.4361201395794,13,6,36,1,0,50,25
5.817027403897388,335.971859140386,1,31,961,0,1,41,38
6.5779696532211025,719.0778686808779,10,2,4,0,0,46,18
6.242989606289358,514.3940501578537,2,17,289,1,0,40,25
6.244718746663901,515.2842791220188,17,23,529,1,1,39,46
5.9665905154792656,390.1731111871585,0,43,1849,0,1,53,49
5.259653058935432,192.41472314672166,0,49,2401,0,0,42,55
5.339165211946711,208.33871900261587,11,5,25,1,0,35,22
6.469965476922883,645.461443265231,14,44,1936,1,0,25,64
5.952235596556202,384.6122163982416,4,29,841,0,1,35,39
5.811437223113582,334.0989555217986,5,53,2809,0,1,26,64
6.5738588396046485,716.1279410425478,15,30,900,1,1,33,51
5.659334885918091,286.95771945015076,11,1,1,1,0,22,18
6.929458625501212,1021.9405772693806,11,26,676,1,0,52,43
6.409542171957716,607.6154339870734,2,52,2704,0,1,55,60
6.144818044069668,466.29479624012595,1,20,400,0,0,58,27
6.379761851668256,589.7872340864777,6,35,1225,0,1,48,47
6.236698258365105,511.1679770333149,1,28,784,1,0,58,35
6.665550370603707,784.8953294436365,6,22,484,0,1,23,34
7.187629409863135,1322.9632816343887,10,27,729,0,0,58,43
6.562741005173827,708.2102445383797,10,9,81,0,1,59,25
7.04834053403474,1150.9471994462122,13,45,2025,1,1,41,64
6.509760167926152,671.665311388087,2,49,2401,0,1,34,57
6.368896430693209,583.4136361190035,13,10,100,1,0,23,29
6.463700793231147,641.4304710542727,10,28,784,1,1,37,44
5.656233257316677,286.0690620351494,3,16,256,1,1,42,25
7.368718586905111,1585.6006712312183,16,20,400,0,0,57,42
6.537044459226942,690.2435174900525,15,42,1764,1,1,23,63
4.7669922574642705,117.56510408559586,2,13,169,0,1,23,21
6.569954553020057,713.3374233646113,9,35,1225,0,1,37,50
6.150614081208069,469.0053057152903,14,0,0,1,1,20,18
6.876996019595286,969.70899331566,7,23,529,0,1,51,36
8.001158235547328,2984.412638811448,17,25,625,0,1,40,48
6.65015293938903,772.9025237360989,2,25,625,0,0,57,33
6.681105320487007,797.1997864687072,6,19,361,0,1,45,31
5.867032624572601,353.1993486442761,9,7,49,1,1,40,22
6.849920889506645,943.8062387409309,8,44,1936,0,1,48,58
6.719891636007384,828.7277023729004,13,24,576,1,1,51,43
5.582475740895908,265.7286674225877,13,26,676,1,0,23,45
7.059578503628756,1163.9544597835802,10,3,9,0,0,32,19
5.693447708924339,296.9155363386907,0,17,289,0,1,54,23
5.371508266568998,215.18718269986462,3,17,289,0,0,46,26
5.334375140899214,207.3431480679992,5,39,1521,1,1,20,50
6.0199161562349275,411.5440888741892,4,48,2304,1,0,58,58
6.292759464265454,540.6431580493712,2,34,1156,1,1,33,42
6.024401463285584,413.3941363916593,1,23,529,0,1,56,30
6.172795829373931,479.5249035033619,2,18,324,0,0,49,26
6.396468691096961,599.7234852650705,8,16,256,0,0,33,30
7.306641259939173,1490.1637018815675,18,24,576,0,1,30,48
7.132974247669008,1252.5969656774964,18,34,1156,0,0,50,58
6.775410565963321,876.038960989979,16,6,36,1,0,47,28
7.071681486253807,1178.1273746516795,17,0,0,0,1,46,21
6.371496787753517,584.9326940773379,10,35,1225,1,1,22,51
7.256547639954463,1417.354861600645,11,38,1444,0,1,25,55
5.958380473936332,386.98288758918534,2,55,3025,1,0,58,63
6.430360994417577,620.3978677603301,17,0,0,0,0,38,21
6.720314239090469,829.0779992680218,5,44,1936,1,1,53,55
6.852337684601205,946.0899835890149,6,24,576,0,0,47,36
5.542223493990457,255.24490448124666,0,17,289,1,0,31,23
6.627818908798421,755.8318333663682,5,40,1600,0,1,58,51
7.73050388374433,2276.74912867975,17,12,144,0,1,29,35
7.431717764563274,1688.7058824703527,12,12,144,0,1,44,30
7.767404090826785,2362.330925371906,18,34,1156,0,1,42,58
5.6512017588003065,284.63332096739737,6,28,784,1,0,45,40
6.630881685076385,758.1503258752579,18,12,144,1,1,38,36
7.395028435613491,1627.871212469356,8,48,2304,1,1,57,62
5.461927971076205,235.55112261752325,2,20,400,1,0,39,28
6.840497274882179,934.95394826405,11,1,1,0,1,37,18
6.445138355833584,629.6337844430609,17,18,324,1,1,30,41
6.194948395847213,490.26614457618894,7,11,121,0,1,44,24
5.996624905800266,402.06947851022755,8,28,784,1,1,20,42
7.084895177859086,1193.7980924577957,12,20,400,0,0,51,38
6.492961807509438,660.476673894732,7,19,361,1,1,52,32
6.910026063044058,1002.2733642446921,9,3,9,0,0,26,18
6.5809661142003515,721.2357889026684,16,7,49,0,1,50,29
5.761492435581585,317.8223044566871,6,12,144,0,1,45,24
6.755617889351362,858.8702727651144,16,10,100,0,1,26,32
7.391452519860667,1622.0604776980244,17,15,225,0,0,55,38
6.308721611471127,549.3422269306132,1,29,841,0,1,43,36
5.80329181766298,331.38863737380757,2,38,1444,1,1,24,46
6.9002652725515174,992.537973766679,18,18,324,0,0,41,42
5.9881260114343,398.6668124159706,0,44,1936,1,1,55,50
6.280322777642485,533.9609866815423,9,34,1156,0,1,22,49
7.349973828966606,1556.1558010987887,13,33,1089,0,1,56,52
7.003015627066577,1099.945186473864,12,43,1849,1,0,57,61
5.559817343217724,259.77538225374207,8,41,1681,0,0,25,55
6.923036283731522,1015.3983562903187,5,32,1024,0,1,44,43
5.454699157411047,233.85450709040853,5,17,289,1,1,42,28
7.0673661074281595,1173.05426279776,18,28,784,0,1,31,52
6.983976078257072,1079.20083461424,9,10,100,1,0,47,25
6.091070336156321,441.8941333832156,2,55,3025,0,1,59,63
7.647815724226514,2096.0622076576974,17,8,64,0,1,51,31
6.99155944483748,1087.4159197891763,18,3,9,1,0,44,27
6.359175920366307,577.7700316398859,4,9,81,1,1,53,19
6.378944146488543,589.3051591346903,10,47,2209,0,1,49,63
6.110780277423302,450.69024142607157,9,11,121,1,0,56,26
5.839929630878926,343.755150066066,16,0,0,1,0,37,20
6.5961727295625625,732.2871581303839,3,29,841,0,1,54,38
7.363083947018721,1576.691505985671,17,20,400,0,1,56,43
6.806552629714826,903.7498700785827,17,2,4,1,1,25,25
6.03165907099646,416.4053025778131,0,13,169,0,1,38,19
6.319220168606908,555.1399080790775,13,4,16,0,0,41,23
6.547536537139865,697.5237317561459,7,32,1024,0,0,51,45
5.943175536478393,381.14334443362253,1,39,1521,1,0,46,46
6.9289539651698435,1021.424974512089,18,19,361,1,1,35,43
6.530039559330264,685.4253259223308,14,22,484,1,1,45,42
5.972437004174767,392.46093522292983,1,22,484,1,1,58,29
5.7015722083243014,299.3376523524288,3,13,169,0,1,23,22
5.2618033285907035,192.82891183622792,0,45,2025,0,1,35,51
7.399751489955554,1635.5779219452736,18,30,900,1,1,38,54
6.2124657452820795,498.92997003023436,9,17,289,1,1,47,32
5.639597668813432,281.3495000229658,0,55,3025,0,1,36,61
7.282131889104007,1454.0846703545249,14,33,1089,0,1,21,53
6.10969357197685,450.200739906207,3,23,529,0,1,21,32
6.423591445663514,616.2122375459986,6,48,2304,0,1,43,60
6.674495533085238,791.9478416040446,6,28,784,0,1,46,40
6.5657416929839565,710.338553985318,17,0,0,0,1,23,23
6.279284901742588,533.4070889302649,12,45,2025,1,0,55,63
6.6489076963915705,771.9406712750085,9,46,2116,0,1,39,61
5.858358539785999,350.14891652709423,7,47,2209,1,0,31,60
6.361305746602813,579.0018927713583,9,47,2209,0,0,47,62
6.6525897013404185,774.7881997367715,13,19,361,0,1,48,38
6.842561956104794,936.8863243088462,13,21,441,1,1,52,40
5.654673277146374,285.6231478700942,10,44,1936,1,1,37,60
6.301380465592956,545.3241920409305,5,22,484,0,1,31,33
5.389961996351878,219.195055183916,0,58,3364,1,1,29,64
6.566554769317507,710.9163483159883,18,8,64,1,0,43,32
6.5504637785443105,699.5685434729648,6,30,900,0,1,36,42
7.632562301929257,2064.3326926867926,17,30,900,0,0,51,53
5.522913100661011,250.36330943169818,2,20,400,1,0,44,28
6.416848602311111,612.0711918572874,10,16,256,0,1,26,32
6.153856183818336,470.5283366183351,4,11,121,0,1,39,21
7.120190087910405,1236.6854900848539,18,14,196,0,1,48,38
5.745760118644619,312.86134921509915,1,23,529,0,1,38,30
6.053775492945109,425.7172923324594,3,30,900,1,1,30,39
6.546548118530782,696.8346269375173,9,21,441,0,0,52,36
5.67998633857323,292.9454278427035,1,44,1936,0,1,34,51
6.111132915082989,450.8491998037598,7,18,324,0,1,50,31
5.337835226678512,208.0618157549838,0,15,225,1,0,32,21
6.251572510645472,518.8280461538669,5,52,2704,1,1,38,63
6.623907825879092,752.881485681072,10,28,784,1,1,25,44
6.102867818574108,447.1382444835127,9,31,961,1,1,47,46
6.8279873762111984,923.3306239983915,12,46,2116,1,1,41,64
5.556168369806095,258.82919614475196,0,39,1521,0,0,47,45
6.432281405420003,621.5904313911051,1,45,2025,0,0,35,52
5.910818348798711,369.0080091426877,2,17,289,1,1,52,25
5.951771952549695,384.4339345821208,8,19,361,1,1,45,33
6.217266377421137,501.3309076777051,4,49,2401,1,1,42,59
6.027184988290851,414.5464322855532,9,38,1444,1,0,20,53
6.951969021941128,1045.2057363813312,9,32,1024,0,0,48,47
6.785408811640696,884.8417466209127,11,18,324,0,1,27,35
7.744495148846704,2308.8276153227544,17,0,0,0,1,58,19
5.4380525071432935,229.9938356732304,0,24,576,0,0,22,30
6.215956583652543,500.6746974226907,2,13,169,0,1,32,21
6.1625716609366386,474.64713815810927,4,33,1089,0,1,39,43
6.9843885030393045,1079.6460155789616,16,20,400,0,0,24,42
6.09951287409416,445.64063410296393,7,34,1156,1,1,31,47
7.373109021058161,1592.5774509102027,16,6,36,0,1,36,28
6.404941854526654,604.8266297254173,8,10,100,1,1,33,24
6.5116158330213265,672.9128544151022,5,37,1369,0,0,45,48
7.65164378237389,2104.101433163225,16,39,1521,0,1,49,61
6.544516089069441,695.4200761370887,7,14,196,1,1,51,27
6.988481660013576,1084.0742327087848,6,44,1936,0,1,49,56
5.87872480006702,357.35325418722573,6,18,324,1,0,31,30
7.605491723305988,2009.1996211253897,14,28,784,0,1,55,48
6.848443681647865,942.4130700011434,6,12,144,0,1,38,24
6.595043917361863,731.4610098227399,7,46,2116,0,1,44,59
6.944437352095566,1037.3631627649788,8,45,2025,0,1,52,59
6.896577014876246,988.8839805433904,14,33,1089,0,0,40,53
6.190108254259823,487.89892049221,1,30,900,1,1,21,37
6.147992055515218,467.7771725555906,6,9,81,0,0,56,21
6.379486133353613,589.6246413602233,14,4,16,1,0,40,24
7.528413882149642,1860.1527409939658,17,0,0,0,0,45,18
7.994727203663816,2965.2813688174965,17,38,1444,0,1,51,61
6.445586882719715,629.9162554669887,9,47,2209,1,1,46,62
7.319263759858366,1509.092506180926,17,36,1296,1,1,36,59
5.570888703072333,262.6674288955926,0,58,3364,0,0,23,64
5.894514959323831,363.0407036783184,6,18,324,0,0,58,30
5.7508381159132185,314.45409885847346,2,31,961,0,1,34,39
6.490768289565455,659.0294942464863,13,19,361,1,0,52,38
6.741065796814438,846.4624122062613,11,22,484,0,0,33,39
6.388261506794773,594.8215869974958,13,26,676,1,0,45,45
5.73181280069176,308.52806161752466,3,17,289,0,0,21,26
6.263042694985846,524.8133601904683,12,25,625,1,0,39,43
6.44765079369179,631.2176890977311,15,5,25,0,0,45,26
6.690298056315757,804.5620212017029,15,11,121,0,1,21,32
5.6736003722108705,291.08064874002906,4,17,289,1,0,21,27
6.3518367483889655,573.5452003596441,5,30,900,1,1,36,41
6.011577203221188,408.1265113674183,5,48,2304,1,1,37,59
6.6662771568736305,785.4659879406638,17,2,4,1,0,23,25
5.712416301420647,302.6013617231539,5,30,900,1,0,36,41
6.226163372131523,505.8111468904503,6,21,441,1,0,52,33
6.7358926446547915,842.0948401481376,15,22,484,1,1,42,43
6.045618166024028,422.2587028041094,8,30,900,1,1,32,44
6.607538945884675,740.6579745152815,12,36,1296,0,1,26,54
5.938235420130987,379.2650951718706,11,4,16,1,1,20,21
6.915930869047335,1008.2091014645558,18,17,289,0,0,59,41
6.128849872651012,458.9080543394094,0,30,900,1,1,50,36
6.691565307016238,805.5822492924987,7,40,1600,1,1,55,53
6.5357731036280695,689.3665301290282,3,47,2209,0,1,44,56
7.71533203449447,2242.4673506968834,18,3,9,0,0,59,27
6.6249881801526636,753.6953039384814,4,32,1024,0,1,49,42
6.817254566815604,913.4736833553354,16,13,169,0,0,57,35
6.066027725674534,430.96536432276565,2,28,784,0,1,40,36
7.113562510395772,1228.5163618057866,18,29,841,1,1,38,53
5.43254428615279,228.73046146633342,0,21,441,1,0,35,27
5.6686384933339635,289.63991913638813,0,44,1936,1,1,52,50
5.986663589180052,398.08421929986423,8,8,64,0,1,25,22
6.129329578282371,459.1282479271815,4,54,2916,1,0,56,64
6.154684553245819,470.9182693890499,6,40,1600,1,0,27,52
5.786496829426997,325.8694462161855,5,50,2500,0,0,20,61
6.756190935386615,859.3625860153251,16,29,841,1,0,32,51
6.553721832820916,701.851492724649,16,28,784,1,1,45,50
6.546920838261576,697.0943993602236,12,20,400,0,1,35,38
6.697441120077173,810.3296337075406,11,17,289,1,1,58,34
5.47629875167742,238.9606159846093,3,30,900,1,0,47,39
6.518159273728174,677.3304571774918,7,41,1681,0,0,42,54
5.4200200921126,225.88366093638987,4,22,484,1,1,26,32
6.863085405513169,956.3131340651739,4,42,1764,0,1,43,52
7.352422452556428,1559.9709098792707,12,27,729,0,1,27,45
6.280088278980029,533.8357882243713,10,8,64,1,0,20,24
6.132837959798649,460.74187393850485,7,36,1296,0,1,23,49
6.227504068345308,506.489740772455,7,15,225,1,0,38,28
5.550584953917054,257.3880720399246,0,21,441,0,0,41,27
6.048157702391705,423.3324069147188,12,8,64,0,0,55,26
5.809833263047792,333.56350367560464,4,21,441,0,1,20,31
6.580849100225902,721.1513991739788,7,17,289,0,0,38,30
7.299730319703729,1479.9007736858937,16,20,400,0,0,48,42
5.963093593772113,388.81108919518806,12,1,1,1,1,38,19
6.1960936625999885,490.82795173970925,8,38,1444,1,1,25,52
5.422153444049339,226.3660646674339,1,17,289,1,0,44,24
7.332230057492051,1528.7872568415921,18,14,196,0,0,58,38
7.283945956829904,1456.724872454406,16,13,169,1,1,42,35
5.594208454306374,268.8647471094207,6,8,64,1,1,20,20
6.6956522204399125,808.8813311399425,2,51,2601,0,1,34,59
7.063804041202123,1168.8831990399224,18,32,1024,0,0,44,56
7.364350232132779,1578.689311597963,18,34,1156,0,0,23,58
6.632035052940567,759.0252565588175,8,14,196,0,1,20,28
6.264325192488541,525.4868638053306,9,41,1681,1,1,59,56
6.604250774850042,738.2265640543502,13,22,484,1,0,40,41
6.251726422928581,518.907906308563,17,40,1600,1,0,29,63
7.285364498023858,1458.79276304147,14,16,256,0,0,21,36
6.066136646929171,431.0123081674976,0,15,225,0,0,36,21
6.623098941634068,752.2727379453522,5,32,1024,0,1,32,43
6.7290350842952185,836.3398790028274,14,35,1225,1,0,46,55
6.326291715778872,559.0795192820707,5,48,2304,0,1,47,59
6.455001502936505,635.8746819313197,17,26,676,1,0,29,49
6.35029801560521,572.6633461998354,0,50,2500,0,1,29,56
5.570575687602389,262.58522279346,2,54,2916,1,0,28,62
7.373691788487669,1593.5058236639893,16,41,1681,1,0,53,63
7.6109001427874325,2020.095654096915,15,32,1024,1,1,58,53
6.392454441965856,597.3208713571865,7,44,1936,0,1,23,57
7.156301816147702,1282.1604890959015,16,32,1024,0,1,23,54
6.147402530982669,467.50148770607814,7,37,1369,0,0,23,50
6.366556227026939,582.0499256912462,16,31,961,1,0,30,53
5.85631804851134,349.4351691633701,8,6,36,0,0,20,20
6.673398966257296,791.0798938398177,11,9,81,0,1,40,26
7.340026503699897,1540.7529487788331,18,1,1,0,1,44,25
6.128127706733915,458.5767662203764,3,41,1681,0,1,28,50
6.541731335961488,693.4861968566464,10,7,49,1,1,44,23
5.964736375140557,389.4503457439713,3,49,2401,1,0,37,58
7.039621879392818,1140.9561060388926,13,37,1369,0,0,26,56
6.405501821329293,605.1654074026895,13,2,4,1,1,45,21
6.0328498581894605,416.90144802241423,5,19,361,1,0,37,30
6.701858108403076,813.9167665697342,16,0,0,0,1,20,19
5.091589205304526,162.64813805610464,1,15,225,1,1,28,22
6.03029910340437,415.8393897599009,7,48,2304,1,1,29,61
5.88871733987286,360.9420213922745,3,35,1225,0,1,30,44
6.955940084700935,1049.3645659789167,9,34,1156,1,0,51,49
6.867312863001453,960.3644645650755,6,26,676,0,1,40,38
6.417433766642702,612.4294588994808,3,16,256,0,1,55,25
6.983289801320701,1078.46045805247,15,34,1156,1,0,51,55
6.658051119914582,779.031218305664,13,6,36,1,0,38,25
6.032417048932271,416.7210482585345,15,0,0,1,1,27,20
7.291678227013787,1468.0323225439663,8,47,2209,0,1,54,61
6.466906156912535,643.4897876564695,3,11,121,1,1,41,20
6.2897662365712685,539.027309483785,5,28,784,0,1,23,39
5.735324662972453,309.61347447434133,0,17,289,0,1,48,23
6.047559580270412,423.0792781459874,6,7,49,0,0,50,19
6.286113182618568,537.0618058714027,0,34,1156,0,1,27,40
7.687484855763655,2180.8824245040805,18,37,1369,0,1,31,61
5.673687388065738,291.1059784735428,7,6,36,1,0,24,19
5.553505870086391,258.14098007666774,2,47,2209,1,0,49,55
6.056456538141877,426.8601910311852,0,28,784,1,1,54,34
6.146974690201958,467.3015142860369,0,46,2116,1,1,56,52
6.213622579773274,499.50748340754734,6,39,1521,0,1,23,51
6.5059537896682835,669.1135586991571,12,22,484,1,1,40,40
6.081967737640514,437.8900001567207,0,41,1681,1,1,35,47
7.075640275004091,1182.80057605422,15,4,16,0,1,37,25
6.829859529720883,925.0608597948517,13,20,400,1,1,50,39
6.341491117850897,567.6421019092832,3,52,2704,0,1,57,61
7.102730829693763,1215.2812733641915,11,36,1296,0,1,51,53
6.874562524942141,967.3520805956866,11,5,25,0,0,52,22
6.851420668239682,945.2228012655494,16,8,64,1,1,38,30
6.666814848958099,785.8884403494787,14,26,676,1,0,39,46
7.278833931699861,1449.2970600564677,9,33,1089,0,1,29,48
5.450074782896662,232.77557288839446,2,56,3136,1,0,45,64
6.056951161913791,427.07137845380703,11,16,256,1,1,37,33
4.856718529819094,128.60150694563217,0,53,2809,1,1,34,59
6.208481829457071,496.9462291791033,0,41,1681,0,0,55,47
6.985230684493381,1080.5556564178066,9,18,324,0,0,37,33
7.1053846857713125,1218.5107383296406,17,6,36,1,0,50,29
6.550645894389505,699.6959575912437,14,14,196,0,0,34,34
6.042526566667095,420.95526396358906,1,26,676,0,1,57,33
6.353095665709041,574.2677010351077,16,7,49,0,1,48,29
5.824729932274767,338.56968398537214,7,12,144,1,1,34,25
5.754481261325505,315.6017901999323,8,23,529,1,1,20,37
6.881643587002235,974.2262702707394,10,4,16,0,0,56,20
6.495015398593726,661.8344165505683,5,22,484,0,1,42,33
6.456948216384045,637.1137533928152,13,28,784,1,0,30,47
5.837549209424185,342.93784108751856,0,56,3136,0,1,57,62
6.019791259224351,411.49269145752703,6,28,784,0,1,35,40
6.396276537737318,599.6082574535803,8,31,961,0,1,49,45
6.64480183758901,768.7776896961592,10,41,1681,0,1,48,57
6.6461648714556745,769.8262741888954,15,1,1,0,0,22,22
6.44108748786546,627.0883801431239,18,13,169,1,0,59,37
6.006236985107352,405.9528358949674,1,50,2500,1,1,36,57
8.13603267885497,3415.3411989367955,14,41,1681,0,0,45,61
5.655226433084521,285.7811857161675,2,10,100,0,1,28,18
6.177164512972355,481.62437871668885,3,38,1444,0,0,36,47
6.477595528907212,650.4051841467774,6,26,676,1,1,56,38
6.565005137328274,709.8155427430204,11,20,400,0,1,50,37
5.864856071428536,352.4314275052488,3,14,196,0,1,50,23
6.172917380180352,479.5831936846191,9,24,576,1,1,30,39
6.368652041602459,583.2710736120114,5,24,576,1,1,57,35
7.479955935727464,1772.1626851521448,13,6,36,0,1,41,25
5.725328472749636,306.53393675359735,2,48,2304,0,1,22,56
6.771949357979013,873.0120493508588,16,27,729,1,1,47,49
6.1756841839825425,480.91194363592695,10,34,1156,1,0,51,50
6.6902357913291075,804.5119267177766,9,18,324,0,0,23,33
6.118030762315067,453.9698391821575,9,14,196,1,0,59,29
7.298282146484902,1477.7591720982348,9,40,1600,1,1,57,55
6.00012838203336,403.48058982634774,2,43,1849,1,1,30,51
7.304318222616886,1486.7060137100664,14,11,121,0,1,20,31
6.96486944577807,1058.7766806369214,16,31,961,1,1,35,53
7.138731866154651,1259.8297429275015,17,27,729,1,1,53,50
7.640892501515561,2081.600819645398,18,16,256,0,1,51,40
7.7667247490527345,2360.7266402808077,18,38,1444,1,1,52,62
6.473193138079868,647.5481398571931,11,2,4,0,1,30,19
6.707811326816325,818.7766424494625,4,48,2304,0,1,55,58
6.9045935286687135,996.8432427554334,15,17,289,0,0,32,38
6.0011237849811145,403.8824155508998,14,0,0,1,0,39,19
7.431952958743767,1689.1031029766186,14,24,576,0,1,44,44
5.955094532179588,385.71337128032667,5,15,225,1,1,25,26
6.178827496159159,482.42597829942804,11,1,1,1,0,56,18
5.474426500091639,238.5136401485681,1,21,441,0,0,45,28
5.750198300790699,314.25297071995914,8,6,36,0,0,23,20
6.1670079254172965,476.7574759452189,3,31,961,1,1,45,40
5.6684717799919175,289.5916363222854,4,33,1089,1,1,37,43
6.485686332788805,655.6888305860926,7,8,64,0,1,32,21
5.940236619826628,380.0248403122155,9,20,400,0,0,27,35
5.966820243040595,390.26275500092095,6,11,121,0,0,52,23
7.237600071373187,1390.752256379364,13,33,1089,0,1,35,52
6.126155429005421,457.6732167956502,4,29,841,0,1,58,39
7.69834617281568,2204.698784356853,15,39,1521,0,1,50,60
6.593352783579803,730.2250567743074,14,12,144,0,0,59,32
6.338648563790282,566.0308396824496,4,29,841,0,0,42,39
5.751453887555711,314.64779040417653,2,46,2116,1,1,35,54
6.40316796688927,603.754686278889,9,44,1936,1,1,29,59
6.378320870106705,588.9379735882328,4,19,361,0,1,55,29
6.474022327273611,648.0853024511226,14,44,1936,1,0,50,64
6.61161287836657,743.681519773457,17,36,1296,0,0,51,59
5.92543014470611,374.43946387815254,7,42,1764,1,1,40,55
5.279847505034705,196.3399322176182,1,28,784,1,1,35,35
5.956521721660054,386.2642503571989,7,49,2401,1,0,48,62
6.821199696822202,917.084573826613,7,39,1521,0,1,35,52
6.592747904981503,729.7834928252768,3,38,1444,1,1,34,47
7.685820725831966,2177.256170899407,18,17,289,0,1,27,41
7.50117125427411,1810.161332515449,17,36,1296,0,0,34,59
6.40375715889522,604.1105185300647,0,41,1681,0,0,40,47
7.005567071366365,1102.7552186458447,14,11,121,1,1,40,31
6.986713846036297,1082.1594840861417,17,0,0,1,1,26,23
6.576673485216256,718.146426737529,11,3,9,0,1,38,20
5.8397462270667555,343.69210984217614,0,27,729,1,0,41,33
5.852297109569284,348.0329327267779,6,12,144,0,0,57,24
6.663147331085405,783.0114593629273,18,7,49,0,1,32,31
6.108678049309934,449.7437829145326,0,20,400,1,1,45,26
6.094182396813302,443.2714768067865,6,20,400,0,1,41,32
5.991938943304114,400.18980349592147,1,31,961,0,1,26,38
7.354159741775297,1562.6833860183035,6,40,1600,0,1,54,52
6.1399949271304965,464.05121678203966,18,0,0,1,0,22,19
7.176189359854519,1307.9147575890322,12,26,676,0,0,54,44
5.6919638565093855,296.4752842184229,4,9,81,1,1,35,19
7.642592626220112,2085.1428106839708,18,28,784,0,0,35,52
5.880018412827439,357.81583004933094,0,29,841,1,1,21,35
6.248780246928459,517.3813621268332,0,25,625,0,0,57,31
7.5363288029599245,1874.9341221987295,17,14,196,0,1,36,37
5.900824519982533,365.3385726683619,0,29,841,1,1,57,35
7.1976194430416,1336.2459654695997,4,17,289,0,1,43,27
6.657623601860906,778.6982395777418,8,28,784,0,1,41,42
6.434482895230266,622.9603637847842,11,2,4,0,1,42,19
6.412830230924046,609.6165975318067,8,28,784,0,1,38,42
7.494498097519887,1798.1220568567173,17,27,729,0,1,41,50
6.394842215715376,598.7488426115314,10,37,1369,1,0,36,53
5.577131752268323,264.31240406399354,0,42,1764,1,1,21,48
7.608664276433646,2015.5840357598115,18,7,49,0,1,33,31
6.323764118630271,557.6681758884534,9,3,9,0,0,47,18
5.970379349346304,391.6542163437172,1,56,3136,0,0,32,63
6.018836214409145,411.09988509974994,6,21,441,0,1,57,33
5.637873681937584,280.8648750409846,1,56,3136,1,1,36,63
6.634353529457281,760.7870803761164,18,0,0,1,1,28,20
6.358285313525202,577.2556947670873,5,41,1681,0,1,59,52
6.399071131493107,601.28626252496,9,43,1849,0,1,33,58
5.901928800058369,365.74223161033785,8,9,81,1,1,21,23
6.416240295924857,611.6989782638693,7,29,841,0,0,40,42
6.6870238159406075,801.931999758399,10,14,196,0,1,54,30
6.478600624883508,651.059232415906,8,37,1369,1,1,49,51
6.45583200596888,636.4029971361972,8,11,121,1,1,36,25
6.46985928949701,645.3929070149788,7,25,625,0,0,58,38
6.4500655798832,632.7437867152839,14,31,961,1,1,44,51
5.927206282253762,375.1051108345545,1,14,196,0,0,58,21
5.885406933153184,359.74913206305496,0,36,1296,1,1,54,42
6.562988925572662,708.3858460713665,8,18,324,0,0,25,32
6.413922236802998,610.2826660493976,8,7,49,1,1,22,21
6.508360155274096,670.7256293910233,12,44,1936,1,1,55,62
6.183704190507633,484.7843682408444,7,16,256,0,0,20,29
5.320878354627623,204.5634823863995,4,39,1521,1,0,53,49
5.802623736655444,331.1673168573136,2,41,1681,1,0,20,49
6.299387578765803,544.2385048272834,3,36,1296,0,0,45,45
6.674301207845354,791.7939611016667,16,8,64,1,1,37,30
7.081509632851927,1189.7632691781232,15,27,729,1,1,55,48
6.12286265154711,456.16867915732064,15,10,100,1,1,25,31
5.807883111797013,332.9136382655766,2,29,841,0,1,30,37
6.325150341154309,558.4417641336563,5,24,576,0,1,59,35
6.25538152417995,520.8080377171596,0,40,1600,0,1,49,46
6.006239478442641,405.95384807276076,15,2,4,0,0,33,23
6.554991515978202,702.7431877091377,14,29,841,0,1,29,49
7.209869496354568,1352.7157215216773,6,34,1156,0,1,50,46
6.264063374824313,525.3493000711602,1,53,2809,0,1,55,60
5.572424054333904,263.0710254158512,9,4,16,0,0,34,19
7.374240621833389,1594.3806328368785,14,20,400,0,0,49,40
5.799339752849305,330.08155254363334,5,25,625,1,1,33,36
5.527178041778405,251.43337446454365,1,41,1681,1,0,42,48
6.593988094322461,730.6891239952708,16,0,0,0,0,36,22
5.435763383674579,229.4679535205588,0,30,900,0,0,46,36
6.140890569661345,464.4670269691299,0,45,2025,0,1,32,51
5.89062877857301,361.6325997292955,3,18,324,0,1,33,27
6.425079535932301,617.1298995928393,15,21,441,0,1,45,42
5.770943418373165,320.840276523915,7,6,36,1,0,30,19
6.438005030109842,625.1583827980993,0,22,484,0,0,57,28
7.06828132221914,1174.1283508453564,18,24,576,1,0,20,48
6.335898470484269,564.4763405477986,10,16,256,0,1,43,32
7.139877501197215,1261.273875094922,16,4,16,0,1,39,26
6.149562903424086,468.5125567860891,9,25,625,1,1,27,40
6.474462572509325,648.3706817316885,11,19,361,1,1,27,36
5.823052830164418,338.0023439304401,8,12,144,1,1,49,26
6.044866794078821,421.9415486264999,6,40,1600,1,1,37,52
6.222122710154273,503.77145864207273,11,21,441,0,0,32,38
5.999245551556676,403.1245420529365,14,6,36,1,1,55,26
6.03035354424066,415.8620290202865,7,32,1024,0,0,38,45
6.705120719425227,816.5765970201211,16,41,1681,1,0,32,63
5.793408586646373,328.12957845866373,4,14,196,0,1,45,24
6.822503757551834,918.281287929433,13,14,196,0,1,28,33
6.083565241006485,438.59008995491405,1,26,676,1,0,53,33
7.631970793711168,2063.1119839994008,15,29,841,0,0,50,50
7.303677805144835,1485.7542060127532,16,0,0,0,1,26,21
6.127263788684198,458.1807645559803,2,13,169,0,1,28,21
5.385291114870677,218.17360844530037,0,50,2500,1,0,59,56
7.318967975268938,1508.6462058812062,17,34,1156,1,1,45,57
7.271162169352828,1438.2209384523715,17,11,121,1,1,52,34
5.658106254411136,286.6053706526109,3,45,2025,1,0,52,54
7.6512861721133625,2103.349119427108,14,36,1296,0,0,59,56
7.1058602976094285,1219.0904143011117,18,22,484,0,1,23,46
7.4567293222528335,1731.4756871582288,18,29,841,0,0,47,53
6.474247910049366,648.2315158235648,9,40,1600,1,0,23,55
6.122510696554122,456.00815656306776,4,46,2116,0,0,53,56
7.710749950006313,2232.21568077948,18,30,900,0,1,59,54
7.066982136186762,1172.6039301591707,10,36,1296,0,1,25,52
6.381064263429252,590.5558803549542,6,12,144,1,1,52,24
5.461410867180955,235.42934970182517,4,34,1156,0,1,24,44
5.866119043556343,352.8768197749588,11,28,784,1,0,38,45
6.610984889345152,743.2146425558353,18,15,225,1,0,37,39
6.0463835942734825,422.5820352719301,14,11,121,1,0,22,31
6.162194469100152,474.4681388930373,11,7,49,1,1,53,24
6.57117937335122,714.2116688312443,3,45,2025,0,0,21,54
6.717029526631639,826.3591841419599,11,22,484,1,1,20,39
5.791386030553671,327.4665886735806,17,0,0,1,1,54,22
6.620122930408064,750.0372938354701,16,0,0,1,1,23,19
6.854916570253691,948.5329902370842,18,20,400,1,1,54,44
6.984355147705228,1079.6100042260168,15,17,289,0,1,27,38
6.129959059624101,459.4173515758428,10,39,1521,1,1,48,55
6.703202395686154,815.0116402760382,1,25,625,0,1,55,32
6.770310062797913,871.5820972823077,15,17,289,1,1,33,38
6.378187030190625,588.859155453895,0,21,441,1,1,49,27
6.580004670630492,720.5426946299813,16,18,324,1,0,26,40
6.8260648669283075,921.5572175439779,17,33,1089,1,1,32,56
6.379995051841684,589.9247886099981,12,4,16,0,1,41,22
5.038443225991554,154.22972720685897,4,8,64,0,0,21,18
5.845127624932323,345.5466393335069,5,19,361,1,1,27,30
6.143342623354056,465.60732251936736,0,32,1024,0,1,40,38
5.811101844607068,333.9869247004827,9,28,784,0,0,39,43
6.209405194831168,497.4053040342108,4,52,2704,1,1,30,62
6.0286343557089666,415.1476980000171,0,32,1024,0,0,53,38
6.146751980615729,467.19745334726053,10,19,361,1,1,24,35
6.2839790409745975,535.9168620767824,6,42,1764,0,1,49,54
6.804765093338699,902.1358273207458,17,39,1521,1,1,52,62
6.351043669754165,573.0905142399021,9,34,1156,1,1,31,49
7.008754379874433,1106.275647102019,14,33,1089,0,1,24,53
5.296602850013841,199.65739048192953,3,25,625,0,1,20,34
8.300067613426204,4024.144470819391,15,31,961,0,1,54,52
5.994651563528769,401.2768401428192,14,8,64,1,0,44,28
7.105230697320615,1218.323116195079,14,18,324,0,0,23,38
6.430747903390827,620.637951704673,11,26,676,0,0,28,43
6.000029921443048,403.44086484499866,7,8,64,1,1,22,21
6.448642362180205,631.8438950793226,7,38,1444,0,0,49,51
6.662677161352109,782.6433976064403,17,12,144,1,1,39,35
6.095873904233879,444.0219083004275,5,46,2116,1,1,29,57
5.98173020261325,396.12515235056213,4,42,1764,0,0,39,52
6.4702172960685695,645.624003281451,1,51,2601,1,1,59,58
6.044321239003719,421.7114190531364,11,29,841,0,0,22,46
5.68983233475894,295.84401372404506,3,37,1369,1,0,30,46
6.166959476180419,476.7343779688779,12,37,1369,1,0,34,55
7.513868702717868,1833.292304095711,16,37,1369,0,0,47,59
6.363784005430694,580.4385888405159,15,17,289,0,0,54,38
6.422852649572556,615.7571504826707,8,45,2025,1,0,26,59
5.5560918705731375,258.809396667112,0,24,576,0,0,52,30
7.264036347279397,1428.0088598819357,14,38,1444,1,1,57,58
6.054424457751875,425.99365753876185,11,17,289,0,1,38,34
6.118352430661122,454.1158903982531,4,16,256,0,1,48,26
6.451612434746332,633.7233069113578,17,35,1225,1,0,21,58
5.652471552666506,284.9949761776678,1,11,121,0,0,38,18
5.821638577985152,337.52466124045037,3,10,100,1,1,28,19
7.564442139345665,1928.3927045182998,14,26,676,0,0,25,46
6.013874321210263,409.0651037344777,5,39,1521,0,0,36,50
6.351945843327307,573.6077746511207,11,10,100,1,1,21,27
7.1091797254461735,1223.1438207310152,17,34,1156,1,1,58,57
5.995134280787752,401.4705901586626,3,29,841,1,1,25,38
5.013717202172521,150.4629993056195,0,39,1521,1,0,33,45
6.659048988320839,779.8089769317422,14,8,64,1,1,45,28
6.437965055933191,625.1333931059447,17,28,784,1,0,37,51
5.968475478379839,390.9092666214202,13,6,36,0,1,25,25
5.862418625335444,351.57344097194016,2,31,961,1,1,31,39
7.069653295488689,1175.740329100421,14,5,25,0,1,57,25
6.212113812365591,498.7544110450631,4,22,484,0,1,41,32
6.245752040345767,515.816994290211,2,26,676,0,1,33,34
7.071570639794097,1177.9967906406337,6,28,784,0,1,32,40
5.521608340735242,250.0368584350704,5,30,900,1,0,28,41
6.2886192581143785,538.4094111978831,0,56,3136,0,1,51,62
6.958478214123264,1052.0313719763076,18,12,144,0,1,29,36
6.47118970901838,646.2521217687307,6,10,100,0,1,46,22
6.194695845145122,490.14234315089135,3,40,1600,0,1,33,49
7.01451884298638,1112.6711478658185,11,44,1936,1,1,28,61
6.552617541160598,701.076871756907,17,0,0,0,0,28,18
6.76255944456009,864.8529085561163,8,26,676,0,1,45,40
8.076979685032576,3219.4946493703874,18,30,900,0,1,51,54
6.266632820882176,526.7008924374609,3,16,256,0,0,54,25
5.884941940016702,359.5818900719928,0,24,576,1,0,45,30
6.700186531347942,812.5573784554678,8,11,121,0,1,22,25
7.331170949630659,1527.1689633644178,14,20,400,0,1,49,40
7.009707959818619,1107.3310725081108,7,47,2209,0,0,48,60
5.935501594440932,378.22966649698714,14,0,0,0,0,39,18
6.57348761714633,715.8621476051022,14,42,1764,1,1,23,62
7.271717204507368,1439.0194232062638,17,18,324,0,1,33,41
6.228639049648153,507.0649235073948,6,40,1600,1,1,58,52
7.182462474682903,1316.1452454563948,17,18,324,1,1,40,41
6.809264544326921,906.2040888687017,15,13,169,0,0,26,34
4.836192235673947,125.988701925595,1,15,225,1,1,25,22
6.723381739613893,831.6251010855559,3,28,784,1,1,59,37
6.738432062684783,844.2359884528524,15,17,289,1,0,25,38
6.273037949660789,530.0853067153292,2,49,2401,0,1,44,57
5.864334101391163,352.247516861961,1,41,1681,1,1,23,48
5.61202642860717,273.6983065030582,2,55,3025,0,0,56,63
6.102424732762979,446.94016775750316,4,43,1849,0,1,44,53
4.63588538042556,103.11917729074396,1,21,441,1,0,37,28
6.712712486623794,822.7994477738449,18,8,64,1,1,53,32
6.1409829443392,464.50993394284865,1,29,841,0,1,44,36
6.000352701707261,403.5711086128757,1,17,289,1,1,41,24
6.253301701612954,519.7259750464763,17,22,484,1,0,33,45
7.685170173118376,2175.8402116172633,13,41,1681,0,1,56,60
6.662878385500254,782.8009002035566,14,2,4,0,1,30,22
6.794660993064378,893.066452556185,11,5,25,0,0,46,22
6.712964313100042,823.0066765511878,10,31,961,1,0,45,47
6.581364165296276,721.5229347444282,10,33,1089,1,0,54,49
6.421018677868443,614.6289041941978,6,13,169,0,1,35,25
6.368176076012762,582.9935227090859,11,10,100,1,1,59,27
6.682498266884562,798.3110168018685,15,34,1156,1,0,39,55
5.7884629187016365,326.5107648776097,4,54,2916,1,0,34,64
6.124050411661688,456.7108200228553,1,42,1764,0,0,33,49
6.92821493004731,1020.670384449516,15,24,576,0,0,27,45
7.178452220218801,1310.877737194057,14,14,196,1,0,43,34
7.0889955580997,1198.7031680324092,10,32,1024,0,1,52,48
5.134744672943375,169.82095445428203,5,14,196,0,0,35,25
6.414988320976778,610.9336256684255,12,39,1521,1,0,46,57
6.996020499859467,1092.277778485728,18,18,324,0,0,47,42
5.820072434858998,336.99646303729764,9,11,121,1,0,33,26
6.480856827724611,652.5298124454031,18,0,0,0,1,28,19
5.4050293402139395,222.5227492531071,4,22,484,0,0,32,32
5.970562317033727,391.72588296608933,6,8,64,0,1,41,20
7.16112324533111,1288.3572617418104,10,37,1369,0,1,49,53
6.978311753784896,1073.1051711223417,13,2,4,0,1,51,21
6.07414588396835,434.4782491541676,15,10,100,1,0,35,31
7.5995858358308555,1997.3684853150053,17,35,1225,0,0,44,58
5.613364696889585,274.06483346660383,3,49,2401,1,0,42,58
6.0057254029602865,405.7452107847511,0,36,1296,0,1,56,42
6.820645790936472,916.5767359436386,14,7,49,0,1,47,27
5.78231650086092,324.5100482061626,13,19,361,0,0,22,38
7.057340727188641,1161.352702077881,18,29,841,1,1,42,53
5.860497054920756,350.89851651428944,4,19,361,0,1,52,29
6.114870722499502,452.5375406673366,3,35,1225,0,0,58,44
6.491679637948492,659.6303734740087,12,39,1521,1,1,44,57
7.303779146911039,1485.904782597856,17,0,0,0,1,44,19
6.663561820739431,783.3360767824505,11,13,169,0,1,58,30
7.800669743889725,2442.2371033828863,14,29,841,0,0,40,49
6.066415960139307,431.1327124133654,8,34,1156,1,0,50,48
5.972426411446744,392.45677801300127,3,24,576,0,0,49,33
6.229932639663507,507.721282067492,4,39,1521,1,0,58,49
6.373171676072962,585.9132119140289,8,35,1225,1,1,53,49
7.026011807752803,1125.5328058835719,12,33,1089,1,0,57,51
5.6949848347409295,297.3722838241877,9,13,169,0,1,26,28
6.662573736062445,782.5624566720811,15,6,36,1,1,46,27
6.53237277041741,687.0264350285897,12,14,196,0,1,32,32
6.177884256651492,481.97114959709336,3,25,625,1,0,48,34
6.853762671792177,947.439110713278,12,39,1521,0,0,42,57
6.297086739419686,542.9877389191937,7,22,484,1,1,27,35
7.06679691730662,1172.3867618848299,12,8,64,0,1,40,26
7.338382212051507,1538.2215832948232,14,22,484,0,0,32,42
6.904333661827737,996.5842299068727,12,39,1521,1,1,45,57
6.535290518091167,689.0339320719243,4,21,441,0,0,29,31
6.173176587830486,479.7075214299532,5,31,961,0,1,48,42
6.073803731543789,434.3296167967113,4,29,841,1,1,46,39
6.254570586951252,520.3858662907686,12,29,841,1,1,23,47
6.507061920924651,669.8554353200312,4,27,729,0,1,50,37
6.765191166112877,867.1319581921945,12,20,400,0,0,36,38
5.726248318665279,306.8160304648098,7,48,2304,1,0,27,61
7.014504418986895,1112.6550988135002,8,35,1225,1,1,56,49
6.1670570915109595,476.78091682417926,18,39,1521,0,0,39,63
6.743497226029405,848.5230297523503,14,18,324,1,0,29,38
6.761013283396564,863.5167398090458,9,37,1369,0,1,53,52
7.265550341537268,1430.1724945479295,10,33,1089,0,1,58,49
5.604440044095096,271.6297821410591,4,37,1369,0,0,30,47
6.684595447939771,799.9869763234865,8,42,1764,0,1,31,56
6.295277546355093,542.0062573802926,10,13,169,1,1,29,29
7.627607886592369,2054.1304251380393,18,34,1156,0,0,32,58
6.411394366824347,608.7418990691717,1,57,3249,0,1,53,64
5.784110891901523,325.0928688769622,5,24,576,1,1,49,35
5.9620466235141,388.40422857146604,0,32,1024,0,1,34,38
6.095085689721312,443.6720616836106,2,22,484,1,1,27,30
6.205115822122332,495.27631657243313,2,30,900,0,1,57,38
5.945528188742472,382.04109782252755,13,6,36,1,1,55,25
6.502517421735729,666.8181844567931,4,53,2809,0,1,59,63
6.936290910904361,1028.946673529183,16,35,1225,0,1,41,57
6.423252976043111,616.0037037170425,14,43,1849,1,1,24,63
5.803676812118695,331.5162447243687,5,13,169,1,1,51,24
6.5855749488453705,724.567517188633,13,21,441,1,1,39,40
7.179916727831658,1312.7989340800561,13,42,1764,1,1,42,61
7.817712567436211,2484.21642639485,16,27,729,0,1,59,49
6.646141704332923,769.808439735691,7,15,225,0,1,21,28
6.474058238535719,648.1085764301838,7,26,676,1,1,38,39
7.061800529016201,1166.5436717250532,18,15,225,1,1,45,39
7.0191192716235875,1117.8017044093144,8,46,2116,1,1,55,60
5.724330631073176,306.22821697159196,10,26,676,1,0,33,42
7.306979248160381,1490.6674447852636,12,21,441,0,1,26,39
7.179331747756895,1312.031197438662,12,27,729,0,1,35,45
7.691067091233421,2188.7088685939952,18,22,484,0,1,29,46
6.340961604701383,567.341607516992,18,6,36,1,0,41,30
5.664165946239273,288.347383575254,4,25,625,1,0,45,35
6.1849221045811955,485.3751536354644,15,0,0,1,1,24,19
6.214175021781284,499.78350856162245,8,32,1024,0,1,31,46
6.0950659466748185,443.66330233193725,2,30,900,0,1,43,38
6.698404842231587,811.1109427498689,18,8,64,1,1,43,32
5.921475426857552,372.9615856689571,4,34,1156,1,1,34,44
6.446919700678085,630.7563789059811,7,35,1225,0,1,43,48
6.036472546940088,418.4144911957783,13,13,169,1,1,43,32
6.461213816729486,639.8372305423583,2,32,1024,0,1,45,40
7.236841536736083,1389.6977226220233,12,23,529,0,1,53,41
5.878499404363577,357.2727173757872,10,45,2025,1,0,37,61
6.539738576686386,692.1056218394054,7,17,289,1,1,56,30
6.449661814071015,632.4883579765022,18,15,225,1,0,25,39
6.522588097606315,680.3368870396838,9,45,2025,0,1,44,60
7.6583390221075724,2118.23616157938,17,31,961,0,1,36,54
7.198400850285756,1337.2905258073483,17,27,729,0,0,35,50
6.803418782878572,900.9220896371686,6,8,64,0,1,48,20
6.655636841452374,777.1526885733128,15,15,225,0,1,20,36
6.61283780445084,744.5930328194976,5,29,841,0,1,39,40
7.890721001797163,2672.370009816265,15,25,625,0,1,45,46
7.337490693883219,1536.8508419176733,15,26,676,0,1,40,47
5.490804154287562,242.4520973800638,0,50,2500,1,1,46,56
7.1424653140338314,1264.5420426985722,18,37,1369,1,1,55,61
6.489552290413667,658.2286019813235,2,56,3136,1,1,54,64
6.889943110296865,982.3455302829842,5,31,961,0,1,35,42
6.197256519317238,491.3990463066259,3,45,2025,0,1,48,54
5.494578989949109,243.36904377562124,3,55,3025,0,0,26,64
6.249779670445289,517.8987037059203,3,16,256,0,1,26,25
6.657779528635089,778.8196689491002,9,44,1936,0,1,53,59
6.235178102544589,510.3915123809228,8,19,361,0,0,24,33
5.0427762507386795,154.89945836457315,7,12,144,1,1,27,25
6.959877401090727,1053.5043908354207,18,0,0,1,1,27,18
7.592120028842733,1982.5120443857065,16,39,1521,0,1,48,61
6.150315119128604,468.86511187117935,16,0,0,1,1,29,22
5.746357315852942,313.0482449406906,0,14,196,0,1,20,20
6.661132031972024,781.4350460688046,13,0,0,1,1,57,18
5.641198417590161,281.800230547883,10,5,25,1,1,47,21
5.486930399176034,241.51471409737422,2,49,2401,1,1,26,57
6.255401818116181,520.8186070695122,7,39,1521,0,0,36,52
6.3869494703745895,594.0416711627151,9,34,1156,0,1,43,49
7.219256956016207,1365.4740763684715,16,37,1369,0,0,54,59
6.1440866804928165,465.9538898885206,7,38,1444,0,0,28,51
5.241244930894964,188.90512991125334,0,54,2916,1,1,22,60
5.887254711021679,360.4144830686149,6,30,900,1,1,23,42
6.250628470358163,518.3384826962841,8,13,169,1,1,51,27
6.208552205271153,496.98120340519216,11,21,441,0,1,32,38
6.457210478862092,637.2808663373478,8,49,2401,1,0,43,63
6.148926442245018,468.21446160485675,2,48,2304,0,1,26,56
6.148260480042955,467.9027522758048,3,35,1225,0,1,38,44
6.569564925090623,713.0595413201762,9,29,841,1,1,46,44
6.080397380149722,437.20289595564753,3,10,100,0,1,46,19
7.336629296529653,1535.5275726817506,8,44,1936,0,1,37,58
5.867518538739134,353.3710149155514,0,24,576,0,1,49,30
6.178794876189811,482.41024183546614,4,16,256,1,1,47,26
5.687237726598354,295.077409380783,8,39,1521,1,1,48,53
6.34509082660519,569.6891302954001,4,29,841,0,1,28,39
6.226064181946992,505.7609778776304,5,48,2304,1,1,58,59
7.3477302195667775,1552.6683090637416,18,19,361,1,1,58,43
6.2682598385667685,527.5585416199443,7,16,256,1,1,40,29
6.586490977526552,725.2315459040716,9,19,361,1,1,57,34
6.285324214840505,536.6382485202639,10,15,225,1,1,26,31
6.822278291011367,918.0742695630023,12,13,169,1,1,44,31
6.282104598115596,534.9132574352708,3,42,1764,0,1,45,51
6.524782559314689,681.8314996223318,10,21,441,0,1,25,37
7.064488887608814,1169.6839786728556,11,11,121,0,1,39,28
6.352570071245372,573.9659484174789,4,23,529,0,1,37,33
6.55489144865241,702.6728695959566,9,33,1089,0,1,39,48
6.688323667801668,802.9750703324767,6,11,121,0,1,59,23
6.543716885169066,694.8645157324327,8,22,484,0,1,37,36
5.803575303250156,331.4825945933866,8,40,1600,0,0,20,54
6.740641643111061,846.1034581705779,9,6,36,0,1,52,21
6.51202823718146,673.1904237071018,9,49,2401,1,1,58,64
5.125216659607072,168.2105821427441,1,14,196,1,1,42,21
5.757123167500661,316.4366828868182,3,28,784,0,1,33,37
6.757090782546323,860.1362290255391,7,14,196,0,1,47,27
7.172883704058682,1303.5983797504082,13,22,484,0,1,40,41
7.545979506458098,1893.1161490490713,16,30,900,0,1,56,52
6.80877458951728,905.7601985688176,12,25,625,0,0,26,43
7.166041419609209,1294.7092345384356,17,31,961,1,1,31,54
7.751249047620539,2324.4739808313952,17,32,1024,0,0,56,55
6.88186892088245,974.4458211916289,12,20,400,1,0,58,38
5.999187243718222,403.1010374175204,7,44,1936,1,0,47,57
5.788906922375817,326.65576904568445,11,39,1521,0,0,26,56
5.817902676344298,336.266054783517,0,32,1024,0,1,36,38
8.10328374823209,3305.304060588491,17,4,16,0,1,56,27
6.360483217789456,578.5258428407973,2,47,2209,0,1,33,55
6.602061578179599,736.6122086337898,11,46,2116,0,1,23,63
6.434027210233648,622.6765547621875,18,0,0,1,1,41,21
6.864032056637615,957.2188576033242,12,44,1936,1,0,36,62
6.199148257568974,492.3295245125081,9,22,484,1,1,54,37
7.409746599274139,1652.0076738770153,14,14,196,0,1,51,34
5.481769509107216,240.27149402837662,1,17,289,0,0,57,24
7.54359784779161,1888.612757465533,18,0,0,0,1,50,21
6.257858035881499,522.0994233225911,2,38,1444,0,1,44,46
7.128723583791933,1247.2838970372018,13,12,144,0,1,29,31
5.362083218934154,213.1685609984379,6,8,64,1,0,21,20
7.4056033663829846,1645.1771812782004,7,28,784,0,1,46,41
6.569051598916503,712.6936031247727,10,38,1444,1,1,31,54
6.296187585407809,542.4997287463758,5,22,484,1,1,35,33
6.6152272827553755,746.3743490778534,10,5,25,0,0,35,21
7.280189769024758,1451.2634038252666,16,19,361,1,1,22,41
6.574397866084289,716.5140570195994,9,36,1296,0,0,44,51
7.175853112933329,1307.4750492080525,16,25,625,0,0,37,47
6.282534579630216,535.1433097034602,1,28,784,1,1,58,35
7.104940259740596,1217.9693207577623,5,25,625,0,1,59,36
6.612434413762769,744.2927314971066,4,38,1444,1,1,51,48
5.22164593132277,185.23882367605586,3,27,729,1,1,22,36
4.90900291624623,135.50423795430993,1,56,3136,1,0,27,63
6.597883634387144,733.5411041474748,11,19,361,1,1,24,36
6.590678586310051,728.2748996358092,2,31,961,0,0,39,39
6.139356766522293,463.7551720473914,5,30,900,0,0,44,41
7.173460287210085,1304.3502293434435,13,43,1849,0,1,25,62
6.408996469957468,607.2839474840151,7,16,256,0,1,47,29
7.223438987311798,1371.1964890034046,13,28,784,0,1,42,47
5.739418282160001,310.8835118853532,2,47,2209,1,1,43,55
6.990501964818457,1086.266606976402,15,27,729,0,1,29,48
6.68319228944178,798.8652549598497,14,33,1089,1,1,29,53
6.262344803606991,524.4472252469543,6,24,576,1,0,52,36
7.624302742289353,2047.3524349537815,14,42,1764,0,1,28,62
6.766356075305007,868.1426767644632,12,35,1225,0,1,37,53
6.792228175122448,890.8964251781347,5,36,1296,0,1,22,47
7.417776407938545,1665.326381182674,14,30,900,0,0,52,50
6.842781417398714,937.091957157235,16,13,169,0,1,29,35
6.15750307877965,472.247436821926,3,36,1296,0,1,46,45
6.283308044031761,535.5573841185076,13,45,2025,1,0,54,64
6.376092323085827,587.6269589931335,14,8,64,0,0,37,28
5.702082728707331,299.49050934034693,11,45,2025,1,0,26,62
6.721196755525578,829.8099971809484,18,26,676,1,0,26,50
6.571152740728105,714.1926477543358,9,19,361,0,1,41,34
5.639319385849521,281.27121614324454,5,12,144,0,0,29,23
6.577333799910451,718.6207859716382,8,7,49,1,1,46,21
5.79287249194469,327.95371707357697,1,30,900,1,1,23,37
5.930328610125938,376.27814231857417,3,55,3025,0,0,31,64
6.878809223552849,971.4688685242071,8,30,900,0,1,22,44
6.38718714023132,594.1828737407258,14,12,144,0,1,22,32
6.650896808333777,773.477675813186,12,5,25,0,1,44,23
6.992954551850158,1088.9340400884796,7,51,2601,0,1,45,64
6.953934081460262,1047.2616471950503,18,7,49,0,1,59,31
6.643441308886598,767.7324567794763,18,4,16,1,1,26,28
7.796758955434029,2432.7046825029497,15,35,1225,0,0,53,56
5.853412483400818,348.421336119677,10,10,100,0,1,29,26
6.890478822209714,982.8719254715892,9,28,784,0,0,22,43
6.626002733386771,754.4603559740084,7,20,400,1,1,47,33
5.842589354175386,344.67066060963225,0,16,256,0,1,30,22
6.803388865101426,900.8951364540562,9,12,144,1,1,51,27
6.699025103693201,811.6141996680517,17,0,0,0,0,27,20
5.8027306161326,331.20271373855707,2,22,484,0,1,39,30
6.547358295109573,697.3994147896044,10,44,1936,0,1,24,60
6.893277061257438,985.6260876773456,17,24,576,1,1,32,47
5.959461376663304,387.40140459501066,2,54,2916,0,0,30,62
5.989342644854698,399.15213895593877,7,10,100,1,1,53,23
6.452927472564795,634.5572252232702,13,15,225,1,1,22,34
5.856027929364802,349.3338060347254,5,51,2601,1,0,34,62
7.28811521399416,1462.8110115887018,14,16,256,0,1,52,36
6.695479652618032,808.741756293878,13,40,1600,1,0,29,59
5.9782916052067225,394.76537662948965,6,40,1600,0,0,22,52
6.3518949249703365,573.5785682292677,9,48,2304,0,1,33,63
7.271385436298362,1438.5420814972824,14,23,529,0,1,52,43
5.747508557442574,313.4088466298314,9,7,49,1,1,52,22
7.511102803566743,1828.228608531868,16,24,576,0,0,55,46
7.779252144795359,2390.4864141797616,18,30,900,0,1,42,54
6.847841445441658,941.8456855960503,16,15,225,0,0,20,37
6.527423947337481,683.6348618201573,11,21,441,0,1,46,38
6.690009895136162,804.3302110615624,14,7,49,0,1,51,27
7.154699384321601,1280.1075596010749,11,5,25,0,1,40,22
6.641747962761226,766.43352008356,8,39,1521,0,1,39,53
6.510205042813488,671.9641848935474,4,13,169,0,1,46,23
7.196362222015509,1334.567064541695,3,34,1156,1,1,55,43
6.583444423797147,723.0254512325101,11,4,16,0,1,51,21
7.733856735430423,2284.3955423169136,15,35,1225,0,1,58,56
6.798919029017607,896.8772691590617,8,42,1764,0,1,48,56
6.250475992342021,518.2594534980133,2,44,1936,1,1,42,52
6.294785550987442,541.7396584005331,2,10,100,0,1,54,18
7.485479121139657,1781.9777484989906,17,18,324,0,1,34,41
7.590202675376398,1978.714509816776,16,31,961,0,0,29,53
5.851161118443698,347.63779488282347,9,8,64,1,1,34,23
5.747832702986021,313.5104531775086,1,51,2601,1,0,44,58
6.794053800699838,892.5243540208671,10,47,2209,0,1,36,63
5.6389989883819025,281.18111199321993,2,53,2809,0,0,50,61
6.081757168501283,437.7978037435102,1,41,1681,0,1,30,48
7.067753924241161,1173.509281189624,8,23,529,0,1,39,37
6.6058085526323005,739.3774531761229,18,17,289,1,1,50,41
6.4498222755236965,632.5898561202794,1,35,1225,0,1,35,42
7.455300634074822,1729.0037145729486,18,29,841,1,1,55,53
6.683498069881152,799.1095696799377,1,31,961,0,1,58,38
6.7283499596803376,835.767078207684,14,27,729,1,1,30,47
7.273569579549521,1441.6874972449527,2,33,1089,0,1,39,41
6.290407168323883,539.3728999400773,4,51,2601,0,0,45,61
6.700756015561253,813.0202488410865,10,43,1849,1,1,45,59
6.431489493691268,621.0983814937742,6,35,1225,0,1,25,47
6.1140629452547595,452.17213874114327,5,28,784,1,1,54,39
6.506728922093479,669.6324113784319,13,26,676,1,1,27,45
5.610679281220376,273.3298427878723,0,18,324,0,1,26,24
7.398039238347194,1632.779797248212,16,30,900,1,1,56,52
7.64048914346902,2080.761358518191,16,23,529,0,1,35,45
7.169185779239087,1298.7866730950764,13,12,144,0,1,28,31
6.019981872357923,411.5711348448202,9,12,144,1,1,30,27
5.580042415766977,265.08284924013833,7,20,400,1,0,40,33
6.432475601025823,621.7111532429482,7,20,400,0,0,26,33
6.379157008329614,589.4306130675201,13,29,841,1,1,31,48
6.898777606401066,991.0625063936217,6,47,2209,1,1,59,59
6.6749961665772375,792.3444164785178,5,31,961,0,1,40,42
6.025089923412459,413.67883976346326,3,21,441,1,1,24,30
5.328952041347538,206.22174901238813,0,17,289,1,1,25,23
6.8068500382661705,904.0186929913556,14,41,1681,1,1,45,61
6.797940678143614,896.0002375911718,14,6,36,0,1,48,26
5.652581219730185,285.0262324537292,0,56,3136,1,0,22,62
5.527431890333871,251.49720856520167,2,45,2025,0,0,30,53
6.210232036944428,497.8167497638325,4,50,2500,1,0,42,60
6.501400208450546,666.0736223171181,4,27,729,1,1,44,37
5.9038805429625425,366.4567634800711,3,26,676,0,0,31,35
7.812241254441814,2470.661615899508,16,38,1444,0,1,20,60
6.661091708044908,781.4035361742663,13,19,361,1,1,23,38
4.847028757387914,127.36140546252372,7,8,64,1,0,20,21
5.85716928595182,349.73274809957974,1,43,1849,0,0,25,50
6.244266805182469,515.0514533973179,7,31,961,0,0,53,44
5.685239880693306,294.48847867906255,0,18,324,1,1,46,24
6.432838255875708,621.9366606961132,3,14,196,0,1,35,23
6.862257527736201,955.52175130296,18,8,64,0,1,30,32
6.162303346875974,474.5198007410608,4,25,625,1,0,33,35
6.38678602909849,593.9445881678242,4,39,1521,0,0,57,49
6.943656543277703,1036.5534965985419,18,4,16,0,1,29,28
6.365713237730544,581.5594705871672,11,20,400,0,1,32,37
5.675216963716728,291.55158779978206,0,35,1225,1,1,53,41
6.721170757438538,829.7884239888474,6,20,400,0,0,52,32
6.468066483934709,644.2368795972423,16,2,4,1,1,52,24
6.060243878749204,428.4799212652631,1,31,961,1,1,58,38
6.560073844399432,706.3238507301849,10,43,1849,0,0,32,59
6.415813276531907,611.4378266998621,6,31,961,1,1,36,43
7.687745013789945,2181.449872381069,16,39,1521,0,0,28,61
5.862804035909077,351.7089672084441,2,23,529,1,0,32,31
7.358008281422716,1568.7090224989367,5,43,1849,0,1,35,54
6.919534657275548,1011.8490283794773,10,22,484,1,1,56,38
6.741030852027938,846.4328332748042,17,12,144,0,0,49,35
7.206041540846432,1347.5474841268883,17,0,0,0,1,58,22
7.0774529372995705,1184.946538426454,9,5,25,1,1,52,20
7.261235345543568,1424.0146011608822,4,30,900,0,1,59,40
7.040351194402373,1141.788525963546,14,23,529,1,1,25,43
5.608197823335368,272.65242713109626,3,45,2025,0,1,31,54
6.360247599295949,578.389547510733,0,35,1225,0,1,21,41
6.661435972158057,781.6725916800792,14,16,256,1,1,52,36
7.348338425397787,1553.612938218299,16,20,400,0,1,34,42
6.8967061254582775,989.0116641721568,18,14,196,1,1,36,38
6.9550771642125495,1048.459438377889,13,10,100,0,1,54,29
7.487417520837121,1785.4352835874429,18,34,1156,0,0,50,58
7.031193335943802,1131.379921261681,17,27,729,1,1,49,50
5.2432402406498415,189.28243045025707,1,14,196,0,0,57,21
5.931902724761366,376.87091367202174,5,48,2304,0,1,35,59
6.785530748800002,884.9496482884085,12,6,36,1,1,59,24
7.4724703151225444,1758.9464751215658,16,17,289,0,0,36,39
6.374632249702349,586.7696065619353,5,39,1521,0,1,26,50
6.174454927914703,480.32114290820095,4,24,576,1,1,24,34
6.42731109837669,618.5086012573621,6,29,841,1,1,59,41
6.010742124843777,407.78583600763795,0,45,2025,0,1,46,51
6.623122218172597,752.2902484545123,12,27,729,0,1,20,45
6.410093670571541,607.9506254769816,18,36,1296,1,1,21,60
5.920565522385127,372.62238059962215,0,52,2704,0,1,23,58
6.54964236889093,698.9941470578309,12,38,1444,0,0,20,56
6.779940443284124,880.0163116656216,10,23,529,1,0,48,39
6.697704645041283,810.5432039344885,6,22,484,0,1,40,34
6.142334004362034,465.1379388854662,2,43,1849,1,0,54,51
5.892474958709845,362.3008553220427,0,17,289,1,1,53,23
6.041810853632249,420.65408858451195,7,50,2500,1,1,58,63
5.6499084087178115,284.2654283964697,16,1,1,1,0,21,23
7.008365839482986,1105.8458978219287,12,33,1089,0,1,44,51
6.769041253935955,870.4769274662456,13,0,0,0,1,25,18
6.1042147804531055,447.74092845852255,4,17,289,1,1,27,27
7.524723852264636,1853.3013704442656,5,27,729,0,1,54,38
5.542589364899943,255.33830825241014,5,11,121,1,1,38,22
6.219450793004187,502.4272196892849,7,6,36,0,0,28,19
6.431125133945858,620.8721194685083,12,21,441,1,1,52,39
7.127288430528596,1245.4951373612248,17,0,0,0,1,27,19
6.463488178931479,641.2941082607377,3,18,324,0,1,57,27
6.77961344927074,879.7285986428085,16,29,841,0,0,51,51
6.084005923403304,438.7834114805446,4,23,529,1,1,42,33
6.8146796293169185,911.1245714201499,2,48,2304,0,1,53,56
5.895038225406682,363.23072027553224,3,30,900,1,0,42,39
6.551965499202603,700.6198892228257,4,19,361,0,1,51,29
7.123220961807033,1240.4394138161242,13,22,484,0,1,20,41
6.506291096609291,669.3392934156318,14,44,1936,1,1,26,64
8.010780038920638,3013.266661667861,16,35,1225,0,1,43,57
6.358230543203801,577.224079152961,5,44,1936,0,1,21,55
6.988863190696844,1084.4879192035307,9,12,144,0,1,37,27
7.035093376319676,1135.8009641541603,15,31,961,1,1,38,52
6.964201108242233,1058.069296851082,16,27,729,1,0,55,49
6.614537441248884,745.8596466244481,13,5,25,0,1,47,24
7.359147224463954,1570.4967105680346,11,21,441,0,1,54,38
6.44906789561386,632.1128229963812,8,23,529,0,0,51,37
6.562292837270085,707.892918550649,14,23,529,1,1,32,43
5.6024303252044625,271.0844308216107,11,4,16,0,1,25,21
6.547055280625127,697.1881246790774,13,44,1936,1,1,48,63
6.9606312103502095,1054.2988315909176,17,16,256,0,1,29,39
6.3446343595845685,569.4291453372074,5,21,441,1,1,59,32
6.327279680860133,559.6321432664189,3,48,2304,0,1,29,57
6.294179323010061,541.4113401910508,11,21,441,1,0,53,38
6.663102921383986,782.9766868299344,12,14,196,0,1,39,32
8.046995820999957,3124.3946174876987,18,15,225,0,1,52,39
6.895438616230625,987.7588768890088,12,27,729,1,1,30,45
6.174623510580202,480.4021235525423,11,14,196,1,0,43,31
6.21072157101836,498.06050768445186,2,36,1296,0,1,52,44
5.343612379419832,209.26729942307645,2,50,2500,1,0,41,58
6.991149277030877,1086.9699882461246,13,38,1444,0,0,31,57
8.061828606263232,3171.0834989989403,17,22,484,0,1,49,45
7.4442940055910505,1710.0775606802413,18,19,361,0,1,51,43
6.405702661975192,605.2869614200732,9,4,16,0,1,38,19
7.268566964371699,1434.493299394825,16,20,400,1,1,59,42
6.229549451341916,507.5267664720131,14,0,0,0,1,21,20
6.372714293578263,585.6452867442986,18,1,1,0,0,33,25
6.1747723553653024,480.4736342252478,8,47,2209,0,0,52,61
6.868868668328979,961.8597676140188,3,41,1681,0,1,51,50
6.514772831073911,675.0405958566414,14,39,1521,1,0,38,59
7.4323088008913745,1689.7042640051848,18,28,784,1,1,33,52
6.696242716555298,809.3591134742113,15,2,4,0,1,23,23
7.084287370780887,1193.0727139946725,7,43,1849,0,1,21,56
6.285542526258454,536.7554155662109,16,18,324,1,1,29,40
6.513573846412313,674.2317175494962,0,36,1296,0,1,48,42
6.326114155639384,558.9802578573388,6,48,2304,0,1,34,60
6.655879679413144,777.341433663722,17,13,169,0,0,50,36
6.536162915354593,689.6353056688705,11,5,25,0,1,52,22
5.491321840661086,242.57764402119852,15,7,49,1,0,48,28
5.072068785948549,159.5039658132243,0,23,529,1,1,30,29
6.96082268237193,1054.5007196470401,14,7,49,1,1,59,27
5.959754475287824,387.5149680556687,6,13,169,0,0,28,25
7.601137832040817,2000.4708004020297,16,19,361,0,1,48,41
6.118599583584743,454.22814033910703,2,37,1369,1,0,56,45
6.56137367088542,707.2425461220017,10,42,1764,1,1,40,58
6.456352763477135,636.7344950827627,5,42,1764,1,0,50,53
5.9894688962309015,399.2025356440551,5,43,1849,0,1,41,54
7.031825757626198,1132.0956567543813,14,18,324,1,1,37,38
5.833566264753029,341.5746551899386,6,13,169,0,0,21,25
6.438041854713226,625.1814044314764,10,10,100,0,0,41,26
7.679323870961502,2163.156704229414,16,42,1764,1,1,56,64
6.031533112134761,416.3528559430234,17,9,81,1,0,39,32
6.927393814248476,1019.8326398611705,18,39,1521,1,0,23,63
6.041822290472038,420.65889956544083,7,44,1936,1,1,45,57
7.064934633449543,1170.2054766604608,7,22,484,0,1,39,35
7.54508514432515,1891.4237745627267,10,43,1849,0,1,41,59
6.2427338898383695,514.26252795385,2,29,841,1,1,39,37
7.171972567473251,1302.4111645136597,13,4,16,0,1,48,23
5.730348670844559,308.0766670046112,8,15,225,0,0,50,29
5.416735039497859,225.1428387116163,0,13,169,0,0,42,19
6.134637195031065,461.5716031663378,0,18,324,0,1,57,24
6.546241643024917,696.6210969152545,11,16,256,1,1,35,33
6.0640305714300204,430.1055189239142,10,4,16,0,0,38,20
5.595110250274546,269.10731761245944,0,56,3136,0,1,30,62
5.808022542467182,332.960059873491,11,3,9,1,1,31,20
7.538344484237415,1878.7172032673354,16,22,484,0,1,55,44
6.229307371735066,507.40391946189754,14,40,1600,1,0,32,60
4.931593771642499,138.60023352549277,1,50,2500,0,0,21,57
5.74707581980057,313.2732521650882,17,32,1024,1,0,30,55
7.041834104438606,1143.4829516578804,15,29,841,0,0,20,50
6.227363980758471,506.4187928164927,3,36,1296,0,1,29,45
6.023301863405501,412.93981807881414,7,5,25,0,1,22,18
6.19880125460856,492.15871434753313,1,18,324,0,1,27,25
6.187663733185019,486.70769787628456,13,35,1225,1,1,35,54
7.370747323859485,1588.8207031022407,14,29,841,0,1,55,49
7.126892297022424,1245.0018527152808,8,46,2116,1,1,59,60
6.175060226249344,480.6119685053413,1,47,2209,0,1,58,54
6.355192492015936,575.4731039764895,16,0,0,1,1,39,21
6.69989168143901,812.3178313033916,9,32,1024,1,1,27,47
6.211042854199998,498.22055185738265,8,9,81,0,1,29,23
5.304067122986954,201.15326360298639,1,56,3136,0,0,56,63
6.760172542471517,862.7910510472916,18,12,144,1,0,51,36
7.013883533976027,1111.9644823592696,16,27,729,0,0,46,49
6.311897909537082,551.0898756408529,10,10,100,0,1,50,26
6.901198391268742,993.4645617686281,16,7,49,1,1,22,29
6.578439744476499,719.41598036434,9,13,169,1,1,58,28
7.009889010899519,1107.5315741456739,17,40,1600,1,0,25,63
5.346173829810245,209.80401431972504,5,22,484,1,0,36,33
6.529640479423924,685.1518410222525,15,0,0,0,1,29,18
7.172903771385529,1303.624539747651,17,39,1521,1,0,40,62
7.585255886944337,1968.9503981777405,17,15,225,0,1,48,38
6.586436080180343,725.1917337096168,0,41,1681,0,1,48,47
5.774800157005213,322.0800628422369,2,22,484,1,1,39,30
7.217619723278513,1363.2403066076324,14,31,961,0,1,34,51
6.281220434888569,534.4405158245684,9,6,36,0,1,21,21
6.4116750917154635,608.9128120611488,4,35,1225,1,1,52,45
6.966382495071546,1060.3798744953235,14,35,1225,0,0,31,55
6.909410309889709,1001.6564012270937,13,29,841,0,1,32,48
7.690907583724221,2188.3597809357934,14,24,576,0,1,58,44
6.693008498099066,806.7456977484445,9,7,49,0,0,58,22
6.711592327409584,821.8782974048293,8,28,784,1,1,57,42
6.27882059373763,533.1594812365389,11,3,9,0,1,40,20
6.418295780965216,612.9576094685546,6,38,1444,0,1,35,50
5.535215078907339,253.46229616877292,4,11,121,0,0,53,21
6.394524020719368,598.5583540338102,9,27,729,1,1,46,42
5.89194705658303,362.109646404209,7,24,576,1,0,22,37
7.300547703633674,1481.1109153039977,15,30,900,0,0,28,51
6.673332956812155,791.0276768183903,11,26,676,0,0,53,43
5.92186185232235,373.10573537281556,8,8,64,1,1,38,22
7.141876405013175,1263.7975617199259,9,37,1369,0,0,57,52
7.558031059193038,1916.0691701173723,15,24,576,0,0,45,45
6.772240336526417,873.2661140907474,9,31,961,0,1,42,46
6.689433871364441,803.8670311538032,8,12,144,0,1,37,26
5.684880538950089,294.382675686631,2,47,2209,1,0,59,55
6.846838318671285,940.9013686892392,18,0,0,1,1,57,23
6.336044082963327,564.5585413317003,10,20,400,1,1,29,36
5.417984369667874,225.42429223015918,5,50,2500,1,0,29,61
5.972408947590659,392.4499242641572,5,17,289,1,0,40,28
6.343201691953549,568.6139267406104,14,0,0,1,1,57,19
8.040391770263406,3103.8289400464514,14,44,1936,0,1,57,64
6.683204830938458,798.875273988618,12,43,1849,0,1,26,61
5.143166819938626,171.25725135738523,4,51,2601,1,0,31,61
6.379336152472221,589.5362155680768,13,7,49,1,0,52,26
6.220866622532029,503.13907479633866,1,31,961,0,0,44,38
6.92928460847864,1021.7627576851445,11,24,576,0,1,47,41
7.139883260446684,1261.2811391067355,13,32,1024,0,0,43,51
7.803261165025269,2448.5741756958023,18,15,225,0,1,50,39
6.533059749906583,687.498570253013,14,0,0,0,1,37,20
7.996730327548649,2971.227147830481,16,7,49,0,1,42,29
6.502539035077002,666.8325967815296,13,26,676,1,1,26,45
7.5225524266006305,1849.281430365406,17,24,576,1,1,27,47
6.430589000541122,620.539338400687,4,33,1089,1,1,34,43
7.134307221585868,1254.267758075034,11,21,441,1,0,57,38
6.95253195724952,1045.7942852367976,9,30,900,0,0,47,45
6.881064499145034,973.6622709857895,7,30,900,0,1,46,43
6.222178131819932,503.799379269119,5,39,1521,0,1,40,50
6.652876106976091,775.0101352238988,14,18,324,1,1,46,38
6.372807156443718,585.6996739690036,11,35,1225,0,0,33,52
6.3601288461811345,578.3208660285405,5,40,1600,1,1,40,51
7.0865883105582945,1195.821063140024,11,41,1681,0,0,33,58
6.733886015851859,840.4067626260132,14,44,1936,1,1,25,64
6.985726368050915,1081.0914028590748,11,18,324,0,1,31,35
6.756448281100562,859.5837677524277,8,14,196,1,1,47,28
7.325534850423292,1518.5858978054985,18,16,256,0,1,48,40
6.374814983654297,586.8768390882391,1,32,1024,0,0,56,39
6.996656189566918,1092.972348969453,12,16,256,1,0,57,34
6.389715428338873,595.6870399155925,12,4,16,1,1,22,22
7.04570195646925,1147.9143389650899,7,48,2304,0,0,52,61
6.7822054934854386,882.0118519357968,12,10,100,1,1,31,28
5.674099105981202,291.2258566964915,3,38,1444,1,1,31,47
5.673647201018147,291.09428001879655,5,21,441,1,0,30,32
6.756476459293106,859.6079896106053,5,33,1089,0,1,47,44
7.211032989208293,1354.2905125481905,11,35,1225,0,1,54,52
6.3918162923676025,596.9398128821897,11,33,1089,0,1,53,50
5.995843869447384,401.75557023397204,16,15,225,1,1,41,37
5.729810474790511,307.91090596805424,6,21,441,1,1,58,33
7.000990953137793,1097.7204091160795,14,31,961,1,0,42,51
6.885454712945378,977.9462534434186,16,0,0,0,1,31,19
6.715136358986818,824.7962276077263,9,37,1369,0,1,38,52
6.106132193915924,448.60025652292876,5,46,2116,1,1,50,57
6.932344305396256,1024.8938296683257,8,31,961,0,1,32,45
6.8262604249818155,921.7374531023202,14,44,1936,1,0,38,64
6.767567051781896,869.1946139316384,15,35,1225,0,0,55,56
5.8318268686563295,340.9810379853598,7,10,100,0,0,41,23
6.4993743356612725,664.7256078040127,15,5,25,1,1,49,26
5.772149142638376,321.2273547384812,4,27,729,0,0,23,37
6.743430715448866,848.4665958697874,17,0,0,0,1,32,18
6.1789321543197016,482.4764707570925,13,6,36,1,1,39,25
5.671495503316603,290.4686064970822,1,33,1089,1,0,58,40
5.7323222493114905,308.6852808568258,2,12,144,1,1,25,20
6.295869171937911,542.3270170236555,13,2,4,1,1,31,21
5.588232355374786,267.2627763171455,6,30,900,0,0,35,42
6.727353606610231,834.9347738167893,14,44,1936,0,0,36,64
6.607722230196891,740.7937379440007,16,33,1089,0,1,27,55
6.492960290270024,660.4756717942505,0,26,676,0,0,52,32
6.6786371795790025,795.2346112261829,8,24,576,0,0,58,38
6.334433900008685,563.6502302612994,13,33,1089,1,0,31,52
7.534118338337229,1870.7942238867859,15,42,1764,0,1,45,63
6.638135893725319,763.6701031285273,12,13,169,1,0,38,31
5.494767902989578,243.41502370460418,5,42,1764,0,0,32,53
5.352827525162837,211.20464081843727,0,23,529,0,0,29,29
6.429316677481675,619.7503139445906,3,25,625,0,1,53,34
5.663509391474331,288.1581298611212,2,48,2304,1,1,50,56
6.81627805424889,912.5821002160957,16,4,16,0,1,46,26
4.855892275911612,128.49529333375872,1,45,2025,1,0,22,52
6.243702429174913,514.7608527261008,18,6,36,1,1,24,30
6.061975910524227,429.2227051808339,7,19,361,0,1,24,32
7.608872993053557,2016.004765552024,14,15,225,0,0,56,35
6.286140955335239,537.0767217438984,5,39,1521,1,1,26,50
5.733271097196298,308.978315233177,1,16,256,0,1,59,23
6.911837886693639,1004.0909529072201,14,24,576,0,1,32,44
6.854555349963301,948.1904227497954,11,23,529,1,1,53,40
5.7139856522091375,303.0766222364614,2,36,1296,1,0,55,44
6.535027429812887,688.8526791648619,9,36,1296,0,0,53,51
7.496592444079609,1801.8918938951056,13,44,1936,0,1,22,63
6.39170028900079,596.8705698703997,13,36,1296,0,0,29,55
7.064147093698476,1169.2842561271825,2,23,529,0,1,54,31
5.766481611537754,319.4119380398307,0,47,2209,0,1,56,53
5.026513572686399,152.40075124757087,0,19,361,0,1,25,25
6.4630982355758695,641.0440886341439,1,45,2025,0,0,40,52
6.811501988107988,908.2339395633129,18,12,144,1,1,24,36
6.022739779846046,412.7077766154828,9,32,1024,1,0,22,47
6.139486453888412,463.8153191342526,3,22,484,1,1,39,31
5.901195683080869,365.47419803294343,3,28,784,0,1,49,37
6.505962351661625,669.1192876695173,12,24,576,0,0,31,42
7.225811515897688,1374.453554082635,8,43,1849,0,1,54,57
5.961212009576842,388.08019622877464,6,29,841,1,0,51,41
6.779479449172643,879.610722822154,15,10,100,0,1,38,31
7.5156847418487445,1836.6246595864257,17,20,400,0,0,34,43
5.8091703588534465,333.342456304647,2,47,2209,0,0,29,55
6.967200445588696,1061.2475675786686,9,25,625,0,1,45,40
6.527259339539945,683.5223394525182,15,18,324,0,1,25,39
6.053760594565843,425.71094988202464,2,28,784,0,0,45,36
6.8978982240997055,990.1913666545299,10,47,2209,0,0,21,63
5.599223004487422,270.2163689311511,9,5,25,1,1,51,20
6.563250488693965,708.5711579186682,15,38,1444,0,0,22,59
6.489165830128165,657.9742719152767,7,23,529,1,0,38,36
6.813646051325779,910.1833396179728,8,12,144,0,1,55,26
6.913087089426519,1005.3460498416963,14,25,625,0,1,39,45
6.075695544768356,435.15206502351236,2,29,841,0,0,49,37
6.053378473145633,425.5483076857693,3,53,2809,0,0,56,62
5.677900940784161,292.33515664543165,12,6,36,0,0,39,24
6.972176428702117,1066.5414778348413,11,14,196,0,1,53,31
5.385583517692061,218.23741235172787,8,12,144,1,0,36,26
7.138347305536815,1259.3453551673906,13,17,289,0,1,42,36
6.8885321817244005,980.9604882337454,18,40,1600,0,1,28,64
6.609366504443436,742.0128079773739,6,19,361,0,0,46,31
7.039679464443219,1141.0218099455274,15,34,1156,0,0,36,55
5.917530846794229,371.4933066097269,4,43,1849,0,1,36,53
5.639405275086325,281.29537535082727,9,42,1764,1,0,21,57
6.706138082431412,817.4077745746027,17,11,121,0,0,34,34
6.7539173362349585,857.4109594177874,10,31,961,0,1,30,47
5.964082229647183,389.19567186137766,6,14,196,1,0,56,26
6.515236765797473,675.353843286435,13,31,961,1,0,28,50
6.934322472898587,1026.9232479383656,17,19,361,1,1,33,42
6.565428940085712,710.1164282808639,10,15,225,1,1,27,31
7.018100615301726,1116.6636283891075,11,11,121,1,1,31,28
6.806517101689621,903.7177622007873,17,29,841,1,1,26,52
5.5481187925071085,256.754093577208,1,51,2601,0,0,22,58
6.0317289128107054,416.43438609521763,0,25,625,1,1,45,31
5.801650347099285,330.8451188872529,9,32,1024,1,0,22,47
4.856539373621291,128.5784692523504,0,52,2704,1,0,23,58
5.793922012073618,328.29809178348677,5,10,100,1,1,51,21
6.168749107664228,477.5883207146006,6,9,81,0,1,33,21
7.223274307990582,1370.9706998882511,16,23,529,0,1,22,45
6.78208592475466,881.906397202799,8,11,121,1,1,32,25
5.486259196698574,241.3526632134904,6,7,49,0,1,27,19
7.303634929042945,1485.6905040296897,16,36,1296,1,1,57,58
5.723543186413739,305.98717411397945,2,55,3025,0,1,21,63
7.39580507538237,1629.1359730596869,15,18,324,1,1,57,39
5.569267024463611,262.241811945172,4,48,2304,1,0,50,58
7.687839080297825,2181.6550834042696,17,10,100,0,1,58,33
5.930554303458735,376.36307537062424,0,40,1600,0,1,46,46
6.591327222692803,728.74743846873,3,38,1444,0,1,36,47
6.497674449003132,663.5966094684507,10,13,169,1,1,54,29
6.764605179215317,866.6239790753273,8,38,1444,1,1,43,52
6.347644205806093,571.1456213673522,7,15,225,0,1,20,28
6.302533869748426,545.9535341032135,7,50,2500,0,1,48,63
5.475684035008657,238.8137680503463,4,28,784,1,1,45,38
7.255980114300501,1416.5507045673755,11,21,441,1,1,54,38
5.824640000299736,338.5392371140997,0,16,256,0,1,43,22
7.687276223978768,2180.4274705718026,14,17,289,0,1,52,37
6.880577813507803,973.1885188365216,17,31,961,1,0,45,54
6.709778792506243,820.3891431509356,5,9,81,0,1,56,20
6.342104585850542,567.9904390099637,9,46,2116,1,1,58,61
7.06071923375952,1165.2829753014705,13,31,961,0,0,45,50
7.221962895629758,1369.1739703502544,7,13,169,1,0,57,26
5.738942725960856,310.7357044522202,2,18,324,0,0,57,26
6.673224583228041,790.9419549589968,18,0,0,1,1,30,21
7.083435006701967,1192.0562149449047,11,35,1225,0,1,48,52
7.0857736962635975,1194.8473268716796,11,17,289,0,1,48,34
6.834740943648814,929.587503983554,14,31,961,0,0,22,51
5.2955625175834315,199.4497884299378,6,29,841,1,0,28,41
6.646539770132286,770.1149351462338,3,40,1600,0,1,54,49
6.250076132684992,518.0522638768316,8,4,16,0,1,25,18
7.316451509672322,1504.854522428056,15,4,16,0,1,28,25
6.47185085558508,646.6795304145712,12,44,1936,0,1,27,62
6.265499085003333,526.1040911097502,3,31,961,0,0,46,40
6.401529516576027,602.7662741772101,8,50,2500,0,1,53,64
7.471713863692928,1757.6164206700605,17,34,1156,1,1,43,57
6.392975435814767,597.6321529378434,14,9,81,1,0,24,29
6.3296454734266385,560.9576841901168,14,9,81,1,1,29,29
5.640007626609176,281.4648650896172,5,52,2704,1,1,39,63
6.861804924920067,955.0893773216646,10,48,2304,0,1,41,64
6.333587222820774,563.1732024421594,7,19,361,1,1,31,32
7.904932749441665,2710.6202153500176,16,36,1296,0,1,48,58
6.879537939181968,972.1770510724103,16,14,196,0,1,50,36
6.871202195960101,964.1069148293611,17,20,400,0,1,25,43
5.783444434619901,324.8762805487467,3,37,1369,0,1,26,46
7.198815650085444,1337.8453487118375,14,19,361,0,1,52,39
5.554875213219296,258.4947057857197,1,50,2500,0,0,34,57
6.151316575064122,469.33489481461606,1,31,961,1,1,32,38
7.051546289877373,1154.6427755478264,9,40,1600,0,1,43,55
6.386821179999303,593.9654662220705,2,29,841,1,1,49,37
7.235890107677859,1388.376152616318,7,33,1089,0,1,52,46
5.724918133399249,306.4081796204329,6,9,81,0,1,39,21
6.356357896843777,576.144154056708,11,7,49,0,0,38,24
7.51765158900605,1840.2405743873674,18,21,441,0,1,38,45
6.893794748091536,986.1364654228012,14,25,625,0,0,57,45
6.309752047978564,549.9085809621412,13,2,4,1,1,43,21
6.535538829893523,689.2050485737253,15,18,324,1,0,24,39
6.4843538565094905,654.8157225997489,13,10,100,0,0,41,29
6.111973627360986,451.2283936356805,2,54,2916,0,1,41,62
6.470765429788278,645.9779885746775,17,0,0,1,1,47,20
6.632386182162672,759.291819302957,5,28,784,0,1,36,39
7.645995370286982,2092.25010330275,16,39,1521,0,0,50,61
6.619820053099878,749.8101589576108,13,0,0,0,1,26,19
6.963646188349698,1057.4823160293092,13,22,484,1,0,36,41
5.495998231729711,243.71468850935864,12,33,1089,1,0,31,51
5.715164787776063,303.4342014369903,2,36,1296,1,1,26,44
6.781504720527915,881.3939784015621,12,40,1600,0,1,48,58
6.269537779797032,528.2331614020633,1,11,121,0,1,27,18
5.6120295111070835,273.6991501793645,8,11,121,0,0,23,25
7.370426545188913,1588.3111250445781,12,22,484,1,1,59,40
6.189012467070382,487.3645799206365,7,42,1764,1,1,35,55
6.5235070972559965,680.962403781348,15,2,4,0,1,35,23
6.344864767753175,569.5603615798024,2,31,961,0,1,41,39
7.5915069689466534,1981.2970182377558,12,24,576,0,1,30,42
5.632053392597037,279.23490824320095,3,26,676,0,0,30,35
7.138711675563941,1259.8043064775864,17,11,121,0,1,24,34
6.180189116221033,483.08330660399537,1,22,484,0,0,57,29
5.932526478269024,377.1060615558936,14,3,9,1,1,31,23
7.1145286583643825,1229.7038639521713,16,21,441,0,0,59,43
6.669462389752829,787.9718688193668,9,29,841,0,1,44,44
5.666007760334039,288.87895522832326,0,19,361,0,0,32,25
5.998555678896083,402.8465333588847,5,25,625,0,1,45,36
6.022858572139988,412.75680603109544,2,51,2601,0,1,30,59
6.401457759760741,602.7230231408101,18,0,0,1,1,59,18
6.530096448023535,685.4643199826072,6,34,1156,0,1,42,46
6.1967289289581755,491.13985728616814,12,44,1936,1,1,32,62
7.693837337320831,2194.7805368984145,12,34,1156,0,1,52,52
7.385468952237745,1612.3837486938082,16,35,1225,0,0,47,57
5.534692726656013,253.3299341405542,0,25,625,0,1,23,31
7.46978281071226,1754.2256451792878,13,33,1089,1,1,47,52
5.4859159247774585,241.26982783946508,2,54,2916,0,0,53,62
6.893478218451286,985.8243733979577,13,18,324,0,1,29,37
6.0043082384033815,405.17061030077997,0,24,576,0,1,27,30
6.466483830992942,643.2180826182273,15,34,1156,1,0,28,55
6.676076481068334,793.2008601645464,9,48,2304,0,1,37,63
6.249008590571241,517.4995163611393,12,7,49,0,1,21,25
5.876552666943088,356.57787776213155,3,51,2601,0,1,37,60
7.2088143133837415,1351.289111727505,8,23,529,0,1,59,37
6.968340766669194,1062.4584208011245,13,31,961,0,1,21,50
6.4428714961869,628.2081095378778,3,34,1156,0,1,41,43
6.673624771169495,791.2585437350411,9,41,1681,1,1,35,56
6.58622326934577,725.0374214717809,7,25,625,0,1,56,38
5.587372114113077,267.0329647101241,2,51,2601,1,0,51,59
5.848226141183299,346.6189816881125,6,48,2304,1,1,29,60
6.760979823609464,863.4878472061473,9,43,1849,0,0,53,58
6.5086560787264975,670.9241422057368,2,18,324,1,1,35,26
5.907260792502557,367.69757473062134,1,34,1156,1,0,53,41
5.99423464582191,401.10957559301056,14,34,1156,1,1,56,54
6.741369508360947,846.7195316576306,8,44,1936,1,1,59,58
6.944697341146791,1037.632900892403,14,14,196,1,1,53,34
7.334590528943264,1532.4001779373484,16,19,361,0,0,32,41
6.909650946063215,1001.8974649938214,6,26,676,1,1,56,38
8.406956786176924,4478.111902221763,17,33,1089,0,1,31,56
6.772467492125145,873.4645039095681,14,38,1444,1,1,34,58
7.702512172064428,2213.9027163113997,17,33,1089,0,1,49,56
6.667576404564994,786.4871660501416,11,13,169,1,1,50,30
6.228780066216898,507.13643310493916,7,15,225,0,0,48,28
5.844525326642918,345.33857984695265,1,56,3136,1,1,53,63
5.8191199742785065,336.6756400003911,1,29,841,1,1,51,36
5.91250956736098,369.6326103570851,4,18,324,1,1,42,28
5.432810270647855,228.79130831443283,0,24,576,1,0,29,30
6.185280581724952,485.5491807246935,3,54,2916,0,1,27,63
6.27878602784875,533.1410524236611,5,51,2601,1,1,40,62
5.646820845393686,283.38909444989,12,0,0,1,1,30,18
6.567094863852601,711.300414057191,18,33,1089,1,1,31,57
6.374848259661462,586.8963683310673,10,45,2025,1,0,58,61
7.477839911164882,1768.4167100668524,12,18,324,0,1,38,36
6.567320994016572,711.4612787239454,7,16,256,0,0,53,29
6.60564900134723,739.259493963839,6,13,169,0,1,57,25
6.775606713149162,876.2108104202046,12,7,49,1,1,53,25
5.510007141077171,247.1528919991968,0,56,3136,0,1,45,62
6.363178829395942,580.0874275848097,5,18,324,1,0,59,29
6.310535514477324,550.3395847291652,6,38,1444,0,1,35,50
6.1186204748218405,454.23762982600647,15,41,1681,1,0,38,62
6.608918670008522,741.68058348715,14,23,529,1,0,48,43
6.6474577611717915,770.8222183462383,1,49,2401,0,1,57,56
7.125617080817564,1243.415218043752,15,24,576,1,1,55,45
6.178529293708138,482.282139137924,16,0,0,1,0,40,22
6.440151516201731,626.5017177811586,14,5,25,0,1,29,25
5.985648500916189,397.6803337052676,2,34,1156,0,0,42,42
6.910819657920434,1003.0690789470785,3,35,1225,0,1,26,44
7.085375788998233,1194.3719830169741,11,46,2116,1,1,57,63
6.2129327825507605,499.1630433434256,4,30,900,0,1,24,40
7.022502665504688,1121.5900730139756,16,25,625,0,1,38,47
5.830112297410254,340.39690261612844,5,51,2601,0,1,52,62
6.355453804543789,575.6235019575832,9,49,2401,0,1,43,64
6.608673534123006,741.4987932431136,17,17,289,1,0,42,40
5.88492462128956,359.5756626252793,9,49,2401,1,0,41,64
6.107197296339138,449.0783162893195,5,26,676,0,1,55,37
6.122878900390677,456.1760914310486,5,24,576,1,1,40,35
5.922438406552814,373.32091308780537,14,15,225,1,0,37,35
6.370164352037854,584.1538278742958,3,10,100,0,1,57,19
6.919321796676704,1011.6336685109851,15,0,0,0,0,46,21
7.150758057296992,1275.07216666548,7,34,1156,1,1,56,47
5.758392486205145,316.8385969117233,6,38,1444,1,0,44,50
7.123286480982969,1240.5206890468303,18,29,841,1,1,58,53
6.9346057938495935,1027.2142380294306,16,13,169,0,1,49,35
6.9779653487056885,1072.733506417528,12,36,1296,1,1,33,54
6.537003298664949,690.2151072636553,14,16,256,1,1,53,36
5.714528829584774,303.24129131895586,1,57,3249,1,1,51,64
6.620272247707694,750.1492957405108,9,30,900,1,1,50,45
6.1339337643222,461.24703369578054,12,39,1521,1,1,21,57
7.307233785863095,1491.0469241460225,17,14,196,1,0,58,37
6.653354564714272,775.3810335427752,10,34,1156,0,1,54,50
6.532153672151715,686.8759252170095,12,11,121,1,1,42,29
6.728247410281624,835.681375190821,18,8,64,0,1,25,32
5.920159321840348,372.47105192260204,4,48,2304,1,1,40,58
6.0161185714481205,409.9841791226564,2,48,2304,0,0,45,56
6.136076280183128,462.23632218598686,18,0,0,1,0,49,19
5.714561134548841,303.2510876762103,12,28,784,0,0,49,46
6.10844593156228,449.6394015154774,4,48,2304,1,0,27,58
6.035620622020328,418.05818525844353,11,10,100,0,0,58,27
6.5700227123096875,713.3860455936639,13,0,0,0,1,52,19
5.959797109274094,387.53148971568555,5,17,289,1,1,29,28
6.230303951427664,507.90983995715146,8,16,256,1,1,37,30
7.011690921058124,1109.5290456317211,16,5,25,0,0,55,27
6.322306319202731,556.8557998254365,7,18,324,0,1,30,31
6.8232700913716,918.9852676437114,12,17,289,0,1,27,35
5.667983890732154,289.4503821342091,4,16,256,1,0,20,26
7.326246329833361,1519.6667248517094,16,34,1156,1,1,27,56
5.41496590548231,224.7448829796,2,37,1369,1,0,24,45
6.157286651339758,472.14524057761395,5,9,81,0,0,20,20
6.500660638213579,665.5811962047167,13,18,324,0,0,22,37
6.446375582036307,630.4132659573393,14,3,9,1,0,46,23
7.011600848972457,1109.4291125371324,13,25,625,0,0,42,44
5.766245111936811,319.3364061759277,10,3,9,1,0,58,19
6.609525403715194,742.1307226402257,10,30,900,0,1,59,46
6.242705679927823,514.2480208585621,8,41,1681,1,0,30,55
5.178188956227853,177.3613108583794,5,9,81,1,0,30,20
6.864219633076044,957.398426148318,14,13,169,0,1,55,33
6.728704961222645,836.0638294799206,11,30,900,1,1,57,47
6.941725057321857,1034.5533403360664,5,46,2116,0,1,50,57
6.346208723128574,570.3263398944047,0,13,169,0,1,43,19
6.604945263842417,738.7394323470428,15,13,169,0,1,38,34
6.202976675134105,494.2179801037061,14,38,1444,0,0,51,58
6.24061274701027,513.1728597604144,1,22,484,0,1,59,29
6.959414933796171,1053.0172921522742,16,30,900,1,1,57,52
6.64340021035549,767.7009047515941,2,52,2704,0,1,36,60
6.367049625264166,582.337178957861,2,10,100,0,1,54,18
5.887338722316131,360.44476322779656,4,52,2704,0,1,31,62
6.588955067777241,727.0207854043141,16,10,100,0,1,34,32
7.491015679296319,1791.8711343182,16,21,441,0,0,58,43
5.93005788057838,376.17628649566086,5,43,1849,0,0,32,54
5.473905629835174,238.3894378371065,0,32,1024,1,0,49,38
6.389193920173999,595.3764652512177,6,36,1296,1,1,38,48
6.051259761836283,424.6476481293117,14,22,484,1,0,28,42
6.4994627090476715,664.7843544527825,6,28,784,0,0,47,40
6.966939298880226,1060.9704624536446,18,17,289,1,0,44,41
6.668951335369203,787.5692752240059,10,39,1521,0,1,59,55
7.070655065118731,1176.9187402046084,13,26,676,0,1,23,45
7.162808484332636,1290.530282162292,12,20,400,0,1,56,38
5.601990529733496,270.96523532942587,8,46,2116,0,0,26,60
6.22571196325465,505.5828707755314,8,21,441,1,1,23,35
7.119929206971602,1236.3629044932413,15,32,1024,0,1,42,53
6.352640960495486,574.0066378753585,11,35,1225,1,1,25,52
6.6304495288334415,757.822757264349,9,47,2209,0,0,28,62
5.54292423127198,255.42382678317782,5,15,225,1,0,28,26
7.419282835954555,1667.8369660319875,17,32,1024,1,0,40,55
4.82988625948534,125.19671990554968,1,40,1600,0,0,22,47
6.342845269164189,568.4112958920438,8,47,2209,1,1,32,61
7.032587865633593,1132.9587647685203,18,27,729,1,1,57,51
5.743335438163211,312.103679333157,5,38,1444,1,0,37,49
5.265133918258588,193.47221651494496,1,13,169,1,0,50,20
6.392039737049426,597.0732108117211,14,0,0,1,0,48,20
6.666918875188268,785.9701976136383,16,23,529,0,1,21,45
7.605002855198,2008.2176275602656,15,40,1600,1,1,50,61
7.012134681608783,1110.0215201142757,7,19,361,0,1,57,32
6.3981957478295675,600.7601366682221,9,43,1849,0,1,26,58
6.5398316335260915,692.1700299980799,9,25,625,1,1,59,40
7.457885630154926,1733.4789641568757,17,34,1156,0,0,29,57
6.354178071575371,574.889628291686,9,13,169,0,0,32,28
6.962497247920095,1056.2680295478265,8,35,1225,0,1,20,49
7.698264272459255,2204.5182261345976,18,29,841,0,1,56,53
6.205884455312972,495.65714872925713,0,44,1936,0,0,44,50
6.442573344307182,628.0208360285269,3,32,1024,1,1,49,41
5.9619274582596375,388.357947040364,2,48,2304,0,0,21,56
6.647820783808309,771.102095057946,9,36,1296,1,1,55,51
7.184417639245737,1318.7210432335862,11,28,784,0,1,43,45
6.80195817576188,899.6071569552456,17,31,961,1,1,31,54
5.557691785562718,259.22380111783343,5,13,169,1,1,24,24
5.932935463509271,377.2603239124408,1,14,196,0,1,34,21
6.361454611579063,579.0880922902599,9,39,1521,1,0,26,54
5.469829232495202,237.41964573871547,1,11,121,1,1,21,18
5.088023659501615,162.069241324811,8,4,16,1,0,22,18
6.225493196784012,505.4722782926817,9,49,2401,0,0,23,64
5.976911178711039,394.2208079989715,1,30,900,1,1,35,37
6.930133705178812,1022.630701503023,7,23,529,1,1,46,36
7.469469627944491,1753.676337957707,16,24,576,0,0,41,46
7.179305568845672,1311.9968503400094,16,5,25,0,1,22,27
5.20475241356847,182.13577283989457,3,26,676,0,0,36,35
8.073484274991802,3208.2608402691108,17,22,484,0,1,41,45
6.439312883539151,625.9765332267059,11,35,1225,1,0,26,52
6.907481102356701,999.7258609575397,16,38,1444,0,0,49,60
6.064703985622434,430.39525563004867,8,50,2500,0,1,27,64
6.832302168187966,927.3232109635184,18,24,576,1,1,38,48
6.658176370077884,779.1287982037958,13,25,625,0,1,26,44
6.713051493052254,823.0784293615775,13,9,81,0,1,20,28
6.91241003488962,1004.6656061122476,16,33,1089,0,0,35,55
6.28523771611378,536.5918320025692,1,15,225,0,1,59,22
6.479143468418468,651.4127516552347,7,12,144,0,1,50,25
6.744170550266321,849.0945532625875,4,41,1681,0,0,58,51
6.244523034817658,515.1834417522676,6,17,289,0,0,46,29
6.2298660194903555,507.68745871443934,15,34,1156,1,1,29,55
5.92350524824864,373.71939992720405,15,0,0,1,0,53,18
7.50146874757534,1810.6999234956513,16,26,676,0,1,33,48
6.0633090128612075,429.7952845408398,6,9,81,1,0,21,21
6.661398245826781,781.6431025971972,7,49,2401,1,1,58,62
6.8658656768719855,958.97564361632,7,9,81,0,0,41,22
5.724674924696452,306.33366754590094,10,31,961,1,0,45,47
6.6346573967714715,761.0182938302279,14,21,441,1,1,24,41
6.611367703664104,743.4992102278751,17,0,0,0,1,57,20
6.500698060816675,665.6061044517133,5,17,289,0,1,35,28
7.091904190667371,1202.1948306260226,11,45,2025,0,0,31,62
5.949379912981966,383.5154523602827,14,1,1,0,0,36,21
6.431639173084206,621.1913540803375,5,32,1024,1,0,44,43
7.455845706234648,1729.9464032553356,17,21,441,1,0,43,44
6.02233782975069,412.5419220201862,8,49,2401,0,0,30,63
6.669371360348773,787.9001434743423,7,47,2209,1,0,37,60
6.41555968678288,611.2827919932811,13,25,625,1,0,55,44
7.45110266928417,1721.7606315969315,18,35,1225,0,1,22,59
7.243840466302625,1399.4582358304692,18,0,0,1,0,38,23
5.903828453081279,366.43767528792836,7,19,361,1,1,25,32
5.847159318753306,346.2493979589445,1,40,1600,0,0,42,47
6.441598356728846,627.4088219160235,3,50,2500,0,1,59,59
6.158384647665546,472.66393902939177,5,43,1849,0,1,26,54
6.6896023023636735,804.002438684203,2,46,2116,0,1,28,54
5.738776214193123,310.6839676082905,2,51,2601,0,0,21,59
8.118331530522301,3355.417660140782,18,30,900,0,1,30,54
6.833825176188581,928.7366076670114,10,36,1296,0,0,22,52
6.1755926736377855,480.8679372317184,9,25,625,1,1,49,40
6.779154059735717,879.3245533451279,11,6,36,0,1,27,23
6.816734322102625,912.9985770975991,13,2,4,0,1,56,21
6.853888247635508,947.5580936491453,17,12,144,1,1,40,35
6.705930738978605,817.2383079937712,8,12,144,1,1,27,26
6.927253474376163,1019.6895267211861,14,26,676,0,1,30,46
6.294681747283509,541.6834267360013,2,22,484,0,1,53,30
7.315731600754202,1503.7715541029377,10,48,2304,1,1,58,64
6.600620408198736,735.5513898248884,9,19,361,0,1,35,34
7.231131193020884,1381.7846855487462,17,39,1521,0,0,26,62
6.003315673090544,404.76865152538335,3,40,1600,0,1,23,49
7.027937841521676,1127.7027090582824,12,21,441,0,1,51,39
6.169336290447702,477.8688347025449,5,10,100,0,1,56,21
6.194898845759965,490.2418524477942,12,4,16,0,1,41,22
5.74476626950355,312.55056669296033,4,44,1936,1,1,26,54
6.8169249688569495,913.1726539060878,13,39,1521,1,1,32,58
5.885167310532308,359.6629383605652,12,12,144,1,0,37,30
7.240555726519099,1394.8689211664548,13,32,1024,0,1,53,51
6.8470846936180125,941.1332117728169,7,49,2401,0,1,32,62
6.982050666306887,1077.1249275600676,15,18,324,1,1,53,39
7.882269272419372,2649.879039374366,12,22,484,0,1,48,40
6.71884053197313,827.8570809786244,14,0,0,0,1,24,20
7.067962037160376,1173.753529046544,18,35,1225,0,1,50,59
5.344205021241195,209.3913567337026,0,45,2025,0,0,30,51
5.495026253142416,243.47791813722463,1,42,1764,0,1,57,49
7.230162593655083,1380.446937754071,17,39,1521,0,1,23,62
7.036977206371975,1137.9426367841288,18,14,196,1,0,26,38
6.674938071926067,792.2983868430863,7,50,2500,0,1,42,63
5.756790548464738,316.33144752503813,2,53,2809,1,1,50,61
7.203261788854734,1343.8068377672346,13,19,361,1,1,36,38
6.256403094590444,521.3403516498262,8,47,2209,0,1,29,61
6.227263541320133,506.3679309516898,7,15,225,1,0,41,28
6.855798185588265,949.3696001965236,16,34,1156,1,1,49,56
7.024188635909704,1123.4826356376234,15,0,0,0,1,48,21
5.925451932444793,374.4476221562192,9,3,9,0,0,36,18
6.417063018489642,612.2024438940113,9,30,900,0,1,40,45
5.676044587235673,291.7929826290711,5,30,900,1,1,41,41
7.804387196490958,2451.332900177502,16,30,900,0,1,58,52
7.339628027696284,1540.1391180077871,15,9,81,0,0,59,30
7.21701653141765,1362.4182591013944,14,44,1936,0,0,41,64
7.251681884632592,1410.4751108053533,13,32,1024,0,1,46,51
5.434134038599465,229.09437546702137,3,19,361,0,0,42,28
5.904013457698685,366.5054742212127,3,44,1936,0,0,23,53
5.813916848030974,334.9284235766123,1,27,729,1,0,45,34
7.510089886635193,1826.3777023848813,10,36,1296,1,1,58,52
5.629177663167053,278.43305770487956,3,26,676,1,0,36,35
6.585978276916927,724.859814549956,15,36,1296,1,1,22,57
5.899516315656346,364.8609476507486,3,30,900,1,0,36,39
6.091339355330803,442.0130273698507,0,35,1225,1,1,59,41
7.292313068560628,1468.9645863430082,18,12,144,0,1,38,36
5.488267186497356,241.8377837947195,1,47,2209,1,0,58,54
6.619955593632066,749.9117955133769,8,42,1764,0,0,37,56
7.007058350594339,1104.400961422961,12,20,400,0,1,47,38
6.478400165200114,650.9287343685407,17,2,4,0,1,34,25
7.139370764133092,1260.634902783552,15,24,576,0,1,45,45
6.147310064069915,467.4582612853396,15,1,1,1,1,54,22
6.623994662913302,752.9468665150976,9,19,361,0,1,35,34
6.8677455826242895,960.7801230392713,8,40,1600,1,1,34,54
6.466770636880188,643.4025878084278,10,37,1369,0,1,24,53
6.296909444124943,542.8914782815117,3,27,729,0,1,43,36
6.592652121717275,729.7135951277221,9,29,841,0,1,21,44
6.442772553062956,628.1459557399295,2,43,1849,1,0,55,51
6.200765664414832,493.12646597142475,5,17,289,1,1,50,28
5.554436982681031,258.38145032947693,2,54,2916,0,0,49,62
7.216698065091596,1361.984443845311,8,50,2500,0,0,31,64
6.485887043965501,655.8204478709147,2,21,441,1,1,56,29
6.4888859456457695,657.7901408956616,17,15,225,0,1,40,38
6.462764543903104,640.8302132460936,7,15,225,0,1,31,28
7.241621149684046,1396.3558387847145,7,43,1849,0,1,59,56
7.416028151117788,1662.417506448923,14,25,625,0,1,56,45
6.941316017868751,1034.1302537389804,12,4,16,0,1,54,22
6.275922638556367,531.6166455695038,6,22,484,0,0,41,34
6.939346114046403,1032.0951217645759,18,13,169,1,1,55,37
5.521229479517124,249.94214710866626,7,45,2025,1,0,27,58
6.376700232154037,587.9842913520162,9,48,2304,1,1,46,63
6.312893858675126,551.639006535312,16,7,49,0,1,46,29
6.539488042293275,691.9322472965193,0,17,289,1,1,55,23
6.397203687283519,600.1644417705538,12,16,256,1,1,26,34
5.701242992763859,299.2391219592074,12,18,324,1,0,22,36
7.06947540335644,1175.5311927487135,15,22,484,0,1,23,43
7.1694948593175925,1299.188164225217,8,47,2209,0,1,43,61
6.55431260964011,702.2662528203297,9,46,2116,1,1,27,61
5.774585320285388,322.01087565025546,5,38,1444,1,1,32,49
5.44887679522551,232.49687759202465,4,13,169,1,0,28,23
5.981228693894956,395.9265419397118,1,46,2116,1,0,39,53
6.427621192704179,618.7004270066162,10,39,1521,0,0,39,55
6.479257895854395,651.4872954109806,8,14,196,0,1,24,28
5.8468184206629905,346.13138231720376,5,39,1521,1,1,24,50
6.777720896446039,878.0652402917281,7,28,784,0,1,54,41
6.6474524411378315,770.8181175567678,8,26,676,0,0,20,40
6.016157625325131,410.00019090702324,8,18,324,1,1,34,32
5.801842027191434,330.9085413883495,7,31,961,0,0,36,44
6.851740833269568,945.5254770024732,11,11,121,1,0,31,28
6.134836218298812,461.6634757971916,7,21,441,1,0,55,34
6.21306296517377,499.2280299276877,2,23,529,0,1,34,31
7.701958838461958,2212.678028407597,12,26,676,0,1,33,44
7.372994385109541,1592.3948947473161,18,11,121,0,0,46,35
5.719645213932959,304.79676612587417,1,38,1444,1,0,41,45
7.059194682824395,1163.507795571579,16,42,1764,0,0,28,64
7.997086482227114,2972.2855527467054,15,43,1849,0,1,40,64
5.7277980303257205,307.29187546086825,3,12,144,1,0,22,21
6.93013720865144,1022.6342842679708,17,1,1,0,1,50,24
7.37405001283401,1594.076758501336,13,43,1849,0,1,32,62
5.4661798670722845,236.55479373316973,1,45,2025,0,0,21,52
6.759575338436737,862.2759425781716,12,8,64,0,1,33,26
6.389425998374035,595.5146551844324,16,3,9,1,0,26,25
7.08717618983989,1196.5242682471437,14,42,1764,0,1,48,62
5.983438500688056,396.8024305174916,4,24,576,0,1,23,34
5.8364902161680305,342.5748644553518,6,22,484,1,1,23,34
6.658484523419772,779.3689263429676,17,27,729,1,1,43,50
6.939691454613124,1032.4516076298084,10,33,1089,0,1,40,49
6.632364584171111,759.2754203017452,17,2,4,1,1,47,25
6.2129895273713736,499.19136906443816,4,26,676,1,0,57,36
7.069860101668679,1175.9835046107746,12,37,1369,0,1,27,55
6.062375596931647,429.3942939504157,17,0,0,1,0,36,20
5.91641472581067,371.07890643835066,1,15,225,1,1,28,22
6.040085658040946,419.92900364193446,3,21,441,0,0,39,30
5.976171720444352,393.92940591671413,12,46,2116,1,1,24,64
7.20686816793853,1348.6618639099604,15,42,1764,1,1,54,63
5.883869846371219,359.19659118776326,5,37,1369,1,0,48,48
5.505500316331764,246.04152348232907,7,20,400,0,1,31,33
7.862787345000346,2598.7539132737807,15,28,784,0,0,51,49
6.091239260064305,441.9687861722849,12,21,441,1,1,50,39
5.89573078191323,363.4823652033449,3,37,1369,0,0,50,46
5.619303384171171,275.69726124879264,1,32,1024,1,1,20,39
6.558106380704475,704.935550360111,8,46,2116,0,1,24,60
7.190208845673167,1326.3801854458923,17,0,0,0,1,55,20
6.357552110471979,576.832604253776,16,5,25,1,1,31,27
5.983641067442356,396.88281763954427,7,46,2116,0,1,35,59
7.213997901517692,1358.311823630864,14,18,324,0,1,35,38
6.2549628905647845,520.590055596028,8,19,361,0,1,40,33
6.758157749116642,861.054455399142,16,7,49,1,0,52,29
5.75538719329738,315.88783350037744,1,12,144,1,0,45,19
5.982495621396913,396.4284700505762,5,47,2209,1,1,22,58
6.050609401410966,424.37156389112715,4,31,961,0,1,42,41
7.299635996873522,1479.7611918394753,16,30,900,0,1,44,52
6.355622038922882,575.7203497663637,1,40,1600,1,0,39,47
7.14729061600939,1270.6585851296288,17,24,576,1,1,55,47
6.373578870457267,586.1518410645383,9,49,2401,0,1,54,64
6.900240137413546,992.5130265012939,9,37,1369,1,1,52,52
6.0048051987476025,405.3720140674409,5,25,625,0,1,24,36
6.872046487427117,964.9212457888102,11,8,64,0,1,23,25
5.932288941046167,377.0164954673703,16,21,441,1,1,27,43
7.065013455148662,1170.2977178797073,12,39,1521,0,1,30,57
7.413650314300488,1658.469244917506,15,3,9,0,0,46,24
6.965282425313854,1059.2140240397114,9,32,1024,0,1,29,47
6.22710337627198,506.28683500218744,1,17,289,0,1,39,24
5.360373005305047,212.80430878345393,1,13,169,1,0,51,20
5.898936928490597,364.6496131285638,6,6,36,0,1,46,18
6.014793696317119,409.4413609421871,5,42,1764,1,1,37,53
6.103958269584696,447.6260927730717,0,36,1296,0,0,45,42
6.739807123298066,845.3976626120404,11,37,1369,1,1,54,54
6.044908755915453,421.9592544403133,12,0,0,0,1,47,18
6.248327459550067,517.1471514040779,11,15,225,1,0,20,32
7.311051282892549,1496.7498699131045,18,30,900,1,1,53,54
6.473209180659863,647.5585282833557,8,16,256,1,1,45,30
6.189722718858134,487.71085444130375,9,42,1764,1,1,25,57
7.0234949754495934,1122.703590383343,16,3,9,0,1,44,25
6.875073347195383,967.846351796791,17,0,0,0,0,36,22
5.835810750270339,342.34217557857846,7,13,169,1,0,45,26
5.593409309036549,268.64997094865214,6,6,36,1,1,40,18
6.3925847665115185,597.3987220011758,8,39,1521,0,1,51,53
6.641691145462744,766.3899746385617,9,37,1369,0,0,44,52
6.1305607374405815,459.69385597973377,11,2,4,1,0,51,19
7.140491987719482,1262.049149065364,14,37,1369,1,1,38,57
6.788276935759795,887.3832254721648,14,20,400,1,1,21,40
6.110482209676902,450.5559252201439,3,17,289,0,0,54,26
6.093520273939803,442.9780737679737,3,42,1764,0,0,35,51
6.405495230759987,605.1614190312737,0,57,3249,0,1,35,63
6.9436937716556875,1036.5920865222304,11,14,196,0,0,52,31
5.875352494231889,356.1501794310955,1,14,196,1,1,43,21
6.611210481255151,743.3823246797427,14,27,729,1,1,50,47
7.242968236908283,1398.2381194090815,16,26,676,0,1,42,48
5.958209252913689,386.91663365562204,6,43,1849,0,1,36,55
6.3615541979620165,579.1457644504158,5,17,289,0,0,52,28
6.586529971192247,725.2598258918911,11,35,1225,1,1,56,52
6.876504430967564,969.2324125527847,18,1,1,0,1,55,25
5.734233806033955,309.2759146156892,0,14,196,0,0,38,20
6.9191389922296,1011.4487542796278,13,12,144,1,1,40,31
5.763546324843857,318.4757470948203,3,21,441,1,0,58,30
5.935918432544564,378.38735989793264,4,52,2704,1,0,59,62
5.911757468260921,369.3547145191872,0,43,1849,0,1,38,49
6.366383272800509,581.9492664015806,0,45,2025,0,1,27,51
5.8180487204549465,336.31516804669326,5,51,2601,0,0,45,62
5.204054554729292,182.00871212126714,4,26,676,1,1,37,36
5.946507461989515,382.415403692846,1,48,2304,1,1,33,55
4.927350236126076,138.01332467694908,4,23,529,1,0,37,33
6.1598649838994,473.3641587372042,8,5,25,0,1,56,19
7.913413814239062,2733.7069225851037,18,33,1089,1,1,47,57
7.166879309203804,1295.7945125421606,14,14,196,0,1,52,34
6.810244754682094,907.0927949888247,12,33,1089,0,0,25,51
7.1255168328710585,1243.2905744692248,11,42,1764,0,1,26,59
5.385601041403204,218.24123671461084,4,23,529,1,1,24,33
6.24827822602652,517.1216910543785,1,48,2304,0,1,46,55
5.020549652284663,151.49455023931048,3,10,100,1,1,27,19
6.222493046235197,503.95805793984135,17,0,0,1,0,57,19
6.924160933902665,1016.5409666235181,9,28,784,0,1,52,43
6.039072173092265,419.5036275097931,12,12,144,1,1,31,30
7.0923261196539,1202.7021784973786,11,47,2209,0,1,56,64
6.40406417641436,604.2960195173197,1,41,1681,0,0,56,48
6.494463107204452,661.4689920208818,14,31,961,1,1,34,51
6.93230598708325,1024.854558218175,13,37,1369,1,1,36,56
6.031113796369442,416.17830922424406,9,5,25,0,0,56,20
6.408938430027338,607.2487017889731,7,12,144,1,0,48,25
6.790841919805844,889.6622708962957,14,20,400,1,1,22,40
6.7564622955911995,859.5958144655068,12,13,169,0,0,30,31
6.794502655727938,892.925057987139,7,31,961,0,0,45,44
7.5062180447908275,1819.3199288815763,13,27,729,1,0,59,46
5.876981215296781,356.73072137270964,0,50,2500,0,1,25,56
6.357168541567104,576.6113916313199,12,38,1444,1,0,54,56
6.20819601689858,496.8042160014509,7,5,25,1,1,43,18
7.522561946826106,1849.2990360253955,17,11,121,0,1,58,34
6.649169644974982,772.1429065267895,8,44,1936,1,1,53,58
7.215492359514862,1360.3432811842442,12,29,841,0,1,43,47
5.112477695582975,166.08134452359576,2,22,484,1,0,38,30
6.904600740149505,996.8504314972511,17,15,225,0,1,32,38
5.784893075786917,325.347250753987,9,21,441,1,1,28,36
7.146721856987015,1269.9360920766758,4,26,676,0,1,38,36
7.044205365979246,1146.197666180552,5,31,961,1,1,51,42
7.466260001491354,1748.0567152622923,7,26,676,0,1,40,39
7.101755696556294,1214.096789931571,6,36,1296,0,0,51,48
6.881749321247562,974.3292847961901,17,11,121,0,0,31,34
6.402074658751237,603.0949570763738,13,21,441,1,1,48,40
7.412626989908825,1656.7729609587611,14,29,841,0,1,52,49
6.683046874093682,798.7490961365588,9,12,144,1,1,20,27
6.046065118729368,422.4474746565839,11,10,100,1,0,23,27
6.228331624283413,506.90906284732625,6,41,1681,1,1,32,53
6.426677621133375,618.1169142091849,6,13,169,0,1,42,25
6.605128408899429,738.8747412126934,10,21,441,1,1,47,37
6.957715642210597,1051.2294282095515,12,31,961,0,1,31,49
6.44762135060248,631.1991043725343,14,11,121,1,1,38,31
7.393398181838308,1625.2195313236027,17,22,484,1,0,52,45
5.88058732120114,358.0194523870233,6,51,2601,0,0,37,63
6.6933746173679705,807.0411169695309,5,30,900,0,1,53,41
6.487842614127138,657.1042056001993,10,16,256,0,0,49,32
5.828795592848248,339.9489954070056,7,26,676,0,0,25,39
5.247309397477508,190.05421954497078,0,41,1681,1,0,23,47
5.677619729584664,292.2529602831867,7,8,64,0,0,31,21
5.602806433129062,271.1864070001005,7,17,289,1,0,42,30
7.621198286297583,2041.0063750484292,18,16,256,0,1,47,40
6.259587976514914,523.0034060224361,2,17,289,1,1,30,25
5.6452592972197495,282.94691405978097,4,25,625,1,0,47,35
5.986158766340759,397.8833080105701,2,21,441,1,1,59,29
7.076067634270891,1183.3061648675102,14,28,784,0,0,53,48
6.568581687628711,712.3587790308992,13,12,144,1,0,53,31
7.347198946440731,1551.8436371998682,14,31,961,0,1,40,51
7.6019896703668595,2002.175604105419,16,13,169,0,1,55,35
6.724951269141255,832.9313860956917,17,28,784,1,1,47,51
5.45108934567174,233.011858162448,1,21,441,1,1,53,28
6.76531810705448,867.2420397262401,11,41,1681,0,1,48,58
6.822491711721749,918.2702265356908,15,8,64,0,1,45,29
5.768335905919636,320.0047712758464,3,23,529,1,1,32,32
5.917124788892077,371.34248943930584,1,41,1681,0,1,53,48
7.1083008295079795,1222.0692768704348,13,27,729,0,1,38,46
6.299352038879618,544.2191629964695,10,27,729,1,0,27,43
7.098657536091053,1210.341144056891,12,17,289,0,0,48,35
6.25078534498373,518.4198032300716,6,37,1369,1,1,59,49
6.424715987728305,616.9055839034636,9,24,576,1,1,35,39
6.016344352473558,410.0767562217148,0,49,2401,1,0,47,55
5.783833929953407,325.0028429901273,3,25,625,0,1,49,34
6.7249001779411115,832.8888317186253,17,17,289,1,1,42,40
6.111356986428521,450.95023350954807,5,30,900,0,1,48,41
6.10473712779523,447.97486583542747,1,18,324,0,1,39,25
6.733609838056867,840.17469298713,2,50,2500,0,1,36,58
6.173115489484982,479.67821298942545,13,4,16,1,1,45,23
6.739269941103568,844.9436519945424,7,9,81,1,1,58,22
7.830916416648301,2517.2351529321836,15,40,1600,0,1,52,61
7.455834209104495,1729.9265139507152,18,22,484,0,1,33,46
7.411837810544818,1655.4659857139072,17,22,484,0,1,50,45
6.096459770277803,444.28212187696533,5,17,289,0,1,35,28
6.823918128927467,919.5809976172827,13,0,0,1,1,40,18
5.596186644178754,269.3971390417424,2,52,2704,1,0,54,60
6.879966627962177,972.5939018098152,15,15,225,1,1,38,36
5.32463944991308,205.33431381212904,0,20,400,1,1,25,26
6.087147923947824,440.1642373401655,11,27,729,1,1,42,44
6.716401577322828,825.8404353544659,13,32,1024,0,0,45,51
7.768514062952186,2364.954502629492,18,37,1369,0,0,28,61
7.377148986187508,1599.0244222788365,18,0,0,0,1,32,21
6.5002904820859,665.3348728383378,8,39,1521,0,1,34,53
7.324955421573031,1517.7062401988192,6,23,529,1,1,51,35
7.282671896277459,1454.8700985566682,13,13,169,1,1,58,32
5.549341347764584,257.0681816000503,4,20,400,1,0,36,30
7.288985074888712,1464.0840072681158,17,13,169,0,1,48,36
6.568040381720177,711.9732793608512,8,9,81,0,1,59,23
5.882697872051346,358.77586859329955,6,17,289,1,1,37,29
6.795242468552658,893.5858998160404,8,40,1600,1,1,53,54
6.21388022475569,499.636195584638,3,25,625,0,0,44,34
6.947610037041909,1040.6596157936697,16,18,324,1,1,31,40
6.740113634500917,845.6568261827348,11,26,676,1,1,34,43
6.424758409740615,616.931754834846,5,35,1225,0,0,43,46
7.02168054976499,1120.6683750845618,17,27,729,0,1,28,50
6.322298219340842,556.851289388633,7,31,961,1,0,59,44
6.766694939541163,868.4369091190954,14,22,484,1,1,39,42
6.0950837498392,443.6712010129494,2,19,361,0,1,44,27
5.816897727769664,335.9282944353807,1,57,3249,1,0,43,64
6.244146366422707,514.9894249744455,8,26,676,1,0,45,40
6.764939345557827,866.9136240328492,7,25,625,1,1,33,38
5.836069422822941,342.430741557299,3,29,841,0,0,24,38
6.236478761182896,511.0557894156042,1,53,2809,1,0,48,60
6.463747958059365,641.4607247257029,13,11,121,0,0,27,30
5.94339388872551,381.2265770260344,1,47,2209,1,1,36,54
6.048571112992458,423.50745319988164,1,43,1849,1,1,41,50
6.019961712390836,411.5628376679236,6,29,841,0,1,37,41
6.313877461611771,552.1818672180215,11,44,1936,0,0,46,61
5.9378351141071,379.1133034532202,5,17,289,1,1,21,28
5.934476844313967,377.8422741223154,17,11,121,1,0,20,34
6.097603077671675,444.79036339465256,3,12,144,0,1,27,21
8.13427883868703,3409.356486003902,18,40,1600,0,1,40,64
6.766175684124258,867.9860856062,12,24,576,0,1,43,42
5.807646764716134,332.8349643965236,1,40,1600,0,1,21,47
5.304076799573734,201.15521008941536,7,13,169,1,0,57,26
6.317922687127315,554.4200914051457,18,14,196,1,1,47,38
6.7328758716543184,839.5582592387094,8,23,529,1,1,53,37
6.190267843096469,487.97678992671274,3,27,729,0,1,31,36
6.052243092117925,425.0654223921234,15,15,225,1,0,24,36
6.185944021752568,485.8714203680816,18,5,25,0,0,55,29
6.199581033825794,492.54263915340044,9,39,1521,1,1,27,54
6.576911736912644,718.3175467259584,5,48,2304,0,1,49,59
7.434872355303363,1694.0414697823596,15,13,169,0,1,29,34
6.1778070055113,481.9339182143495,9,39,1521,1,0,40,54
8.180503306206456,3570.651339625596,12,38,1444,0,1,53,56
6.437023091316244,624.5448168213047,8,31,961,1,1,53,45
5.643863124321246,282.55214689239233,6,46,2116,1,1,23,58
6.312045707026373,551.1713313601733,3,43,1849,1,0,30,52
7.425726121631785,1678.6180114461915,18,40,1600,1,0,41,64
6.785220365557762,884.6750173699754,3,26,676,0,1,42,35
8.01429111945512,3023.865078648797,18,7,49,0,1,53,31
7.4531273783253,1725.2502274303872,18,28,784,1,1,49,52
6.43578084152924,623.7694578501026,11,44,1936,1,1,44,61
6.4489198746095235,632.0192639459905,12,40,1600,0,1,43,58
5.690570088434123,296.06235426331546,3,15,225,1,0,44,24
6.357378543215443,576.7324936893845,9,43,1849,0,0,49,58
6.380222611851548,590.0590471760743,6,18,324,0,0,58,30
5.546496321743278,256.33785532539144,4,25,625,0,1,35,35
6.698360963702298,811.0753531754254,16,32,1024,0,1,29,54
7.194220944842474,1331.712443908227,17,7,49,0,0,50,30
6.9138576588693885,1006.1210373397091,10,37,1369,0,1,30,53
6.923974202972275,1016.3511647045367,14,28,784,0,1,28,48
5.84159982820898,344.3297687295999,6,7,49,0,1,55,19
7.032043386453972,1132.3420602163646,17,10,100,0,0,38,33
5.4682314131964445,237.0405949548228,5,15,225,1,0,24,26
6.737712626574503,843.6288330281178,17,3,9,0,1,31,26
7.619174245094248,2036.8794719689051,15,34,1156,0,1,29,55
6.249359757048781,517.6812767556396,1,21,441,0,0,33,28
7.3438819266299165,1546.704668853738,18,15,225,0,0,39,39
5.935177510549334,378.10710821540584,0,44,1936,0,0,39,50
7.573198468982261,1945.3524910853002,10,37,1369,0,1,55,53
6.057220690720722,427.1865020067761,4,52,2704,1,1,44,62
6.41261766220787,609.487025886237,15,19,361,1,1,24,40
5.561730889115302,260.2729502785448,0,56,3136,1,0,46,62
7.661008056090367,2123.8973574795987,18,38,1444,0,1,21,62
7.149675765139975,1273.692912572444,13,32,1024,0,1,31,51
5.40491121809165,222.49646594605815,2,18,324,0,1,47,26
6.238375407891906,512.0260014806368,1,34,1156,1,1,32,41
6.368225112235736,583.0221112103881,4,15,225,0,1,40,25
6.6693799058187935,787.9068764801658,16,2,4,0,0,27,24
7.692221364134019,2191.2366945481476,17,30,900,0,1,31,53
5.680884065732229,293.2085309891327,0,29,841,1,1,30,35
6.3713296814483416,584.8349563025808,14,0,0,1,1,38,20
6.3572810004901115,576.6762403737582,8,31,961,1,0,27,45
6.235132367454888,510.36817011310575,4,13,169,0,0,46,23
6.580846960228902,721.1498559137992,12,43,1849,0,1,26,61
7.05870108280953,1162.933629822158,18,37,1369,1,1,40,61
6.640657051989843,765.5978653961765,9,23,529,0,1,46,38
6.9878636499984195,1083.4044709568498,13,26,676,0,1,33,45
7.230762401430504,1381.2751889318088,11,40,1600,1,1,51,57
6.320785505273789,556.0095694112523,10,2,4,1,0,48,18
6.626222000386628,754.6258023705788,6,41,1681,1,1,43,53
6.250467209922822,518.2549019462257,16,16,256,1,0,47,38
7.397709571279982,1632.2416122368616,17,37,1369,0,1,43,60
5.4477158745479795,232.2271237710576,6,40,1600,0,1,21,52
6.254079977306295,520.1306225832992,5,19,361,1,1,50,30
6.1103441919891,450.4937448242154,10,11,121,1,1,31,27
6.275877173074728,531.5924759121124,11,44,1936,1,1,20,61
7.106400726690665,1219.7494242716934,15,43,1849,1,0,40,64
6.541827826074205,693.5531146463493,18,3,9,1,1,48,27
7.8616750959821164,2595.865058645801,18,39,1521,0,1,49,63
6.432676050162487,621.8357871978372,10,14,196,1,0,20,30
6.780425963827367,880.443681403323,15,33,1089,1,0,41,54
7.2182767558747,1364.1362942398177,11,38,1444,0,1,27,55
6.565056702396497,709.8521453736078,7,28,784,0,0,32,41
5.455032612544024,233.93250007902614,2,11,121,1,1,33,19
6.035707825541393,418.0946429938063,1,32,1024,0,1,20,39
6.909745256029453,1001.9919583656815,5,23,529,1,1,51,34
7.275773607577652,1444.8685211418845,15,32,1024,0,0,57,53
6.399641894613914,601.6295525079687,14,11,121,1,1,31,31
6.808015858347109,905.0732307183795,13,8,64,0,1,35,27
7.375236181314442,1595.9687239807358,1,45,2025,0,1,43,52
7.1862849243379,1321.1857718376689,17,19,361,0,1,39,42
6.673585328991469,791.2273353901612,13,1,1,0,1,51,20
7.527221397083852,1857.9358586924654,17,41,1681,0,1,46,64
6.068724530276863,432.129162263202,1,48,2304,0,1,53,55
5.866192878838776,352.90287549651487,0,28,784,1,1,41,34
5.34111402953817,208.74512904408425,1,22,484,0,1,22,29
6.108160382004194,449.5110255128043,8,27,729,1,1,36,41
5.8535577087550745,348.4719394059968,8,32,1024,1,0,33,46
6.610002288649252,742.4847180017726,15,39,1521,1,1,46,60
7.144111597314363,1266.625551673422,10,26,676,0,0,58,42
6.529153856310999,684.8185114100722,5,42,1764,1,1,39,53
7.307777294267341,1491.857540948989,11,26,676,0,1,50,43
5.773903181628048,321.7912944848059,2,47,2209,1,0,50,55
5.967606864152813,390.5698646969666,11,1,1,1,1,48,18
6.287874347224193,538.0084935066194,0,31,961,0,1,51,37
6.475282520334199,648.9025298759533,8,31,961,0,0,49,45
6.027345020297619,414.61277829161105,5,22,484,0,1,46,33
7.409375966086183,1651.3954984595903,10,48,2304,0,1,38,64
5.160619234916661,174.27233771600038,2,26,676,1,0,47,34
6.373786577002539,586.2736012832098,3,48,2304,1,1,29,57
6.197374197243131,491.45687652978455,9,30,900,0,0,35,45
6.679999388059876,796.3186247164388,18,5,25,1,1,50,29
6.165712977834225,476.14049956628463,5,33,1089,1,1,29,44
6.120792642043228,455.2253823096424,0,53,2809,1,1,29,59
6.513590248228436,674.242776264843,7,51,2601,0,1,47,64
5.836916104526598,342.72079417473964,7,34,1156,1,0,31,47
7.10705844570909,1220.5519405519303,5,47,2209,0,0,52,58
7.385029922504394,1611.676019654973,16,29,841,1,1,47,51
7.748968258522713,2319.1783872793935,18,30,900,0,0,37,54
6.71943878375627,828.352496130228,0,17,289,0,1,47,23
6.663567293424768,783.3403637460424,14,4,16,1,1,47,24
7.268414963280722,1434.2752714189828,12,31,961,0,0,58,49
6.011647712409464,408.15528905098216,2,41,1681,1,1,33,49
6.464410128096507,641.885621459037,1,35,1225,0,1,27,42
5.978440885982491,394.82431191000217,2,42,1764,1,1,49,50
6.391146317513157,596.540012161111,8,10,100,0,1,55,24
7.0879712227969796,1197.4759227225668,15,8,64,0,1,22,29
6.41920796480783,613.5169945883656,12,15,225,1,1,29,33
6.911031802079063,1003.2818967661093,18,9,81,0,0,28,33
7.443598219611164,1708.8881265327884,17,37,1369,0,1,59,60
5.952806083887255,384.83169539410596,11,36,1296,1,1,32,53
5.87602823425855,356.3909256946222,11,13,169,1,1,41,30
6.2869139697904854,537.4920503201977,0,18,324,0,1,43,24
5.540457033984367,254.79442256200875,7,40,1600,1,0,26,53
7.43349741744695,1691.713868555428,16,42,1764,0,0,32,64
6.876723373463628,969.4446419486247,6,14,196,0,0,25,26
7.032713875926457,1133.1015382295457,8,35,1225,0,1,29,49
6.831683708764233,926.7498764951787,16,6,36,0,0,30,28
6.4344271380642795,622.9256302487084,9,10,100,1,1,48,25
5.84896751755421,346.87605209203224,3,41,1681,0,1,35,50
6.588281819071628,726.5314843307258,6,28,784,1,1,39,40
6.91824309913222,1010.543010107872,6,30,900,1,0,40,42
5.740281100392183,311.1518636002208,7,12,144,1,1,48,25
6.612435644942694,744.2936478559401,7,49,2401,0,1,33,62
6.687871279874126,802.6118962585183,15,18,324,1,1,35,39
6.2872999823288875,537.69956904075,11,4,16,1,1,28,21
6.821530668858295,917.3881534106874,14,37,1369,0,0,25,57
7.108279325358577,1222.0429975926827,7,7,49,0,1,57,20
6.925238723540628,1017.6371745785812,8,32,1024,0,1,48,46
6.214518906880998,499.95540621812665,2,50,2500,1,1,37,58
7.078396521574869,1186.065163022475,15,25,625,1,0,43,46
7.249495027025258,1407.393972812286,14,31,961,0,1,36,51
6.08335915004143,438.49970981359667,3,42,1764,1,1,55,51
7.244618855777222,1400.5479834603993,15,24,576,0,1,40,45
6.597097492907112,732.9646636697688,9,15,225,1,1,38,30
7.027167768773447,1126.83463021876,10,16,256,0,0,42,32
5.936824203358608,378.7302473902302,4,30,900,1,0,46,40
7.121239933224663,1237.984500312419,10,45,2025,0,1,30,61
6.829993940554313,925.1852063525648,12,25,625,0,1,45,43
5.38463042813301,218.0295116423566,14,1,1,1,0,30,21
6.511533918048397,672.8577350344312,5,32,1024,0,1,41,43
6.842742494911967,937.0554839177706,15,36,1296,0,1,38,57
6.655463045535338,777.0176343454023,14,6,36,1,1,27,26
6.590794641172029,728.3594243834278,10,6,36,0,0,42,22
6.3910758344997,596.4979677051336,1,42,1764,1,0,42,49
6.389929683769383,595.8146827723783,1,30,900,0,0,59,37
7.131202109982138,1250.379157099656,11,11,121,0,1,28,28
7.7235308956843385,2260.928606448988,15,11,121,0,0,43,32
6.716825222437049,826.1903727394281,18,25,625,1,1,31,49
5.7377619910879805,310.36902448823645,1,38,1444,0,1,31,45
6.840031207667281,934.5182984102678,16,17,289,1,0,51,39
6.082112483662106,437.95338757956654,13,39,1521,1,0,21,58
6.652040343886954,774.3626809560483,15,13,169,0,0,25,34
5.11293678486008,166.1576081925706,4,33,1089,1,0,23,43
6.145902515838268,466.8007540814037,9,46,2116,1,0,32,61
6.6916087539977855,805.6172501699544,16,2,4,0,0,55,24
7.000907489125957,1097.6287927902465,12,41,1681,0,0,58,59
7.680045745971569,2164.7187967469968,15,22,484,0,1,57,43
6.552468001365043,700.9720407032391,8,28,784,1,1,37,42
5.813074632838295,334.6464605232666,3,18,324,1,0,34,27
7.046551887489057,1148.8904017041002,15,41,1681,0,0,52,62
7.087188201654941,1196.5386407616777,10,20,400,0,1,49,36
6.050507894634222,424.32848948774364,6,16,256,1,0,55,28
7.0323368755941225,1132.6744390863826,16,8,64,0,1,44,30
6.182270949821897,484.09005323958064,12,7,49,1,0,23,25
6.186173476408506,485.9829186190794,3,48,2304,0,0,37,57
6.6068357766487065,740.1373496783634,13,2,4,1,1,52,21
6.052944619399708,425.3637220028979,9,49,2401,1,0,39,64
6.414687585091033,610.7499236276615,9,33,1089,0,0,40,48
5.974863464366021,393.41438234180816,9,30,900,0,0,20,45
6.979466969595011,1074.345555499816,11,11,121,0,0,53,28
6.094844999289401,443.5652869138051,1,53,2809,0,1,28,60
6.317982494033962,554.4532505473584,8,4,16,0,1,20,18
5.262634862303079,192.98932226123554,4,54,2916,1,0,46,64
6.362808118485491,579.8724227011791,7,42,1764,0,0,34,55
6.596728884134691,732.6945362535918,13,22,484,0,1,43,41
5.829627531466688,340.2319297802815,6,52,2704,1,1,44,64
6.969048867997498,1063.2110154453483,6,36,1296,1,1,53,48
6.235779098959725,510.6983480445106,8,44,1936,0,1,29,58
5.568017288771379,261.91428369728817,2,55,3025,1,0,49,63
6.631295701660597,758.4642776696357,13,24,576,1,1,44,43
5.910786269049071,368.99617164801225,16,0,0,1,1,22,22
6.7530161861753735,856.6386515155393,17,14,196,0,0,41,37
6.600922103656595,735.7733358165855,11,41,1681,0,1,59,58
5.897754957548733,364.2188624993956,13,9,81,1,0,43,28
6.860702995193756,954.0375155907996,12,32,1024,1,1,46,50
6.40210437212387,603.1128773278006,13,36,1296,1,0,45,55
6.439277952649689,625.954667691511,8,30,900,0,1,35,44
6.433889977502326,622.5911090209578,18,27,729,1,1,57,51
5.468723420865092,237.15724944041884,1,25,625,1,1,23,32
7.467719655809812,1750.6101368987352,10,33,1089,0,0,42,49
6.967876348215111,1061.9651100639803,16,16,256,0,1,38,38
5.981658931414983,396.0969210423417,1,56,3136,1,1,34,63
6.2032367643050845,494.34653756591183,18,0,0,1,0,50,22
6.478840950040677,651.2157171311167,6,11,121,0,1,43,23
7.281110640854975,1452.60044694026,17,32,1024,1,0,30,55
6.486755327156925,656.390133030626,12,21,441,1,1,29,39
5.791401248838694,327.4715721913828,4,25,625,1,1,27,35
6.549886619168327,699.1648974242122,17,8,64,1,1,22,31
6.1764220489814745,481.26692267390246,15,6,36,1,1,38,27
7.076457110304286,1183.7671240193388,14,43,1849,0,1,23,63
6.572268902975268,714.9902476676109,7,17,289,0,1,48,30
6.946367996789772,1039.367877023914,14,28,784,1,1,40,48
4.947159453904661,140.774518939421,0,41,1681,0,0,28,47
6.199763028197165,492.6322872988683,16,0,0,1,0,37,20
7.01450596946932,1112.6568239670135,14,27,729,1,1,38,47
6.663261289844992,783.1006954620998,13,4,16,0,1,36,23
6.892517645443056,984.8778717787482,13,27,729,1,0,43,46
6.018968925495638,411.154446232512,9,10,100,0,1,25,25
5.647345787476015,283.53789636401615,1,54,2916,0,0,50,61
6.6676829906411115,786.5709990987258,5,51,2601,0,1,46,62
7.23782078551107,1391.0592489421924,16,38,1444,1,0,53,60
6.831275787120376,926.371912257252,4,51,2601,0,1,46,61
6.302341024354051,545.8482596297943,4,40,1600,1,1,46,50
6.349962201342035,572.4710699665417,14,14,196,0,0,54,34
7.215694390423181,1360.6181403370551,14,8,64,0,1,31,28
6.694483453148845,807.9364893553931,10,14,196,0,0,48,30
5.920706108324751,372.6747697496263,4,18,324,1,1,25,28
6.784776267218757,884.2822218905685,0,42,1764,0,1,56,48
6.988718528618477,1084.3310462742304,10,29,841,0,1,26,45
6.453420326088011,634.8700460684994,10,45,2025,1,0,25,61
5.511273355756549,247.46603883281657,5,12,144,0,1,38,23
6.3673472013879655,582.5104943843069,7,45,2025,0,1,33,58
6.458199986274628,637.9117725701747,1,26,676,0,1,40,33
6.617134009485284,747.7988386243317,14,1,1,0,1,33,21
6.6275721738474145,755.6453662409178,8,38,1444,1,0,59,52
7.178659204825257,1311.1490967892632,14,23,529,0,1,33,43
6.971850021754433,1066.193408095764,7,16,256,0,1,51,29
6.185030492089303,485.42776509002493,15,7,49,1,1,45,28
5.9998768621895495,403.37911921288554,13,35,1225,1,1,22,54
6.418167385571183,612.8789135869641,14,22,484,1,0,34,42
6.7045827603538255,816.137430369693,12,17,289,1,1,40,35
6.295480956691172,542.1165182689853,8,22,484,1,1,49,36
5.565583774745916,261.27768651269054,0,34,1156,1,0,33,40
5.941459699565622,380.48992535478453,5,44,1936,1,1,58,55
5.816074663987712,335.65191777630946,7,22,484,1,0,56,35
6.588492725015004,726.6847302984958,17,20,400,1,0,47,43
7.019158664711359,1117.8457389372895,17,0,0,0,1,21,23
6.6014731439048555,736.1788882658165,16,0,0,1,1,41,21
7.012475306441671,1110.399685411656,15,40,1600,1,1,26,61
7.152029863019554,1276.694842389139,12,28,784,1,1,51,46
7.087954209029901,1197.45554931945,3,42,1764,0,1,35,51
5.702215205647586,299.530187554826,3,25,625,0,0,55,34
6.41090885965737,608.4464222481955,13,41,1681,0,0,21,60
6.734465771548185,840.8941344985343,4,50,2500,0,1,36,60
6.593648684118369,730.4411627332393,15,12,144,0,0,22,33
6.797499332800001,895.6048793096209,13,0,0,0,1,42,19
6.721568877862883,830.1188454777297,13,32,1024,0,0,56,51
7.102478032134352,1214.9740920532658,13,6,36,0,1,58,25
6.977967823888393,1072.7361616322353,13,11,121,1,1,47,30
6.727936076282202,835.4212396626582,18,35,1225,1,0,27,59
6.377715783554741,588.5817229325836,2,17,289,0,1,52,25
6.857603297001702,951.0848657543704,16,25,625,1,1,23,47
7.278670664865726,1449.0604572289742,13,30,900,0,1,26,49
6.401669977607775,602.8509452963411,9,38,1444,0,1,30,53
6.114115257101709,452.1957933195618,12,46,2116,1,0,59,64
5.860629100393446,350.944854134038,3,38,1444,1,0,27,47
6.380465614040144,590.2024502388624,10,2,4,1,1,39,18
8.133151209703284,3405.5141635785703,14,40,1600,0,1,58,60
6.99013519712595,1085.8682725320812,14,36,1296,1,1,47,56
5.742871288434499,311.9588501088872,1,27,729,0,1,30,34
6.784756535665984,884.2647738013806,10,21,441,0,1,41,37
6.10134944778243,446.45983799987755,1,34,1156,0,0,55,41
5.669754482216705,289.9633344965497,4,29,841,1,0,25,39
7.030433489693882,1130.5205729989,12,28,784,0,1,26,46
6.686648044236007,801.6307130149378,0,33,1089,0,1,29,39
6.686399394585179,801.4314125970707,6,49,2401,1,0,59,61
5.600446093203302,270.5470697198123,6,14,196,0,1,23,26
6.681964450454311,797.8849789877586,9,39,1521,0,1,28,54
5.960336165674505,387.74044736049575,5,16,256,0,1,57,27
6.50997345338375,671.808583109723,11,36,1296,0,0,38,53
6.589291598226282,727.2654912088561,12,36,1296,1,1,52,54
6.7284132607841745,835.8199848607921,10,29,841,1,1,57,45
7.381793320994883,1606.468099144943,17,22,484,0,1,41,45
5.971609732014918,392.1363974764216,1,52,2704,0,0,58,59
7.073547176575299,1180.3274471808963,15,39,1521,1,0,20,60
6.290184004489265,539.2525448453894,1,31,961,0,0,40,38
6.530979233518194,686.0697051146858,18,17,289,1,0,26,41
6.386686386544745,593.8854089607088,5,48,2304,0,1,26,59
6.533778558749856,687.992927958108,0,51,2601,0,1,41,57
5.5285678554847,251.7830629592382,10,3,9,1,1,32,19
6.347970381135314,571.3319453639282,17,2,4,1,0,42,25
6.949311149528358,1042.431401436316,9,29,841,0,1,41,44
6.898330907921368,990.6198991420827,17,16,256,0,0,45,39
5.2116978162915055,183.40518230965702,0,48,2304,0,0,37,54
6.910429738175871,1002.6780387501382,18,20,400,0,0,26,44
6.352700674562975,574.0409151698798,15,25,625,1,0,21,46
6.289759288213377,539.0235641421373,6,8,64,1,1,38,20
6.535994656729042,689.5192783417805,14,41,1681,0,1,33,61
6.202564976149432,494.014552941342,0,24,576,0,1,44,30
6.384623836912194,592.6617531878593,8,48,2304,1,1,52,62
6.40481310157331,604.748761523567,1,20,400,0,1,58,27
7.565302944471928,1930.0533895043263,16,31,961,1,1,39,53
5.52985736874023,252.10794998448526,9,11,121,1,0,24,26
6.631949710538252,758.9604822840406,5,33,1089,1,1,40,44
6.001149482874366,403.8927946114602,4,41,1681,1,0,32,51
5.733173058771679,308.948024970739,7,5,25,1,1,33,18
6.299230625885829,544.1530917296493,7,36,1296,1,0,35,49
6.757998761323741,860.917569133621,4,32,1024,0,1,47,42
6.120159432569075,454.9372205277024,11,29,841,1,1,20,46
5.66571229254814,288.7936134115287,6,12,144,0,1,21,24
5.795868607070743,328.9377776091389,12,2,4,0,0,27,20
6.7143582508855415,824.1546966037259,12,19,361,0,1,32,37
6.560259474824525,706.454978097087,16,15,225,1,0,57,37
6.277187418624142,532.2894490910707,3,38,1444,0,0,38,47
7.02278894445668,1121.9112066093444,17,29,841,1,1,21,52
6.710767831444871,821.2009413421754,9,37,1369,1,1,50,52
6.151047212022734,469.20849036502693,2,48,2304,0,0,29,56
6.4203244649706495,614.2023689518127,11,27,729,1,1,24,44
5.8394211583881415,343.580404459124,0,37,1369,1,0,42,43
6.677389263639201,794.2428442285803,10,15,225,1,1,49,31
7.232271894900098,1383.3617892677978,17,11,121,0,1,51,34
5.728497400537993,307.50686141366185,12,17,289,1,0,20,35
6.134359427885488,461.44341154418163,16,40,1600,1,0,22,62
7.221213627937814,1368.1484767622032,7,33,1089,0,1,49,46
6.986125424435767,1081.522905377186,18,13,169,0,0,56,37
7.562983309333498,1925.5815583564527,16,22,484,0,0,47,44
6.453968172354225,635.217952543699,1,28,784,1,1,40,35
5.672396467194555,290.73042614652786,2,13,169,0,1,32,21
6.262624808814556,524.5940937621315,2,10,100,0,1,59,18
5.592531225657751,268.4141774127904,5,7,49,1,0,45,18
6.669331024309948,787.8683633445117,9,28,784,0,0,59,43
7.801351322171108,2443.9022465487865,17,39,1521,1,1,49,62
7.646293125718659,2092.873174892307,17,14,196,0,1,43,37
7.015618026862627,1113.8948504649936,13,21,441,0,0,57,40
7.043967672930162,1145.9252553387887,15,6,36,0,1,24,27
6.370041294914876,584.0819480076166,6,16,256,1,0,35,28
5.569376965195131,262.2706445867243,0,52,2704,1,1,35,58
7.174875599762112,1306.1975995900475,16,36,1296,1,1,29,58
5.560131098716356,259.85690099614146,4,12,144,1,1,37,22
5.7857322402413205,325.6203851884838,0,12,144,0,1,57,18
7.017814836218056,1116.3445548750592,16,12,144,0,0,36,34
7.006219326748576,1103.4747312999596,9,24,576,0,1,59,39
6.7497650468665,853.8581223151491,11,34,1156,1,1,50,51
5.897498893011527,364.1256109046507,1,55,3025,1,0,45,62
7.353845512950491,1562.192422995777,15,37,1369,0,1,45,58
7.4063169547118015,1646.3515794821878,14,26,676,1,1,59,46
6.378332383586664,588.9447543528237,12,3,9,1,1,31,21
6.938452868272509,1031.1736187843956,17,0,0,0,1,37,22
6.555865712204777,703.3577917552122,13,9,81,1,1,53,28
7.493994166458727,1797.2161555755767,17,15,225,0,1,54,38
5.408765385745691,223.35565930228557,1,45,2025,1,1,30,52
6.08461737410351,439.05178794586016,1,22,484,0,1,49,29
5.734176930630127,309.25832492336644,2,35,1225,0,1,30,43
6.098496612922684,445.18797687803203,4,26,676,0,0,23,36
6.627043187029981,755.2457455098901,15,41,1681,1,1,55,62
5.760075692160333,317.3723506075597,14,4,16,1,1,29,24
7.078253979107192,1185.8961104161856,11,47,2209,0,1,53,64
6.495330335244784,662.0428852907722,8,10,100,1,1,50,24
6.852819946467392,946.546356746921,13,24,576,1,1,51,43
7.218662443997174,1364.6625268802582,15,36,1296,1,0,47,57
6.762585040364237,864.8750454450844,10,6,36,0,1,56,22
7.396837195392656,1630.8183049318088,5,27,729,0,1,51,38
6.334200489987823,563.5186840019998,9,16,256,1,0,51,31
6.915792146112866,1008.0692494400088,7,8,64,0,0,36,21
7.162012385267282,1289.5033010544407,15,19,361,0,0,53,40
6.547080561065141,697.2057501244307,2,51,2601,0,1,54,59
6.411749446677359,608.9580894333649,1,30,900,0,1,58,37
7.205116659471754,1346.301738729485,15,11,121,0,1,40,32
7.051731377535653,1154.8565054540761,18,38,1444,1,1,51,62
7.087400479964605,1196.792666922954,8,32,1024,0,1,53,46
6.394057458174794,598.2791542622189,15,4,16,0,0,53,25
5.836314763629662,342.5147640983363,3,49,2401,0,0,27,58
6.171035104621952,478.681335000477,9,21,441,1,1,35,36
7.1731041398031685,1303.8857711042597,18,32,1024,1,1,54,56
6.8385498919133,933.1350065314211,12,45,2025,1,0,42,63
7.581894200350522,1962.3425170559267,17,22,484,0,1,41,45
6.474507108137138,648.399557970061,14,43,1849,0,0,50,63
6.28399201610446,535.9238157127752,3,35,1225,1,0,48,44
6.069826695355409,432.60570250003303,8,7,49,1,0,57,21
6.092029611402427,442.31823486927635,3,23,529,1,0,38,32
7.5610966151273455,1921.9519997970317,15,31,961,0,1,55,52
6.44006251562807,626.4459612500948,14,34,1156,0,0,28,54
6.546132928655586,696.5453683085093,1,11,121,0,1,54,18
6.304765866707059,547.1734616617331,13,1,1,1,1,20,20
6.231207259540222,508.36884631690583,2,56,3136,0,1,52,64
5.876145789982928,356.4328239506956,3,32,1024,0,1,36,41
6.2689790787975195,527.9381194346081,0,38,1444,0,1,45,44
6.729760618812776,836.9468926314962,8,43,1849,0,1,32,57
6.859477438302604,952.8690045238029,16,31,961,0,1,24,53
6.898892477648243,991.1763575187462,13,32,1024,0,0,38,51
6.153434979513609,470.33018979053327,16,24,576,1,1,28,46
5.2419900506111725,189.0459393014548,0,35,1225,0,1,25,41
6.40008962539947,601.8989808913168,9,26,676,0,1,40,41
7.373243953956639,1592.7923565002952,15,38,1444,0,1,41,59
6.722635251135049,831.0045341807182,18,0,0,0,0,58,21
5.7351046581032,309.5453654947989,2,12,144,1,0,24,20
6.7491461494952185,853.3298352623976,11,34,1156,0,1,41,51
5.722740651782508,305.7417073210162,2,32,1024,1,1,26,40
6.982572595078419,1077.6872567854307,14,20,400,1,0,45,40
6.889132560598218,981.5496130182715,16,40,1600,1,1,44,62
6.758302344099651,861.1789685552616,17,0,0,0,1,24,22
6.834788148782219,929.6313863214186,6,36,1296,0,0,51,48
7.447127798427275,1714.9304389994543,18,34,1156,1,0,27,58
6.476115932081951,649.4435582858991,6,11,121,0,1,28,23
6.618542742921678,748.8530302151299,4,44,1936,0,1,47,54
6.694260632885261,807.7564847889536,7,14,196,1,0,39,27
6.685349392831479,800.5903498443286,15,36,1296,0,1,23,57
7.158943696513321,1285.5522821005268,15,3,9,0,0,22,24
7.1030689666842814,1215.6922744000112,18,32,1024,1,1,30,56
7.114938603952842,1230.2080789696097,14,35,1225,1,1,48,55
5.889696984901572,361.295789704576,6,26,676,1,1,41,38
5.562307389979679,260.423041118947,4,27,729,0,0,27,37
6.2349014421081455,510.25032677348673,10,4,16,0,0,53,20
6.657366840148005,778.4983253501729,9,24,576,0,0,50,39
6.445354494360641,629.7698872698184,8,50,2500,0,1,23,64
5.493015729315374,242.98889174578608,0,15,225,1,0,34,21
5.610396349134149,273.2525199442967,0,39,1521,0,0,37,45
6.53045010676445,685.7067833030634,7,16,256,0,1,30,29
5.274439430488202,195.2809772623602,2,47,2209,1,0,46,55
6.171279872449641,478.79851513137834,1,46,2116,1,0,38,53
5.36151482469848,213.04743164501377,3,55,3025,1,0,28,64
7.033575817237302,1134.0786262905162,18,34,1156,1,0,44,58
5.862756511389728,351.6922528060018,10,6,36,1,0,41,22
6.095356550247369,443.79225120819916,4,20,400,0,0,42,30
7.075790635161397,1182.9784355060492,9,25,625,0,1,56,40
7.582425922739445,1963.3862159614273,7,34,1156,0,0,29,47
6.414658816811609,610.7323536559303,12,36,1296,0,1,36,54
5.529361859515914,251.98305911458897,4,32,1024,1,0,32,42
6.112964672482551,451.6758029987188,11,27,729,0,0,23,44
6.8779788094479155,970.6624819370187,12,13,169,0,0,51,31
6.556127132175379,703.5416875644271,7,51,2601,0,0,47,64
7.851595593061569,2569.83145251996,14,33,1089,0,1,49,53
6.971859166927046,1066.2031586631051,12,38,1444,1,1,59,56
6.306264489414204,547.9940829834159,0,27,729,1,1,40,33
6.532278618717662,686.9617533669516,5,28,784,1,1,34,39
6.576554427291581,718.0609308039338,10,22,484,0,1,22,38
6.331121753848977,561.7864266146413,12,20,400,1,1,36,38
5.644906221418647,282.8470299857921,0,19,361,1,1,34,25
6.345664642722814,570.0161209076681,10,17,289,1,1,52,33
6.417559337677968,612.5063671292841,10,32,1024,1,1,24,48
5.676413997899154,291.90079398048863,7,46,2116,1,0,27,59
5.882047668602782,358.54266710869916,2,19,361,1,1,28,27
6.587954315734738,726.2935818043139,18,25,625,1,1,45,49
6.342593142097702,568.2680020843353,11,34,1156,1,0,21,51
6.73776858436267,843.6760419524896,5,15,225,0,1,56,26
6.44465608156319,629.3302014800635,7,21,441,1,0,55,34
5.0112001855227275,150.08475765115213,4,18,324,1,1,31,28
6.350364482086573,572.701410382445,9,34,1156,1,0,38,49
6.765251073409893,867.1839072800154,15,6,36,1,1,46,27
7.74022568928343,2298.991182248961,11,22,484,0,0,43,39
7.008770309081879,1106.2932693366486,16,12,144,0,1,21,34
5.624536552872164,277.1438132513636,5,10,100,0,1,35,21
5.535234895270756,253.46731891951242,8,50,2500,1,1,21,64
6.720913966886999,829.5753695181488,9,27,729,0,1,40,42
6.398486040024766,600.9345579624285,13,19,361,0,0,29,38
7.037797104761079,1138.8760167049804,13,35,1225,1,1,36,54
7.254219322591534,1414.05864847116,16,33,1089,1,0,31,55
5.137742345203117,170.33078579041896,15,0,0,1,0,26,18
5.8368615019139,342.7020812348441,3,33,1089,1,1,28,42
6.228808205517708,507.1507037703641,1,46,2116,1,1,29,53
6.7241406501991134,832.2564697235736,15,13,169,1,0,35,34
5.236044705899714,187.92533052958015,0,52,2704,1,1,20,58
6.2242766173382345,504.857705022905,2,33,1089,0,1,28,41
6.547116706707838,697.2309515298184,10,3,9,0,0,32,19
6.890159951025828,982.5585659004288,15,36,1296,1,1,35,57
7.147163382282781,1270.4969247871375,17,9,81,1,1,53,32
7.4021864769976204,1639.5653857326345,14,29,841,1,1,49,49
6.3865804260878045,593.8224839252468,8,42,1764,0,0,32,56
6.486912403820205,656.4932447005389,11,6,36,0,1,27,23
6.529421156637086,685.0015880886202,17,0,0,1,0,30,18
6.626577053871431,754.8937824622503,4,54,2916,0,1,50,64
6.987318731473356,1082.8142646122783,7,27,729,0,1,30,40
6.108833472734983,449.8136890660537,2,48,2304,0,0,26,56
6.495743161230545,662.3162502196996,1,27,729,0,1,20,34
6.938159210029768,1030.870850608904,18,27,729,1,1,42,51
6.588324220800768,726.5622911750634,7,45,2025,1,1,51,58
5.6128920069712445,273.9353163959708,1,39,1521,1,0,34,46
6.02535732509508,413.78947297237477,18,2,4,1,1,37,26
5.349399944107435,210.48195902549037,0,24,576,1,0,47,30
6.6129052688268395,744.6432680183544,12,5,25,1,1,33,23
7.029281023050468,1129.2184362275452,16,1,1,0,1,32,23
6.717119311351135,826.433381900374,2,29,841,0,1,53,37
5.7581167553262045,316.75124677003356,8,6,36,1,0,39,20
6.227653997319982,506.5656839528715,4,24,576,0,0,43,34
6.119959425188326,454.8462388246288,5,18,324,1,0,47,29
5.936787635946524,378.7163984584165,3,55,3025,0,1,30,64
7.226075866335933,1374.8169395104355,16,40,1600,1,1,47,62
5.428514707159887,227.81062851818314,15,0,0,1,0,41,18
7.246483841880266,1403.1624231752774,15,13,169,0,1,49,34
6.294871839826732,541.7864065037445,10,4,16,0,0,57,20
6.094138428199781,443.25198720300614,1,36,1296,1,1,36,43
7.528268412964551,1859.8821657712451,16,10,100,0,0,41,32
7.218298671862203,1364.1661909614015,14,33,1089,0,1,20,53
7.251654159086841,1410.4360051552535,17,26,676,1,1,39,49
6.873240644285428,966.074201380101,9,34,1156,1,0,24,49
5.978515876937464,394.8539212724021,5,10,100,1,1,52,21
6.595921700893082,732.1033561301517,15,14,196,0,1,20,35
5.531598213178808,252.5472129404403,4,26,676,0,0,28,36
7.642345664111175,2084.6279229995002,11,43,1849,0,1,51,60
6.944312736886392,1037.2338995917075,5,41,1681,0,1,45,52
6.275304351179199,531.2880553001312,13,38,1444,0,0,25,57
7.552001903974805,1904.551647038211,15,10,100,0,1,49,31
6.714941308527778,824.6353664134516,6,38,1444,1,1,59,50
5.443018958364599,231.13893001318812,1,24,576,1,1,42,31
6.601426872943509,736.1448253490012,5,40,1600,1,1,58,51
6.201018879819315,493.25134899945266,8,7,49,1,1,44,21
6.391957878017617,597.0243369771746,6,29,841,0,0,44,41
5.576794206088981,264.22320147769216,1,39,1521,0,1,32,46
7.898396194891737,2692.9598802006644,18,12,144,1,1,44,36
5.412946061218344,224.2913914621565,7,10,100,1,0,36,23
6.115382499938668,452.7691984445815,10,34,1156,1,0,46,50
5.680888982833682,293.2099727287711,3,48,2304,0,1,30,57
7.042184443256518,1143.8836283056607,15,15,225,1,1,25,36
6.485940821097594,655.8557169620955,17,0,0,0,1,34,18
6.486425356359152,656.1735791849667,12,4,16,0,0,56,22
6.705087033386608,816.5490902526382,4,34,1156,0,1,51,44
5.213646700971924,183.76296638647958,1,26,676,1,1,43,33
6.110777596252342,450.68903305010423,10,7,49,0,1,30,23
5.613558026773372,274.1178235111226,0,51,2601,1,1,48,57
6.846786085563482,940.852223770124,12,12,144,0,0,27,30
6.305338276061332,547.4867585280724,4,42,1764,0,0,56,52
6.566115576072677,710.6041872127104,17,13,169,1,1,29,36
6.902822156584003,995.0790254663203,13,10,100,0,0,29,29
6.128969682343746,458.9630392661907,12,15,225,1,1,20,33
6.7746845517833725,875.4031751048241,6,48,2304,0,0,42,60
7.073731017137783,1180.5444591898954,7,14,196,1,1,37,27
7.860845462967342,2593.712336399448,17,19,361,0,1,42,42
6.83447337798941,929.3388115623358,6,25,625,0,0,24,37
7.1741860337280725,1305.2972005695954,16,26,676,1,0,57,48
6.775016919287728,875.6941790308837,15,0,0,0,0,50,21
6.870110674866753,963.0551459139854,10,45,2025,0,0,58,61
7.337815948167263,1537.3507905387512,18,16,256,1,1,39,40
5.492290938124899,242.8128393459867,0,13,169,0,1,48,19
7.151711679699661,1276.2886840055348,7,26,676,0,1,52,39
5.900384739140724,365.1779390877031,0,48,2304,1,1,58,54
6.542490058128034,694.0125598627847,8,11,121,1,1,51,25
7.147740094385121,1271.2298470619062,18,0,0,0,1,44,24
6.399553240679608,601.5762180453337,8,17,289,1,0,46,31
6.407616061863059,606.4462261389913,9,5,25,1,1,42,20
6.6425208777421645,767.0261370248796,10,17,289,0,1,21,33
5.9370897548098185,378.83083311179314,0,30,900,0,1,23,36
6.250724928761434,518.3884832101251,7,22,484,0,0,44,35
6.311963143070935,551.1258263534949,11,16,256,1,0,42,33
5.6369559059046574,280.6072222420484,0,19,361,0,0,55,25
6.143645071379935,465.7481658327156,9,35,1225,1,1,42,50
5.572592263037803,263.1152799739663,3,20,400,1,1,52,29
7.051558497099387,1154.6568706145656,14,8,64,0,0,47,28
6.515244845059181,675.359299668922,18,0,0,0,1,27,22
6.364415386562623,580.8051825317449,5,33,1089,1,0,52,44
6.414043882339833,610.3569087274838,4,19,361,0,1,48,29
5.857854672893192,349.9725325212664,4,24,576,0,1,34,34
5.865454274486959,352.6423161338895,17,0,0,1,1,34,23
6.322749573537024,557.1026832843247,2,42,1764,0,0,56,50
5.548097419221652,256.7486059573184,1,15,225,0,1,38,22
6.416699117827882,611.9797035496848,3,36,1296,0,1,40,45
7.530971123178119,1864.9156873077359,17,8,64,0,1,54,31
6.088335106643056,440.68710301292447,8,8,64,0,1,45,22
6.490579828028619,658.9053042380679,18,26,676,1,0,47,50
6.440438859647887,626.6817648101966,9,43,1849,1,1,41,58
7.159880142201787,1286.7566958384077,14,16,256,0,1,55,36
5.753617788531826,315.3293942606239,0,33,1089,0,1,35,39
5.705566317598962,300.5356304811196,10,6,36,0,1,31,22
7.042212905663671,1143.9161864505645,13,0,0,0,1,47,19
6.627429711823794,755.5377231406127,9,32,1024,0,1,26,47
7.714478593511942,2240.554353588998,18,40,1600,0,0,52,64
6.732757064781555,839.4585198724047,15,35,1225,1,0,43,56
6.512748345273553,673.6753681639906,7,8,64,0,1,30,21
5.747332219573508,313.35358565411485,1,43,1849,0,0,34,50
6.080857415100148,437.4040708384053,6,18,324,0,0,38,30
6.997300059130563,1093.6763072031797,18,13,169,0,1,34,37
6.006956936154942,406.2452072983625,6,12,144,1,1,28,24
6.56332264440693,708.6222872203673,14,12,144,0,0,32,32
6.042413665620831,420.90774035664026,7,27,729,1,0,48,40
6.389021116625952,595.2735909743747,13,12,144,0,1,45,31
5.764619393170742,318.81767675604306,0,34,1156,1,1,42,40
6.682855891634931,798.5965636362334,12,18,324,1,1,36,36
5.997287808427438,402.3360997860462,2,38,1444,0,1,24,46
6.370569872030729,584.3907619679225,5,26,676,0,0,35,37
6.699615093506061,812.0931850621857,18,22,484,1,0,58,46
6.85269734051067,946.430311639327,14,21,441,0,0,49,41
6.192310264212069,488.97446251334617,3,26,676,1,1,40,35
5.914459289006609,370.3539940786336,2,19,361,0,1,24,27
5.252776155776154,191.09604513659292,3,49,2401,0,1,45,58
6.129036956666485,458.9939167324384,4,15,225,0,1,49,25
6.379250456737603,589.485696993644,17,20,400,1,0,41,43
6.319862904073373,555.4968308780338,9,31,961,0,0,21,46
5.045166133096398,155.27009255699002,7,14,196,0,0,31,27
6.426991947810074,618.3112353832043,11,17,289,1,0,46,34
6.259730776219886,523.0780960872481,2,11,121,0,1,45,19
6.777205180399333,877.6125247036358,17,0,0,0,1,44,23
6.005910851271481,405.82046252630494,7,9,81,0,0,38,22
5.704848220270599,300.3198941169172,0,39,1521,1,1,46,45
7.079975635123934,1187.9395741559836,13,39,1521,1,0,36,58
6.924718153664069,1017.10756118258,12,4,16,0,1,25,22
7.291532503406585,1467.818411164783,11,18,324,0,1,42,35
6.4367905435109165,624.3995971807328,2,35,1225,1,0,37,43
6.879076765406454,971.7288118773249,17,14,196,1,0,21,37
6.650791019010759,773.3958544614811,12,40,1600,0,0,38,58
7.032982939019022,1133.4064550527044,14,24,576,0,1,23,44
6.741881808068808,847.1534169565052,9,14,196,0,0,52,29
6.018242006488899,410.85567885383966,0,18,324,1,1,53,24
5.544668828749702,255.86982747985766,5,9,81,1,1,51,20
6.49947508197202,664.7925798301939,8,13,169,0,0,37,27
6.6523569829221865,774.6079132312728,9,36,1296,0,0,28,51
7.5720206820157365,1943.0626290255539,14,22,484,0,1,56,42
7.040115982593127,1141.519995400596,8,38,1444,0,1,55,52
6.744873403886055,849.6915522197073,13,14,196,0,1,22,33
6.078075904887339,436.1891174342159,10,3,9,1,0,37,19
6.07786668297687,436.0978666599039,6,29,841,0,1,59,41
5.856937292606018,349.6516218399515,1,20,400,1,0,44,27
7.085340284509916,1194.3295782036416,13,36,1296,0,0,21,55
6.570443898763856,713.6865774181849,5,28,784,1,1,20,39
6.635832768407286,761.913299025955,4,33,1089,0,1,43,43
6.030496901639559,415.9216501925335,4,50,2500,0,1,43,60
6.972464196972413,1066.8484387958113,18,32,1024,1,0,59,56
7.456926250731154,1731.8166976067826,18,20,400,0,1,23,44
6.338035003197781,565.6836519863164,5,35,1225,1,0,54,46
6.240301790863221,513.0133103128994,9,49,2401,1,1,54,64
6.897578812739221,989.8751387890417,13,36,1296,0,0,31,55
6.7785506717118995,878.7941394793706,16,15,225,1,1,42,37
5.94079121255397,380.23565777837524,2,36,1296,1,1,41,44
5.637778014405021,280.83800667664156,0,52,2704,1,0,45,58
6.032265611220878,416.65794575486683,9,22,484,1,0,23,37
6.482090816166848,653.3355237091298,2,53,2809,0,1,26,61
5.459903140477066,235.0746540436506,4,26,676,1,1,42,36
7.025809744964964,1125.3054005628612,18,13,169,1,1,50,37
6.350870550016922,572.9913095480536,9,37,1369,1,1,26,52
6.065579000937837,430.7720228849215,15,43,1849,1,0,41,64
6.302281104120176,545.8155532543136,0,13,169,0,1,58,19
7.01879965274478,1117.4444909709418,5,36,1296,0,1,59,47
5.870524070760576,354.43468045605675,8,37,1369,1,1,38,51
6.315084941269283,552.8490182945517,4,29,841,1,0,49,39
6.397646561985257,600.4302982849136,13,1,1,0,1,45,20
6.3165327983042765,553.650044380674,9,8,64,1,1,41,23
5.841779849200605,344.3917608957907,1,25,625,1,1,28,32
6.128131094003467,458.5783195461246,4,34,1156,1,0,48,44
5.1796809964295925,177.62613858208888,0,21,441,1,1,51,27
5.62405824833678,277.0112858052978,9,11,121,1,1,37,26
6.425069382560331,617.1236336752246,8,36,1296,1,0,50,50
6.33304676929404,562.868915732557,2,41,1681,1,1,51,49
6.314838358718231,552.7127121793196,14,3,9,0,1,28,23
6.611059694462991,743.2702408942455,3,49,2401,0,0,49,58
6.8372884044421145,931.9586105721438,12,35,1225,0,0,56,53
6.163459009257045,475.0685024197266,5,8,64,0,1,51,19
7.1560292102904475,1281.8110122735118,16,24,576,0,1,27,46
6.0180582310304045,410.7801806006587,4,11,121,1,1,43,21
6.060829470651439,428.73090911848107,14,0,0,1,1,23,18
6.438987151505801,625.7726658225828,7,23,529,0,1,36,36
6.131065111743158,459.9257722291241,4,33,1089,1,1,40,43
6.965665727795624,1059.6201012240765,12,24,576,0,1,28,42
5.866267943934955,352.9293671790938,0,21,441,0,1,24,27
5.753605491552893,315.32551668554703,0,26,676,1,1,24,32
6.652169905881645,774.4630154292341,6,27,729,0,1,49,39
6.203466856871713,494.46029611654075,4,28,784,1,1,25,38
7.326931064441309,1520.707649588688,13,20,400,0,1,57,39
7.201032378440873,1340.8142778704837,14,33,1089,0,1,27,53
7.272590881403137,1440.2772105987674,16,29,841,1,1,52,51
7.381066359542291,1605.3006831466723,17,24,576,0,0,34,47
6.556332872218642,703.6864491527806,6,30,900,1,0,56,42
7.117752367587162,1233.674468237867,17,39,1521,0,0,28,62
7.47793743886126,1768.5891880853776,18,21,441,0,1,22,45
6.441186040237892,627.1501842361318,6,6,36,1,1,50,18
5.973867254267312,393.0226541153466,7,49,2401,1,0,58,62
6.430571422436853,620.5284305913631,12,3,9,0,1,26,21
6.799398830799688,897.307695722571,17,1,1,0,1,35,24
6.600920489873714,735.7721484391302,10,10,100,1,0,47,26
6.473556819852088,647.7836841412793,8,39,1521,0,1,54,53
5.754420050280459,315.5824724757708,0,30,900,0,1,34,36
6.2343564624767405,509.97232649760195,7,5,25,1,1,26,18
6.368982451970418,583.4638242637168,11,10,100,1,0,54,27
6.159606176396481,473.2416643932213,1,46,2116,0,0,50,53
6.772370721266198,873.3799820889559,14,6,36,0,0,57,26
7.053582207827521,1156.9959281005233,17,39,1521,1,1,27,62
6.949685575373325,1042.8217877754248,16,41,1681,1,0,57,63
6.423447567208215,616.123584258926,14,39,1521,1,1,35,59
7.410355187865993,1653.0133728984272,8,35,1225,0,1,53,49
5.78175157722592,324.3267765822462,2,41,1681,0,0,20,49
7.089083163203604,1198.8081851479449,18,0,0,0,1,38,23
7.328000824329863,1522.3353120832369,17,32,1024,0,1,33,55
7.080625247287407,1188.711524859963,7,21,441,0,1,38,34
6.196767357622931,491.1587314977448,0,21,441,0,1,42,27
6.519819267029282,678.4557549340079,14,24,576,1,1,23,44
7.370883774222233,1589.037513055083,18,28,784,1,1,53,52
6.219680736508751,502.54276284865915,9,23,529,0,1,21,38
6.471971562462113,646.7575937924274,11,25,625,1,1,31,42
6.0923862916967995,442.47602920688854,5,34,1156,1,1,42,45
6.292868837724399,540.7022932954761,12,46,2116,0,0,37,64
6.2099452690730255,497.67401238137984,3,23,529,0,0,51,32
6.072572814064927,433.79532178380555,12,3,9,1,1,36,21
8.007579570995896,3003.638214355569,16,24,576,0,1,50,46
5.622520729083718,276.58570287486975,0,20,400,0,1,55,26
6.09808783654303,445.0060317385496,4,34,1156,0,0,45,44
7.1011931430055055,1213.413987545854,16,21,441,0,0,31,43
7.334430574738779,1532.155083688384,17,13,169,1,1,54,36
6.089879910810667,441.3684043893847,6,33,1089,1,1,35,45
7.494616220729842,1798.3344693511394,15,13,169,0,0,23,34
6.2697542422979655,528.3475164495997,7,47,2209,1,1,47,60
6.276687165430439,532.023236186668,11,41,1681,1,0,57,58
6.6713072720474935,789.4269259607224,13,40,1600,1,0,52,59
8.197573759065097,3632.127192484179,18,13,169,0,1,56,37
6.768991382328031,870.4335164647098,10,46,2116,1,1,29,62
7.500293378199113,1808.5729325009454,11,40,1600,0,0,50,57
7.4992960412077965,1806.7700749915496,12,38,1444,0,1,33,56
6.873427479955707,966.2547153637555,7,27,729,0,0,24,40
5.7172413410284,304.0649533832032,0,58,3364,0,1,29,64
7.234242679472611,1386.0907855889313,8,35,1225,0,0,44,49
6.0514973854388545,424.7485664230931,1,57,3249,0,1,36,64
6.793909926690622,892.3959522007954,13,31,961,1,0,39,50
7.698734957296009,2205.5561036734343,12,45,2025,0,1,52,63
7.079680072863322,1187.5885159323127,15,1,1,1,1,28,22
6.537082969591225,690.2700995311939,1,53,2809,1,1,50,60
5.665493322487781,288.7303831795854,3,42,1764,0,1,24,51
7.105465574443259,1218.6093060314681,11,40,1600,0,1,48,57
6.374089682924005,586.4513312174951,15,7,49,1,1,23,28
6.177860170848712,481.9595410748394,9,5,25,0,1,50,20
5.4056058378642415,222.6510700799639,2,42,1764,1,1,23,50
5.536353189745239,253.7509285717192,3,19,361,1,0,37,28
6.630655616971471,757.9789516397013,5,22,484,0,1,37,33
6.879490788102962,972.1312129561345,4,25,625,0,1,59,35
7.501362587449497,1810.507709566817,17,24,576,0,1,53,47
4.934853677619973,139.0527945075873,2,19,361,1,0,33,27
6.309292110961436,549.6557158052009,9,20,400,1,0,45,35
7.173878966425271,1304.8964480110144,10,39,1521,1,1,42,55
7.030883038870999,1131.0289118452993,18,12,144,0,0,52,36
7.462328813882532,1741.198266121547,13,34,1156,0,0,36,53
6.826900381497328,922.3275137774738,10,14,196,0,1,51,30
6.479095113421925,651.3812533554367,3,54,2916,1,1,54,63
6.6927489808808645,806.5363605136522,5,9,81,0,1,49,20
6.749848934053384,853.9297530754376,16,5,25,0,1,34,27
6.938898709258046,1031.6334607474344,18,31,961,1,1,26,55
6.5577981053182075,704.7182695739102,12,0,0,0,1,25,18
6.357963179985897,577.0697712947491,9,29,841,1,1,28,44
6.322493158104112,556.9598518714855,10,47,2209,0,1,32,63
6.339119104488008,566.2972429005507,5,14,196,0,0,59,25
5.923140204142473,373.583000760271,1,56,3136,1,1,37,63
5.785410007426589,325.5154765186462,0,53,2809,1,1,54,59
5.87622230845639,356.46009868977325,10,18,324,0,0,20,34
7.590027499076545,1978.3679162888523,15,5,25,0,1,43,26
6.420928413001778,614.5734273019567,2,15,225,0,1,55,23
6.201012358455849,493.24813233861465,4,50,2500,1,0,35,60
6.990796057932486,1086.5861174861307,14,22,484,0,0,37,42
6.675481647553774,792.7291780092276,14,36,1296,1,1,22,56
6.726769066941758,834.4468639361381,3,36,1296,0,0,56,45
5.672010044713583,290.6181030774395,3,41,1681,1,0,27,50
6.524019238283618,681.3112418861201,7,41,1681,0,1,37,54
6.557772762542475,704.700410283153,6,14,196,1,1,48,26
7.643338952668003,2086.6995887712837,16,13,169,0,0,56,35
7.021844426634887,1120.8520417590123,14,18,324,0,1,46,38
6.244087137713029,514.9589237185903,4,9,81,1,1,48,19
6.1890419633187435,487.3789555593409,12,42,1764,0,0,23,60
6.124702319956622,457.008650663399,3,46,2116,0,1,31,55
7.515802071739938,1836.8401632001594,16,35,1225,0,1,32,57
7.131262144105908,1250.454224770021,16,31,961,0,1,33,53
6.9045269762086585,996.7769025929139,13,41,1681,1,1,33,60
7.191397700430919,1327.9579965482285,13,35,1225,0,1,29,54
6.705403015959739,816.8071463037243,16,10,100,1,0,41,32
6.340245008647262,566.935198392685,7,32,1024,1,0,28,45
5.925725393890604,374.55003314644483,1,28,784,1,1,43,35
6.493619061663192,660.9109176207207,12,33,1089,0,0,36,51
6.828159435614317,923.4895053825642,15,18,324,0,0,43,39
6.244025165141768,514.927011378849,15,7,49,1,1,24,28
7.273245976604816,1441.2210384032971,5,19,361,0,1,53,30
5.117476789255992,166.91367944893753,3,12,144,1,1,20,21
6.0021901678650424,404.3133385695923,2,31,961,0,1,46,39
6.1966029871719615,491.0780061501637,5,13,169,0,1,59,24
6.386661389374622,593.8705636916529,3,51,2601,1,1,27,60
6.849493543027105,943.4029926364751,17,18,324,1,1,25,41
5.368736123729746,214.5914791613808,5,10,100,1,1,24,21
6.162960200792789,474.8315933206619,4,35,1225,1,1,37,45
6.030639003877725,415.9807577894889,8,18,324,1,1,26,32
6.453619735358898,634.9966576648372,10,2,4,0,1,55,18
6.279581097726606,533.5651053686147,5,9,81,1,1,52,20
6.427723289464757,618.7635975406806,15,10,100,1,0,53,31
7.483357218882579,1778.2005747064036,18,31,961,1,1,51,55
6.2041422142368035,494.79434630819964,10,2,4,0,0,22,18
6.313863867259812,552.1743607143964,14,35,1225,1,1,20,55
6.556270600010796,703.6426304083202,8,41,1681,0,1,40,55
7.276862591933286,1446.4428173937722,18,14,196,0,1,32,38
7.909228891328716,2722.290474993048,18,22,484,0,0,27,46
6.498107969359799,663.8843544744223,8,8,64,0,1,49,22
5.917851063341903,371.6122839620955,3,18,324,0,0,27,27
6.502966002181263,667.1173731551496,9,30,900,1,1,46,45
6.385018684824528,592.895810649335,8,24,576,1,1,58,38
6.803058268746291,900.5973530313549,18,0,0,0,1,42,24
6.014269082878655,409.22661883519646,14,0,0,1,0,27,20
7.5030175005306186,1813.5064230795688,18,38,1444,0,0,34,62
5.066377641344256,158.59878388262294,1,57,3249,0,1,26,64
6.543340775294322,694.6032194675893,9,22,484,0,0,31,37
7.023817985909666,1123.0662939619692,18,12,144,1,0,55,36
8.12042513822765,3362.449947265318,16,30,900,0,1,57,52
6.19031831353612,488.00141895135374,1,14,196,0,0,49,21
6.7246305257976005,832.6642717377467,18,0,0,0,1,29,22
6.064072454848803,430.12353359073944,16,0,0,1,1,38,18
6.048033566695271,423.27985951313525,17,0,0,1,0,37,21
7.200891100165775,1340.6248633224743,16,7,49,0,1,39,29
5.5864557685250675,266.7883823091752,1,37,1369,0,0,21,44
7.215285109637143,1360.0613794186252,18,35,1225,1,0,49,59
6.186058531569125,485.9270606009138,0,34,1156,1,0,30,40
7.2291923596724965,1379.1082307584306,10,26,676,0,1,41,42
6.555632852056922,703.1940268237324,9,23,529,1,1,38,38
5.937425579338649,378.95807516213443,4,31,961,1,1,22,41
6.782468459232044,882.243821339623,15,21,441,0,0,23,42
6.500389471452125,665.400737175608,4,52,2704,1,1,54,62
7.163225832064406,1291.0689944556907,11,46,2116,0,1,57,63
6.13351998069599,461.05621670679466,3,40,1600,1,1,28,49
6.083549621261632,438.5832393431164,5,38,1444,0,1,27,49
7.197803766531367,1336.492289690114,18,0,0,0,1,53,22
6.582507137750715,722.348087057439,8,39,1521,1,1,50,53
7.003113646690695,1100.0530079718174,11,46,2116,1,1,59,63
6.552779073840999,701.1901277301936,14,39,1521,0,0,38,59
7.506182020455476,1819.2543902708467,15,38,1444,0,0,56,59
7.028246982419751,1128.0513819782755,12,38,1444,0,0,51,56
5.7394544234959435,310.8947478338351,6,21,441,1,1,47,33
6.2274843697973905,506.4797637582935,3,41,1681,1,0,37,50
6.281215352094811,534.437799380554,10,22,484,0,0,44,38
5.689446364850988,295.7298488708161,7,13,169,1,0,29,26
5.098226049610987,163.73119850136948,5,12,144,1,1,24,23
6.728842084373868,836.178481047355,9,47,2209,0,0,34,62
6.406541186272479,605.7947220991368,6,40,1600,1,1,44,52
7.037134022526329,1138.1210985647845,6,44,1936,0,1,39,56
5.865098369685509,352.516831372022,3,30,900,1,1,29,39
6.310151171464452,550.128106197819,2,50,2500,0,0,57,58
6.629418132521712,757.0415446067419,6,10,100,0,1,47,22
6.130586100190977,459.70551522811616,3,50,2500,0,1,25,59
6.162268389013327,474.5032128329841,12,22,484,1,0,30,40
6.834494169543727,929.3581341615884,16,12,144,0,1,38,34
6.06283147876159,429.590091633821,6,17,289,0,1,35,29
7.240326509332322,1394.549229877191,16,18,324,1,1,51,40
5.560913944476431,260.0604085164188,3,24,576,1,1,21,33
6.123539001632517,456.47731324300855,10,4,16,1,1,58,20
6.00541760495014,405.6203424343459,2,39,1521,0,1,45,47
6.267857692385713,527.346428620224,10,23,529,1,0,40,39
6.200731773941183,493.1097539651147,2,18,324,0,0,57,26
7.1086198866355526,1222.4592489919928,11,29,841,0,1,34,46
5.446173213387194,231.86915219215263,0,58,3364,0,1,32,64
6.125498712497228,457.3727539090899,3,45,2025,0,1,26,54
6.025417881671307,413.81453140485525,13,21,441,0,1,22,40
6.008844923554929,407.01291761670933,0,24,576,0,1,34,30
6.588179340044168,726.4570339056615,13,30,900,1,1,39,49
6.102978999349703,447.18796042400976,12,45,2025,0,1,22,63
6.714588687241018,824.3446336917248,12,46,2116,0,1,46,64
7.050443293159325,1153.3699104679297,14,20,400,0,1,34,40
6.344774651459838,569.5090372238002,16,40,1600,1,0,22,62
6.728245650294067,835.6799044032929,11,17,289,0,0,47,34
6.7587534993202585,861.5675815986132,13,38,1444,0,0,20,57
6.773923533451716,874.7372306710797,11,21,441,0,0,39,38
6.363410548753862,580.2218606458371,17,0,0,1,1,30,19
5.701293389339892,299.2542029663814,3,45,2025,0,0,44,54
6.764429211392657,866.4714945572424,13,4,16,0,1,23,23
7.375722999337878,1596.7458594668428,18,37,1369,0,0,38,61
5.938602249606802,379.4042463087366,12,17,289,1,0,47,35
7.051913821079079,1155.067220788322,17,24,576,0,1,29,47
6.832372039111846,927.388006156627,10,23,529,1,1,40,39
6.181537685204377,483.73521724208695,5,39,1521,0,1,55,50
6.772379764571496,873.3878803664879,8,33,1089,1,1,35,47
7.177824052136553,1310.0545442186683,11,17,289,1,0,52,34
6.622281383069893,751.6579622676529,18,36,1296,1,0,32,60
6.979291683487437,1074.1572541529906,13,30,900,0,1,48,49
7.298306961447442,1477.795843091726,14,39,1521,0,1,23,59
6.657512017186535,778.6113536359054,10,15,225,0,1,46,31
5.510401356109121,247.25034259139483,5,16,256,1,0,27,27
6.576823497978432,718.2541659475769,13,45,2025,1,0,27,64
6.026878821881054,414.4195315200532,2,45,2025,0,1,44,53
6.852481958509943,946.2264895358509,18,27,729,1,0,45,51
6.033263710116151,417.07401919691165,10,10,100,0,0,20,26
7.14209806583592,1264.0777271769452,16,37,1369,1,1,52,59
6.590382752522679,728.0594831793062,16,23,529,0,0,38,45
5.968126484079051,390.7728653182676,2,20,400,0,1,39,28
6.571168400528028,714.2038319558767,13,12,144,0,1,37,31
5.988098738467546,398.6559397375153,6,44,1936,1,1,45,56
7.881119311280021,2646.833532897771,18,40,1600,1,1,58,64
6.839006952598802,933.5616033400606,2,28,784,0,1,28,36
5.607805562141622,272.5454971381664,1,25,625,0,0,46,32
7.112242680181366,1226.8959983301359,16,23,529,0,0,25,45
6.28691389640011,537.4920108734557,8,27,729,0,0,39,41
6.7083244480922914,819.1968819726677,5,14,196,0,1,57,25
5.502253654166677,245.244005113896,8,46,2116,1,1,20,60
5.972775090975779,392.5936435172388,4,16,256,1,1,57,26
5.644131929801712,282.6281086670076,1,57,3249,1,1,35,64
5.969270259117791,391.2200772736168,14,30,900,1,1,23,50
6.411716570594026,608.9380696055595,8,36,1296,0,0,22,50
6.141536185371745,464.76699099902964,18,12,144,1,0,41,36
6.541723423678898,693.4807098195922,9,5,25,0,1,28,20
5.316371195654889,203.643556933714,3,18,324,1,0,27,27
6.233720228517079,509.64796797989015,9,42,1764,0,0,26,57
5.930870164779574,376.4819726852685,7,51,2601,1,0,31,64
6.727152755816613,834.7670933447904,12,41,1681,0,1,20,59
5.9553632660258415,385.81703944709085,6,6,36,0,0,31,18
6.884398084235273,976.9134730838691,6,34,1156,1,1,35,46
6.621214013814491,750.8560936892131,3,42,1764,0,1,33,51
6.56342261895271,708.6931349530875,14,10,100,0,1,49,30
5.815946828589834,335.60901232232834,11,1,1,1,1,38,18
6.798651568040625,896.6374215647853,15,30,900,1,1,38,51
5.9070199146803715,367.6090152060383,5,35,1225,0,1,32,46
6.3538589605607205,574.706203947011,8,50,2500,0,0,29,64
6.5310435194929015,686.113811192082,2,22,484,0,0,48,30
6.118904449514685,454.36664013437894,7,33,1089,1,0,47,46
6.538968271950693,691.5726948857329,6,44,1936,0,1,32,56
5.4643203796231905,236.115331776823,3,32,1024,1,0,34,41
7.019244485233508,1117.9416771589626,12,25,625,0,1,36,43
7.252653952412726,1411.8468548213136,18,10,100,0,1,42,34
5.8831458428904995,358.93662572478644,6,12,144,0,0,29,24
6.388119212759492,594.7369534551767,9,15,225,0,0,55,30
6.510811930053087,672.3721151541416,11,5,25,1,1,33,22
6.344563164469456,569.3886062067677,2,35,1225,0,0,51,43
6.343414275989659,568.734817833448,11,3,9,1,0,53,20
6.843945512239025,938.1834562504308,18,0,0,0,0,50,24
7.2283006201426945,1377.8789736032454,14,36,1296,0,0,58,56
5.899251649658505,364.7643941417446,7,5,25,0,0,51,18
6.027719200339358,414.7679471470315,11,17,289,1,0,35,34
5.843409469218037,344.95344614564476,5,49,2401,1,0,45,60
6.3027487134758085,546.0708413963749,9,27,729,0,0,36,42
5.386291561067342,218.39198862267645,1,13,169,1,0,41,20
7.41816582746399,1665.975018079484,12,14,196,0,0,55,32
6.667716277163154,786.5971817473877,6,34,1156,1,1,54,46
6.196999745914302,491.27288429952307,7,47,2209,1,0,42,60
6.621664420325498,751.1943603356715,15,28,784,1,1,44,49
6.011043270032074,407.9086572425912,10,27,729,1,1,24,43
5.354622763333899,211.58414399891336,3,24,576,1,1,25,33
7.428899097482383,1683.9526847780262,16,20,400,1,1,45,42
7.566416824138662,1932.2044345108472,15,24,576,0,1,57,45
6.536213074985728,689.6698983889922,18,2,4,0,0,25,26
5.866762854882447,353.10407901643663,10,2,4,1,0,38,18
6.484137615744434,654.6741400554333,6,34,1156,1,1,38,46
6.444001202393296,628.9182011600672,12,21,441,0,0,50,39
7.363014454605889,1576.5819416956156,18,9,81,0,0,56,33
6.997450376904688,1093.8407185479557,16,36,1296,1,1,42,58
6.486665550177419,656.3312069522469,12,43,1849,1,1,31,61
6.956553492864571,1050.0084522326708,11,41,1681,0,1,32,58
6.476795651247902,649.8851475810211,6,12,144,0,0,41,24
6.5852532602398055,724.3344695607839,0,25,625,0,1,22,31
5.981163715368244,395.9008160521545,0,40,1600,0,0,31,46
6.174596346098749,480.3890738552122,13,17,289,1,1,56,36
6.936173726377363,1028.8261039645206,14,16,256,1,1,50,36
6.322538164936538,556.9849194343085,10,3,9,0,1,32,19
6.805431645240897,902.7373481226335,8,44,1936,1,1,42,58
7.013864009606267,1111.9427721654956,16,40,1600,1,1,32,62
6.14031468689988,464.19962541839124,3,23,529,0,1,25,32
6.361513720895653,579.1223228033016,18,0,0,1,1,22,20
5.912361911505566,369.578035967027,6,16,256,1,1,26,28
5.349969715284029,210.60191975077262,0,57,3249,1,0,29,63
7.521155767843214,1846.700418077022,8,33,1089,0,0,50,47
6.156552625790166,471.7988010711911,12,39,1521,1,0,23,57
5.463463189346841,235.91302273138788,1,28,784,0,0,25,35
5.859902305852389,350.6898819972435,1,12,144,0,1,37,19
6.465319072908972,642.4693253019614,14,29,841,0,1,26,49
6.570820136137593,713.9551435008747,16,3,9,0,1,53,25
6.567747604113946,711.7648600401632,12,21,441,0,1,42,39
5.831123770049785,340.7413789545323,6,11,121,0,1,27,23
7.168285512160073,1297.6179443735582,8,15,225,1,0,43,29
6.113434979683687,451.8882793421085,11,47,2209,1,0,47,64
5.910172275303638,368.7696798459219,2,49,2401,0,1,22,57
6.916887084053022,1009.1736272097497,14,33,1089,0,1,32,53
6.217640154423654,501.51832866629127,6,20,400,1,0,58,32
6.517161054547541,676.6546702713515,0,39,1521,0,0,52,45
7.588148341126511,1974.653741344523,13,43,1849,0,1,35,62
6.541436927660498,693.282058815111,18,11,121,1,1,30,35
6.509126360286791,671.2397396621872,15,0,0,0,0,48,19
6.690602234294673,804.8067884757447,9,15,225,0,0,44,30
6.074228376588078,434.51409188151507,0,56,3136,0,1,36,62
6.490823228743407,659.0657017797431,4,22,484,0,1,56,32
6.056968383479624,427.0787333549981,2,29,841,1,1,25,37
6.6635063302324005,783.2926102723752,16,24,576,0,0,33,46
7.114820365402171,1230.062629548362,17,36,1296,0,1,38,59
6.862817320339166,956.056795054106,18,22,484,1,0,56,46
6.463729618116033,641.4489604802399,17,0,0,0,1,31,20
7.3500473562510145,1556.270225215556,15,15,225,0,1,38,36
4.796493990456578,121.08514677255887,1,13,169,1,0,40,20
6.639767220392443,764.9169152350614,14,11,121,1,1,48,31
7.061239137647605,1165.8889679663703,12,39,1521,0,1,47,57
6.69142256100031,805.4672638429628,12,3,9,0,1,36,21
6.032879601104055,416.9138480709829,15,7,49,1,0,21,28
6.6601399388365445,780.6601741598828,7,35,1225,0,1,25,48
6.743812070084404,848.7902242438895,10,44,1936,0,1,44,60
6.1012024528278985,446.3942154794986,7,36,1296,0,0,38,49
6.394825060537922,598.7385710569915,9,29,841,0,1,25,44
5.527082896215301,251.40945283258375,0,41,1681,0,0,20,47
6.921549774820833,1013.8900788974246,11,43,1849,0,1,53,60
5.77336885693795,321.61939937909335,8,5,25,1,1,40,19
5.522421462425498,250.24025150848087,4,16,256,0,1,40,26
6.982801105071739,1077.9335472321227,8,31,961,0,0,46,45
7.414235805203575,1659.4405478902343,15,27,729,0,1,42,48
6.826199672251296,921.6814567362056,17,28,784,1,0,55,51
7.176639479997494,1308.50360888369,7,19,361,0,1,55,32
6.551576477563873,700.3473859336681,10,26,676,0,1,51,42
7.5664980815867,1932.3614468914109,18,29,841,0,1,58,53
6.219900278835138,502.6531043677976,3,16,256,0,1,36,25
6.043561293093588,421.39106292705293,9,11,121,1,1,33,26
6.739849919444078,845.4338431480359,12,36,1296,1,1,41,54
6.8475666589784865,941.5869147062493,13,43,1849,0,1,36,62
5.27899973438396,196.1735515218152,1,49,2401,1,0,48,56
6.004089865185046,405.082141550588,3,40,1600,0,0,57,49
6.722738935450353,831.0907007838448,6,22,484,0,1,45,34
7.807789260634113,2459.6866939540046,18,28,784,0,1,50,52
6.596537616451939,732.5544088688245,16,32,1024,1,0,53,54
6.5106004408351525,672.229930737112,15,15,225,0,1,46,36
6.780409616453274,880.4292885787376,12,43,1849,0,0,36,61
7.235194562199576,1387.4108096201053,17,23,529,0,1,42,46
6.5268976692257485,683.2751744120709,11,7,49,0,0,53,24
6.029208211851987,415.38600142617815,0,39,1521,1,1,37,45
7.088784817662702,1198.4505794191994,14,6,36,1,1,40,26
5.827681137049369,339.57034830966825,2,37,1369,1,1,39,45
5.757469466822894,316.5462836718748,5,12,144,1,0,51,23
6.543347703687894,694.608031968742,13,27,729,1,1,31,46
6.521660219282862,679.7059099697974,5,23,529,0,1,23,34
5.992740696157081,400.5107854695149,0,27,729,0,1,28,33
6.349126442890953,571.9928223094156,5,29,841,0,1,30,40
6.919581166586337,1011.8960898747995,7,35,1225,0,1,49,48
6.178901286517892,482.46157799886987,14,0,0,0,1,45,20
7.235686269574451,1388.0931774960875,13,19,361,0,1,51,38
7.780956451045853,2394.564008865221,15,22,484,0,1,47,43
7.369002497607517,1586.0509041414703,15,32,1024,0,0,59,53
7.156744743213749,1282.7285184680427,18,35,1225,1,0,56,59
5.723266987620399,305.90267249587146,0,48,2304,0,0,35,54
6.695568423685003,808.8135523491474,3,30,900,0,1,27,39
6.945451868562726,1038.4161188063385,9,44,1936,1,1,22,59
6.770336917956085,871.6055040716852,17,6,36,0,1,22,29
5.858946348912884,350.35479775950347,1,52,2704,0,1,29,59
5.840898799847542,344.0884683851077,3,21,441,0,1,31,30
6.780155921180922,880.2059561609724,14,8,64,1,1,34,28
6.277519063556116,532.4660094652631,3,24,576,1,1,46,33
5.629040630450097,278.39490588057566,15,4,16,1,1,30,25
7.181602154531929,1315.0134261134242,14,37,1369,0,1,25,57
7.230808342459173,1381.3386475925292,17,34,1156,0,1,31,57
6.471317400058178,646.3346476429261,6,50,2500,0,1,37,62
5.6441860004120725,282.6433909545059,14,0,0,1,0,44,19
6.529023346718183,684.7291418569139,10,31,961,1,1,53,47
7.286595375942731,1460.589464374866,18,23,529,0,1,45,47
6.204537815063564,494.990126083443,7,16,256,1,1,43,29
5.781150833688347,324.1319978790339,0,21,441,0,1,35,27
5.913050003663455,369.8324272275823,2,53,2809,1,0,55,61
5.827935202145818,339.65663224336663,4,18,324,1,1,55,28
6.8400594843371,934.5447238492417,17,9,81,0,1,40,32
6.390024797595727,595.8713556817946,11,16,256,1,0,49,33
6.472331310473744,646.990305407062,11,17,289,0,1,39,34
6.9688957914422485,1063.048275221775,18,19,361,0,0,38,43
5.724342502185605,306.231852262762,8,5,25,1,0,30,19
7.133928409462542,1253.7927162238657,10,13,169,0,1,33,29
7.161842302904467,1289.2839979364644,16,21,441,0,1,55,43
5.918396540728945,371.8150453555937,15,19,361,1,0,35,40
5.4841796481542175,240.85128013993537,3,26,676,1,0,22,35
6.555383719580397,703.0188601751088,9,34,1156,0,0,41,49
7.619558233772318,2037.66176081015,14,35,1225,0,1,24,55
7.055214578377721,1158.8861165044768,18,40,1600,1,1,21,64
5.689785117880501,295.8300452229892,2,12,144,0,0,31,20
6.011649193284963,408.1558934785973,4,45,2025,1,1,21,55
6.517682997977653,677.0079379157972,10,4,16,0,1,56,20
5.963411162746699,388.9345831419764,4,37,1369,0,1,38,47
6.664225841843188,783.8564012028479,6,6,36,0,1,43,18
5.922585485124181,373.3758246324203,5,36,1296,0,0,24,47
6.917155651212543,1009.4446945025295,12,44,1936,1,0,45,62
6.116828144338083,453.42421504700604,1,42,1764,0,1,47,49
7.976920749782564,2912.947545566055,18,21,441,0,1,54,45
6.6003859587805955,735.3789604433051,10,22,484,1,0,38,38
6.202331268574945,493.8991114887093,4,53,2809,0,1,50,63
6.502299942276308,666.6731809667174,8,16,256,0,1,38,30
6.575143390953158,717.0484352393765,5,33,1089,0,1,38,44
7.486761923767457,1784.2651410603653,16,31,961,0,0,39,53
6.535370119361967,689.0887822315835,18,0,0,0,1,36,24
7.170908935224273,1301.0266144542309,7,26,676,0,1,31,39
6.349005008366561,571.9233668503132,6,15,225,0,1,54,27
5.933216188230032,377.3662450781748,4,46,2116,1,1,45,56
7.345429276171907,1549.0998142003214,14,12,144,0,1,27,32
6.367157773769473,582.4001612590093,9,17,289,1,1,59,32
6.6366497767447505,762.5360429025137,15,0,0,1,1,44,21
6.469215897619154,644.9778000131361,8,35,1225,0,1,44,49
6.536514807583878,689.878025677114,6,28,784,0,0,41,40
6.003121027377595,404.68987270985576,10,7,49,0,0,32,23
6.59830003585849,733.8466153457761,8,27,729,0,1,34,41
7.162109375253609,1289.6283760273902,16,15,225,1,1,42,37
6.058158108318147,427.5871419052468,8,40,1600,1,1,47,54
6.195320066491891,490.4483959768571,2,29,841,1,1,32,37
6.293824247225854,541.2191322610639,7,16,256,1,1,51,29
7.697272067083863,2202.3319760843606,18,26,676,0,1,30,50
6.5976907606515525,733.3996369775972,15,24,576,0,1,33,45
6.509614645768223,671.5675763140496,6,13,169,0,1,54,25
5.876106797330635,356.41892596048706,6,6,36,1,1,54,18
6.723645859592049,831.8447788984619,12,36,1296,1,1,59,54
5.858654332678786,350.2525034073964,2,31,961,0,1,42,39
6.592461989186331,729.5748660238924,11,6,36,0,0,59,23
5.9802067155964505,395.5221202963179,7,25,625,0,1,32,38
5.8086420131686065,333.1663827742254,12,31,961,1,0,25,49
6.356919362993252,576.4677303264892,15,31,961,1,1,48,52
5.8249604985891015,338.6477557495676,6,20,400,0,1,34,32
5.396806275298526,220.70043302173363,3,13,169,0,0,24,22
6.394186209245618,598.3561883029827,11,46,2116,0,0,52,63
6.795788135103517,894.0736328095772,16,1,1,0,1,59,23
5.282188032489823,196.80000942114486,0,36,1296,1,1,21,42
7.299145404339487,1479.035410092715,16,41,1681,0,1,52,63
5.59063163651007,267.9047847258792,1,50,2500,1,0,44,57
6.355051028607944,575.3917013478755,5,35,1225,0,1,46,46
6.853206854952615,946.9126544212728,11,7,49,0,1,44,24
6.359948471560821,578.2165610291813,10,41,1681,0,1,24,57
6.874501706590557,967.2932496257627,10,14,196,1,1,59,30
5.945257321530115,381.93762942908495,17,32,1024,1,0,23,55
6.314897386193203,552.7453383780161,7,22,484,0,0,33,35
5.660672020462231,287.3416771738956,6,7,49,0,1,36,19
6.32372839945975,557.6482567995337,13,6,36,0,1,46,25
6.994774159792655,1090.9172769262277,15,7,49,0,0,55,28
6.743991496804249,848.9425335534329,11,33,1089,1,1,53,50
7.114569161444397,1229.7536717548448,8,41,1681,0,1,29,55
7.001715983401761,1098.5165782225354,15,23,529,0,1,41,44
6.641322840460847,766.1077613509718,18,13,169,1,1,41,37
6.401469858543084,602.7303153995939,15,8,64,0,0,47,29
6.6227779874219195,752.0313315836906,8,46,2116,0,1,39,60
7.1822232627127915,1315.830445412747,12,30,900,0,1,21,48
5.497028668485095,243.96595051479594,4,34,1156,1,0,42,44
6.880681121769365,973.2890624439781,18,25,625,1,1,53,49
6.460641921205037,639.471415107911,9,12,144,0,1,35,27
6.154869634477783,471.0054355886675,6,8,64,1,0,47,20
6.464818834623847,642.1480179202537,8,48,2304,0,1,33,62
6.754962779648403,858.3078027757324,13,25,625,1,1,20,44
6.792062878322162,890.7491750199921,14,32,1024,1,1,34,52
6.790405650735685,889.2742234173269,12,30,900,1,1,34,48
6.097378334954552,444.6904112320143,9,17,289,1,0,44,32
6.1350802327023075,461.7761420803929,13,14,196,0,0,24,33
6.303294433173319,546.3689243382297,11,13,169,1,0,27,30
7.252062279122369,1411.0117498262643,18,28,784,1,1,41,52
6.392416255844012,597.2980624251079,5,17,289,0,0,58,28
6.40087610722273,602.372549701446,11,21,441,1,1,57,38
5.945849569925571,382.16389837437447,12,10,100,1,1,58,28
6.4929327231794725,660.4574646525591,7,34,1156,0,0,33,47
6.729233891032298,836.5061655341555,15,31,961,0,1,38,52
5.741215252287666,311.44266250741424,1,32,1024,1,1,45,39
6.379418374511976,589.5846904310542,6,43,1849,1,0,57,55
5.913567814860728,370.02398018936964,11,31,961,1,0,52,48
5.846966226811116,346.1825464446625,6,19,361,1,0,31,31
6.840666669215447,935.1123375794999,18,17,289,1,1,48,41
6.5361308395216815,689.613185396801,13,30,900,1,1,31,49
6.14474795827597,466.26211674443203,8,39,1521,0,1,48,53
6.905112478154545,997.3606882961521,17,26,676,1,1,39,49
7.24225098271565,1397.235586833962,10,16,256,0,1,53,32
7.33136635070923,1527.4674029837815,15,39,1521,0,1,49,60
8.312557004410724,4074.718748054521,18,28,784,0,1,48,52
6.230277910837341,507.8966138572965,10,4,16,0,1,58,20
7.942697835438163,2814.9445305897257,17,10,100,0,0,59,33
6.568428809092214,712.2498829874456,10,6,36,0,1,21,22
6.699662656953947,812.1318119326783,3,29,841,0,0,45,38
7.419201892217243,1667.7019705383234,17,4,16,0,1,20,27
7.59503315208528,1988.2957665583879,18,12,144,0,1,47,36
5.992922102567551,400.5834472839217,12,24,576,1,1,27,42
6.028762927078347,415.2010775395108,3,12,144,1,1,50,21
6.024246436119748,413.33005403770244,9,31,961,1,1,58,46
6.471654446384239,646.5525290773261,4,26,676,0,0,38,36
6.527348786900991,683.5834814564529,2,52,2704,1,1,32,60
6.63969746884802,764.863562959592,15,0,0,0,0,35,19
6.269065757009412,527.9838821500771,7,14,196,0,1,42,27
6.441949751911931,627.6293290941808,6,48,2304,1,1,30,60
7.33450828579232,1532.2741537005943,18,18,324,1,1,43,42
6.406207338743525,605.592512783529,13,18,324,1,0,29,37
6.66695879198466,786.0015716521578,14,16,256,1,1,24,36
6.66633182838472,785.5089317270243,16,18,324,0,0,31,40
5.936943100938516,378.7752801771744,0,35,1225,1,0,55,41
6.357281503043422,576.676530184385,5,17,289,1,1,45,28
6.834890314605394,929.7263677290955,14,43,1849,1,1,47,63
6.422974191902337,615.8319955896515,11,34,1156,1,1,35,51
5.915391113173235,370.6992597189736,1,38,1444,0,1,21,45
6.276411684637185,531.8766941892131,4,12,144,0,1,45,22
5.994929688312014,401.388460698507,8,8,64,0,0,23,22
7.238235845168118,1391.6367413556034,13,19,361,0,1,48,38
7.047536309875455,1150.0219520053981,17,6,36,0,1,35,29
6.463602782521784,641.3676070795196,7,8,64,0,1,41,21
5.886562290163455,360.1650109427511,1,52,2704,1,1,25,59
6.178969003675845,482.4942500319696,8,23,529,1,0,47,37
5.897706112874652,364.20107278223287,6,43,1849,1,0,30,55
7.27009180197789,1436.6823372630536,17,19,361,0,1,40,42
6.814340587406231,910.8157143652827,15,10,100,0,1,45,31
5.985757277579958,397.7235943980488,4,18,324,1,0,58,28
6.437032884194013,624.5509329423044,14,29,841,0,1,41,49
6.2498666458620376,517.9437501204457,4,18,324,1,1,49,28
6.994027300588211,1090.1028194970409,10,19,361,1,0,49,35
6.83112607769661,926.2332360329033,13,25,625,0,0,52,44
7.540051444861813,1881.9268381385343,18,11,121,1,1,59,35
6.369972188450739,584.0415855640925,2,32,1024,0,1,49,40
5.85658225780816,349.5275053812056,9,13,169,1,0,56,28
5.954400964915369,385.4459458621128,5,27,729,0,0,49,38
6.270882663563864,528.9440515310828,2,53,2809,0,1,45,61
5.149750257008031,172.38843213751593,1,15,225,1,0,25,22
7.068923341187931,1174.8824055512057,12,22,484,1,1,23,40
6.908775075191386,1001.0203163782102,17,35,1225,1,1,34,58
5.840053540779517,343.797747371598,1,35,1225,0,1,55,42
6.535280248641938,689.0268561092751,14,38,1444,1,1,22,58
5.11534419171862,166.55809903691068,4,17,289,1,0,35,27
5.907017969690504,367.60830021092374,14,19,361,1,1,35,39
6.770696088112218,871.9186149833506,16,14,196,1,0,59,36
5.698936874726438,298.5498363150623,1,11,121,1,1,46,18
6.532935673950884,687.4132735026144,17,1,1,1,1,25,24
6.226871973938054,506.1696926009669,14,1,1,1,1,40,21
6.571648245195697,714.5466210924623,2,10,100,0,1,32,18
6.235690823317412,510.65326780958173,4,22,484,0,1,28,32
6.844972107060425,939.1470850716887,10,41,1681,1,1,27,57
6.203196891811703,494.3268271298192,8,15,225,1,0,47,29
6.35179741116631,573.5226391281458,4,29,841,1,1,38,39
6.2007079305841035,493.0979967133381,0,33,1089,0,0,48,39
7.325992262569635,1519.2806763283734,13,45,2025,0,0,50,64
6.153346913859568,470.2887716785374,4,24,576,0,0,52,34
6.898110804634625,990.4018844401246,7,33,1089,0,1,25,46
6.237497770508232,511.57682545599124,13,44,1936,0,0,23,63
7.239781136984369,1393.7888886427456,15,10,100,1,1,35,31
5.681723814983933,293.4548560447892,5,26,676,0,0,22,37
6.247621921079364,516.7824128774093,7,37,1369,0,0,44,50
5.471560872642418,237.83112729518444,1,53,2809,0,1,36,60
6.538700236821084,691.387353948876,18,8,64,1,0,41,32
6.346717773205193,570.6167384688632,8,15,225,1,1,37,29
6.731610674405001,838.4967241057461,4,47,2209,0,1,51,57
6.17194178763096,479.1155440488886,4,27,729,1,1,37,37
8.262148733049234,3874.4102360241754,18,23,529,0,1,45,47
6.03721152063496,418.72380277080833,3,46,2116,0,0,44,55
6.555464787760807,703.0758549450973,15,0,0,1,1,47,20
7.86237877754694,2597.692363877441,15,24,576,0,0,59,45
7.298151300791309,1477.5658263239052,15,22,484,1,1,42,43
5.9886585938484735,398.87919189914686,6,35,1225,1,1,27,47
6.266283737415831,526.5170619521601,17,7,49,1,1,32,30
5.926096091608021,374.6889037267041,0,24,576,0,1,29,30
5.398097226132321,220.98553041352557,2,11,121,0,0,22,19
6.545317456477743,695.9775864766563,7,41,1681,0,0,29,54
5.392942575322862,219.84935797211247,0,49,2401,0,1,34,55
6.23597437568825,510.79808528504407,6,7,49,0,1,43,19
6.05092838741557,424.5069540733987,6,41,1681,0,1,29,53
6.357423854268295,576.7586266379387,7,30,900,1,1,40,43
7.003825048058415,1100.8358656162363,18,4,16,1,0,57,28
7.875922292168831,2633.1135707760386,16,3,9,0,0,58,25
7.047992503712229,1150.546704617411,10,45,2025,0,1,47,61
7.263082220328668,1426.647007935979,14,37,1369,0,0,21,57
6.185813866613107,485.8081858208435,8,46,2116,0,1,23,60
6.217647104911433,501.52181447541966,16,17,289,0,1,22,39
7.1264285631936435,1244.4246370868327,10,21,441,0,0,51,37
6.3063564895789845,548.0445008485395,5,14,196,1,1,53,25
6.298966780706915,544.0095384985522,8,32,1024,1,1,35,46
7.083101681876538,1191.6589392297649,17,34,1156,0,1,23,57
6.062316134661235,429.36876194989856,1,36,1296,1,1,37,43
5.685296134630229,294.5050452813306,3,38,1444,0,1,47,47
6.2066348193274195,496.0292115910009,17,11,121,1,1,25,34
5.601635031149571,270.8689246921352,0,31,961,0,1,20,37
6.849116012461941,943.0468963943254,10,17,289,0,1,35,33
6.420728451384726,614.4505484915685,2,55,3025,0,1,56,63
6.6990954539636975,811.6712989549885,7,47,2209,0,1,28,60
5.867723887905207,353.4435868098127,4,14,196,1,1,36,24
6.310014633921599,550.0529981855926,4,23,529,1,0,55,33
6.025235362427168,413.73900918170875,10,46,2116,1,0,53,62
6.896310707293127,988.6206683031263,11,47,2209,0,1,50,64
6.028433353502667,415.06426078259216,8,30,900,1,0,53,44
7.007813682353022,1105.235465667547,12,22,484,1,1,56,40
5.9992514677379996,403.1269270178782,2,33,1089,1,1,53,41
6.780755527491905,880.7338914681051,12,8,64,1,1,56,26
6.263445584696692,525.0248446930077,10,36,1296,1,0,20,52
6.377186283816423,588.2701515600714,10,21,441,1,1,34,37
6.137728885826065,463.00084809631846,6,42,1764,1,1,50,54
7.441635509948344,1705.5373646561793,16,37,1369,0,1,33,59
7.227853627183381,1377.2632090347252,15,13,169,0,1,53,34
6.805043080856235,902.3866446802951,13,45,2025,1,1,20,64
5.418242937047562,225.4825871349749,0,42,1764,1,1,54,48
6.504248265757506,667.9733421354665,10,9,81,0,1,30,25
6.3174724689988695,554.170537610257,12,14,196,1,1,36,32
5.636123350657391,280.37369845096754,0,42,1764,0,1,24,48
6.394110417672216,598.3108396645608,1,40,1600,0,0,36,47
6.437059778794858,624.5677302162296,8,49,2401,0,1,37,63
5.883810373790434,359.17522947470036,12,19,361,1,1,44,37
6.717219428369887,826.5161260887485,4,46,2116,0,1,54,56
6.647854089260463,771.1277773895569,8,15,225,0,0,35,29
7.1014826780431095,1213.76536427585,12,16,256,0,1,42,34
5.865109416833638,352.5207256991869,4,49,2401,0,1,59,59
6.821192817487671,917.0782649167375,14,27,729,1,1,40,47
6.355590658557603,575.7022837349505,6,34,1156,0,1,48,46
7.354185224089914,1562.7232073153596,13,17,289,1,1,55,36
6.641907342974904,766.5556841567706,15,42,1764,1,1,29,63
6.442322080428406,627.8630569002421,5,17,289,0,1,39,28
5.851778389053773,347.85244771918383,1,44,1936,1,1,26,51
7.276564599709222,1446.0118528968599,15,3,9,0,1,49,24
7.992230764166543,2957.887955731851,18,37,1369,0,0,48,61
5.878618419100804,357.3152406247606,4,41,1681,1,1,20,51
5.4439537700447955,231.35510240921073,3,28,784,1,0,40,37
7.353140632619072,1561.0916522843042,13,36,1296,0,0,26,55
5.887816020057979,360.61684376290475,5,30,900,0,0,23,41
6.39100868043156,596.457911784939,7,14,196,1,0,58,27
5.80671636187178,332.5254378134838,2,41,1681,1,1,34,49
6.157820940590601,472.3975701069662,3,23,529,0,0,53,32
5.240184224055474,188.7048631788648,0,48,2304,0,1,21,54
6.055255694777494,426.3479064515959,1,30,900,0,0,56,37
6.52780968749811,683.8986181089938,12,2,4,0,1,22,20
6.225241369278776,505.3450024963189,8,40,1600,0,1,23,54
7.385949122023602,1613.1581525609283,11,40,1600,0,0,55,57
7.15083926814068,1275.1757205566905,9,10,100,0,1,46,25
6.104347791095696,447.80048672798506,9,42,1764,1,0,23,57
7.610007832061142,2018.2939050561783,17,38,1444,0,0,55,61
6.6914446037409085,805.4850187446026,11,23,529,1,1,38,40
7.342150452532882,1544.0289069585556,15,36,1296,0,1,53,57
6.033564516342196,417.1994965298431,5,17,289,0,1,35,28
6.495076352392174,661.8747591017044,9,48,2304,0,0,59,63
5.8206962760309064,337.20676089513853,14,5,25,1,0,41,25
6.4481276028921295,631.5187312634437,8,32,1024,0,0,51,46
6.050977759153088,424.52791323670095,1,40,1600,0,0,21,47
6.848928390696214,942.8699768679561,17,4,16,0,1,36,27
7.209530581173898,1352.2573433085777,11,39,1521,0,1,42,56
6.297970464419982,543.4678028499366,2,37,1369,0,1,31,45
6.236470048420277,511.0513367272236,6,41,1681,1,1,32,53
6.545007164665746,695.7616638314856,8,16,256,0,1,29,30
5.759997614464396,317.347571873016,7,36,1296,1,1,23,49
5.865045207168243,352.49809118802983,5,42,1764,1,0,26,53
5.563343653998241,260.6930480211197,0,48,2304,0,1,21,54
7.091830915417909,1202.1067427272774,13,24,576,1,1,34,43
7.1390821271544285,1260.271089441532,15,18,324,1,1,55,39
6.284351352945937,536.1164274881671,15,0,0,1,0,28,21
6.29837140079075,543.6857425454965,3,39,1521,0,1,43,48
5.736656697324446,310.02616505617664,5,24,576,1,1,25,35
6.397565930297185,600.3818865281804,14,35,1225,1,0,26,55
6.037276853003853,418.7511598823978,7,28,784,0,1,35,41
5.703616511065791,299.9502150542354,0,34,1156,0,1,36,40
6.037312654704753,418.7661521545482,12,21,441,1,0,49,39
6.267659186547366,527.2417576645528,17,0,0,1,1,27,19
7.5480313683249385,1897.0045497511423,17,25,625,0,1,22,48
6.382197378705374,591.225427509804,12,10,100,1,1,44,28
6.838092181582296,932.7079987291065,13,26,676,0,1,48,45
7.057264906889712,1161.2646513069076,10,47,2209,0,1,40,63
5.782707418334297,324.6369296527645,6,37,1369,0,1,25,49
5.893402763614954,362.63715581923674,17,0,0,1,0,42,22
6.026331523452809,414.1927824171921,3,46,2116,1,1,30,55
7.220030056080972,1366.5301326313306,16,5,25,0,1,25,27
7.148409642561983,1272.0812816948248,18,33,1089,1,1,46,57
6.3470978820385495,570.8336761589704,13,44,1936,0,0,46,63
6.419441631798225,613.6603700084464,9,26,676,1,1,32,41
6.994839571493153,1090.9886380143137,5,41,1681,0,1,28,52
7.706311313659829,2222.329643618317,17,38,1444,0,1,27,61
5.969255814285329,391.2144262059594,3,31,961,1,1,46,40
6.801306107178855,899.0207426030975,10,18,324,0,1,51,34
6.452232829846326,634.1165877278493,12,0,0,1,1,48,18
6.990310415135458,1086.058552879167,7,35,1225,0,1,52,48
6.0474114594064865,423.0166159187057,9,33,1089,0,1,24,48
7.127648072205223,1245.9431498778133,10,43,1849,0,1,57,59
6.249133493435115,517.5641575696382,2,51,2601,1,1,28,59
7.102593732456014,1215.1146730790056,14,31,961,0,1,32,51
6.184590320021648,485.2141403662357,7,13,169,1,1,52,26
7.400088046757856,1636.1284794623411,17,16,256,1,0,49,39
6.06408679707657,430.12970256466417,0,24,576,0,1,44,30
6.500554130648046,665.5103105468411,7,29,841,0,0,25,42
6.700925540164275,813.1580874592086,2,27,729,0,1,58,35
5.765596793140413,319.1294414782308,0,23,529,1,1,29,29
7.025599875310125,1125.0692578873147,15,36,1296,0,0,55,57
5.99524755692013,401.5160697702076,8,20,400,0,1,38,34
6.76677730194536,868.5084386164535,16,10,100,0,1,30,32
6.726923041792389,834.5753576595197,15,38,1444,1,1,36,59
6.288618639550343,538.4090781572879,5,21,441,1,1,21,32
6.010883978891755,407.84368618222754,6,20,400,1,0,26,32
6.516162723839236,675.9794822216613,15,35,1225,1,0,50,56
6.26383432798734,525.2289842551772,7,17,289,0,0,50,30
6.185932511212548,485.86582775784,9,19,361,0,0,36,34
6.320907911989867,556.0776328823798,13,30,900,1,1,34,49
6.066215325556036,431.0462209581546,10,10,100,1,1,26,26
6.4858832149430095,655.8179367244767,1,50,2500,0,1,49,57
6.633594984944646,760.2102083302369,11,20,400,0,1,58,37
7.008708746096693,1106.2251647168803,12,25,625,1,1,33,43
7.387823873725796,1616.1852602043402,14,24,576,0,1,50,44
6.815928987121186,912.2636033951982,11,21,441,0,1,28,38
6.340375268143405,567.0090518959292,12,17,289,1,1,28,35
6.028074386810561,414.9152932766736,7,17,289,1,1,21,30
7.082841241504147,1191.3486235429884,15,12,144,0,1,41,33
6.072514014442591,433.7698155326001,2,18,324,0,1,35,26
6.184932420661777,485.380160830489,12,11,121,0,0,21,29
6.559114989205502,705.6469130317942,11,44,1936,1,0,34,61
6.217964195205095,501.6808673905848,18,31,961,1,1,25,55
6.015717388808218,409.8197335759126,1,29,841,1,0,42,36
6.212366861534197,498.8806364040541,0,18,324,0,1,47,24
6.569983081094061,713.3577737976925,7,39,1521,0,0,36,52
6.679470726843167,795.8977532024336,8,21,441,1,1,55,35
6.630707446795363,758.0182385733868,7,20,400,0,1,38,33
7.07955968031299,1187.4455477284598,16,34,1156,1,1,24,56
6.238030301887342,511.8493287202018,8,7,49,1,1,42,21
6.111423668720151,450.9803049071332,5,31,961,0,0,38,42
6.385132191384742,592.963112032869,14,29,841,1,1,20,49
7.137214790240002,1257.919934596346,12,39,1521,0,1,46,57
6.972933000827127,1067.3486987090403,11,13,169,1,1,44,30
7.1511569620598365,1275.5809004871599,12,44,1936,0,1,25,62
6.577845806289921,718.9888186079642,6,22,484,1,1,55,34
5.716875557493157,303.9537517687111,17,31,961,1,0,36,54
6.0506519151740905,424.38960590678533,13,4,16,0,1,31,23
6.972524601964534,1066.9128837137291,10,20,400,0,1,44,36
6.965285775875165,1059.217573007186,13,11,121,0,0,29,30
7.379247600251495,1602.383681081075,16,21,441,0,1,58,43
5.954421293065029,385.45378134462646,1,24,576,1,1,43,31
7.256692138314471,1417.5596818514346,18,24,576,0,1,30,48
6.4055882368767305,605.2177053623066,15,0,0,0,1,43,21
6.440211949259716,626.5395803398602,9,41,1681,0,1,22,56
6.4035580126548615,603.9902241700206,7,12,144,1,1,59,25
6.533314759137051,687.6739110901768,4,32,1024,1,0,39,42
6.192685584037811,489.1580187674048,6,18,324,0,0,42,30
6.527383312008576,683.6070826571078,12,31,961,1,1,24,49
7.407978227889543,1649.08889228494,15,34,1156,1,0,55,55
6.487115709061328,656.6267267862924,4,45,2025,0,1,32,55
7.265775344708445,1430.4943240995105,15,24,576,1,1,55,45
7.048798263816777,1151.4741428465948,14,27,729,0,0,25,47
5.9677807221623755,390.6377742993809,8,6,36,0,1,21,20
7.098909116721229,1210.6456807508016,11,28,784,0,1,48,45
6.257982910897225,522.1646245672076,7,7,49,0,1,24,20
6.2542467361750615,520.2173662099653,12,44,1936,1,0,34,62
6.186541960533802,486.16202860732267,4,41,1681,0,1,27,51
7.046936847154298,1149.3327633087636,13,14,196,0,1,53,33
6.968946054068919,1063.101708163194,15,18,324,0,1,56,39
6.914070444201697,1006.3351479179697,10,33,1089,1,0,45,49
6.369787329793292,583.9336303992226,11,38,1444,1,1,28,55
6.462577193340941,640.7101645913338,14,5,25,0,1,27,25
6.136990341211949,462.6590275540233,11,8,64,1,0,33,25
6.511962396718003,673.1461019967069,8,9,81,1,0,44,23
5.95752627270419,386.6524674725156,0,25,625,0,1,53,31
5.78807104868713,326.382840166007,2,41,1681,1,1,22,49
6.090351873296527,441.57676288352917,11,35,1225,0,1,51,52
7.395165382676227,1628.0941599160667,12,9,81,0,0,55,27
5.765256080087673,319.0207284330339,5,9,81,0,1,24,20
5.551113180318405,257.5240671299051,9,14,196,0,1,34,29
6.963759247807635,1057.6018811655947,9,33,1089,1,1,47,48
6.795302670400612,893.6396969578423,15,25,625,0,1,37,46
4.889582375867096,132.89806102280022,0,16,256,1,0,30,22
6.717253013603297,826.5438852919069,15,21,441,0,1,29,42
5.609459216805865,272.9965661241035,3,49,2401,1,1,23,58
6.8262876590826975,921.7625561349323,5,37,1369,0,0,39,48
6.014945440592029,409.5034960388247,18,14,196,1,0,24,38
5.943211677554159,381.15711961303475,1,30,900,0,0,20,37
6.472844140267231,647.3221864037298,17,33,1089,1,0,32,56
6.247044100848346,516.4838917982796,9,24,576,1,1,41,39
5.61969663628369,275.80570109989725,3,12,144,1,1,32,21
5.875713111709585,356.2786365710358,0,24,576,0,1,34,30
7.203973905264845,1344.7641254781176,14,42,1764,0,1,28,62
5.651885724555215,284.8280670038629,9,44,1936,1,1,22,59
7.879227694971615,2641.831471902917,17,14,196,0,1,21,37
6.677189170161932,794.0839373147312,15,9,81,0,0,31,30
6.50330028448599,667.3404159657266,12,16,256,0,1,43,34
7.719140348178375,2251.0236519927275,14,33,1089,0,1,37,53
6.237784901910379,511.72373631754186,1,43,1849,0,1,55,50
5.528682097078804,251.81182870081003,3,9,81,1,0,44,18
6.03512353605443,417.8504260429957,0,26,676,0,0,34,32
5.499689875067436,244.61605896093772,6,18,324,0,1,20,30
6.85029896271394,944.1631340547033,10,18,324,0,1,27,34
7.0445449526728385,1146.58696575295,9,26,676,0,1,56,41
5.146801656836173,171.8808762343351,0,19,361,1,0,26,25
6.946164245648832,1039.1561262060823,10,28,784,0,1,54,44
6.183783636012409,484.8228837096068,9,47,2209,1,0,57,62
7.041155687869775,1142.7074569612694,13,21,441,0,1,35,40
7.1636089034947785,1291.563660842337,13,44,1936,0,1,36,63
6.122756199850728,456.12012181213964,6,13,169,0,1,57,25
6.1938838962526415,489.74453414035986,10,9,81,0,0,49,25
5.358377447718102,212.38006896880256,3,34,1156,1,0,56,43
5.266083560760068,193.65603322086713,1,57,3249,0,0,37,64
6.0382908418848515,419.1759842496168,6,18,324,1,1,55,30
6.209096093042845,497.2515789247895,18,32,1024,1,1,31,56
6.791619738650748,890.3545361697849,13,35,1225,1,0,47,54
7.62076228957062,2040.1166969116694,18,21,441,0,1,30,45
6.962171363482912,1055.9238643175947,6,30,900,0,0,25,42
6.675702402465955,792.9041961866529,11,16,256,1,1,45,33
5.164633873705745,174.97338448605453,2,11,121,1,0,35,19
6.648634821168405,771.7300565291433,14,15,225,1,0,57,35
6.346981447842197,570.7672154678594,4,24,576,0,1,28,34
6.458132946171254,637.8690083324739,7,34,1156,1,1,37,47
6.571312613425913,714.3068367872983,13,37,1369,1,1,52,56
6.675993895252443,793.1353557292503,3,21,441,0,1,38,30
6.395121719700314,598.9162186890691,6,37,1369,1,1,28,49
6.787540578260218,886.7300346995665,6,34,1156,0,1,28,46
7.708146738788785,2226.4123088580895,17,40,1600,0,1,24,63
7.081791335247053,1190.0984755526865,13,28,784,1,1,42,47
6.717646068814021,826.8688265286532,7,22,484,0,0,53,35
7.137685458529094,1258.512136974285,11,13,169,0,1,57,30
6.645551010146117,769.3538526395805,9,45,2025,0,0,41,60
6.7813481483441365,881.255987424651,13,19,361,0,1,24,38
6.333505066714398,563.1269362251837,8,33,1089,0,0,20,47
5.95415526208957,385.35125233773135,5,27,729,1,1,45,38
6.390620680285062,596.2265309185944,4,24,576,0,0,37,34
5.620469771797593,276.0190187334479,0,51,2601,0,0,45,57
5.390239243392648,219.25583478941064,0,30,900,1,0,34,36
6.920331695279059,1012.6558319927705,16,10,100,0,1,21,32
6.592558908401997,729.6455792743577,10,10,100,0,1,34,26
6.405279447161649,605.0308492106192,11,10,100,0,0,30,27
6.362800415380007,579.8679558999438,2,53,2809,0,1,39,61
6.89170091141791,984.0738169044358,5,37,1369,0,1,36,48
6.383505476618719,591.9993143073475,10,24,576,0,1,24,40
7.118339956833096,1234.3995751000216,12,29,841,0,1,52,47
6.556312220376869,703.6719168816347,10,34,1156,1,1,44,50
6.263029672470406,524.8065258448822,7,13,169,0,1,26,26
6.6531120947895985,775.1930497531075,9,49,2401,1,1,53,64
5.2743736582602745,195.26813361979598,1,11,121,1,1,34,18
7.288053670003344,1462.7209871315004,13,42,1764,0,1,32,61
6.927498358250396,1019.9392628199288,15,31,961,1,0,51,52
6.803025605038107,900.5679366626504,16,6,36,0,0,58,28
6.996453838804346,1092.7512075559896,10,35,1225,0,1,33,51
5.728174327272268,307.40753021420363,1,26,676,0,0,39,33
5.7313418537735545,308.38279548672926,4,16,256,1,0,35,26
6.942295389496232,1035.1435476832883,15,28,784,0,0,49,49
7.091886036883519,1202.1730064390156,15,11,121,0,0,38,32
6.034884625600205,417.75060913203845,1,22,484,0,1,41,29
6.9951391268618215,1091.3154984719454,15,29,841,1,0,56,50
6.122583913692177,456.0415453975234,4,52,2704,0,0,29,62
6.65464314712802,776.3808199217841,7,18,324,0,1,27,31
7.009667897027209,1107.2867106229678,13,6,36,0,0,48,25
6.420734397541749,614.4542021218756,9,10,100,1,1,33,25
6.112025122799188,451.2516304378293,1,37,1369,0,1,30,44
6.325833781757563,558.8235563611121,2,21,441,0,1,49,29
6.159119867008689,473.0115784801372,17,0,0,1,0,52,18
6.216554203286474,500.9739998776867,1,53,2809,0,0,53,60
6.095343224569487,443.78633741501574,8,43,1849,1,1,58,57
6.285837952519816,536.9140106373183,1,52,2704,1,1,56,59
6.06035159533688,428.5260781461557,6,16,256,1,1,56,28
6.861600749602298,954.8943915508702,6,44,1936,0,1,24,56
6.907937480903565,1000.1822185212066,13,41,1681,0,0,24,60
6.224918031815839,505.18163193863774,4,38,1444,0,0,36,48
6.0541379517565685,425.8716252842356,7,21,441,1,0,38,34
7.319922103969976,1510.0863354511737,17,27,729,1,0,45,50
5.754440450637836,315.5889105366603,5,38,1444,0,0,21,49
6.890680707122371,983.0703725154737,13,27,729,1,1,33,46
7.197227238562063,1335.7219865763304,17,15,225,1,1,47,38
7.070032158047697,1176.1858574819148,16,16,256,0,1,23,38
6.481285242279325,652.8094256053369,8,43,1849,0,1,22,57
7.222740234284502,1370.238695975055,12,22,484,0,0,34,40
6.508789908392087,671.013937767845,15,2,4,0,1,41,23
5.649438179736173,284.1317899763512,9,24,576,1,0,38,39
6.6322486718138665,759.1874159984715,9,40,1600,1,1,53,55
5.875465673809505,356.1904906391313,3,45,2025,0,0,29,54
7.132639321740203,1252.1775087227745,11,45,2025,0,1,53,62
6.154702419211987,470.92668287407594,7,12,144,0,1,35,25
7.060431659765333,1164.94791840104,14,38,1444,1,1,56,58
6.578372561270131,719.3676493156024,18,28,784,1,0,55,52
7.510634478288763,1827.3726033206508,14,8,64,0,0,41,28
5.887096719840401,360.3575452566397,7,28,784,1,0,51,41
6.747228888050506,851.6953462417002,7,25,625,0,1,36,38
6.853624649293531,947.308351823944,18,0,0,0,1,28,19
6.34948078001616,572.1955365141748,8,43,1849,1,0,52,57
7.148797143941593,1272.5743104649523,16,14,196,0,1,52,36
6.4719610799248715,646.750814167398,7,43,1849,0,0,21,56
6.774859614421497,875.556438909072,11,28,784,0,1,33,45
7.16909728251777,1298.671739818501,14,14,196,0,1,56,34
5.6719611236407745,290.6038860758177,3,14,196,1,1,52,23
6.230335490883308,507.92585940964125,5,25,625,1,0,20,36
6.636494001533736,762.4172679408616,15,34,1156,1,0,41,55
6.082972481808864,438.33018868215265,4,35,1225,0,0,49,45
6.627886920085227,755.8832402100672,12,1,1,0,1,46,19
8.131669622667806,3400.4723338217536,14,35,1225,0,1,52,55
6.146024556941524,466.85772643684635,16,32,1024,1,0,35,54
6.525671841034954,682.4381095948498,4,11,121,0,1,29,21
7.595456745366334,1989.1381736922551,18,15,225,1,1,46,39
6.721351053675085,829.9380452064885,6,31,961,0,1,56,43
5.0721730260442035,159.52059338849298,2,52,2704,0,1,21,60
7.085654587421904,1194.705018465838,12,35,1225,0,1,49,53
6.150457817425278,468.93202289794453,13,11,121,1,0,38,30
6.471253470480782,646.2933290628,15,28,784,0,0,38,49
6.420869037548279,614.5369378093031,12,16,256,0,1,54,34
6.327069677166092,559.5146307884881,1,51,2601,0,1,30,58
7.283144491283292,1455.5578253947167,13,34,1156,0,0,51,53
6.004752572300166,405.35068133978814,6,51,2601,0,1,35,63
6.169765658533042,478.0740603846712,4,26,676,0,0,36,36
6.766125177661467,867.9422478063192,13,33,1089,0,1,48,52
6.157969912597683,472.4679493632652,8,49,2401,0,1,39,63
6.566643968363586,710.9797642043766,9,42,1764,0,0,55,57
6.101594911618155,446.56944119547023,6,33,1089,0,0,43,45
5.904262580780806,366.59679056859744,13,0,0,1,1,23,18
6.939393861553888,1032.1444029106437,13,40,1600,0,1,24,59
5.820852286767835,337.25937287431304,1,28,784,0,1,38,35
7.662261449670943,2126.5611058070654,16,35,1225,0,1,43,57
6.410995625807513,608.4992170921919,3,41,1681,0,1,20,50
5.876384376003719,356.51787398531235,12,11,121,1,0,54,29
6.978785449637404,1073.6136170060527,17,2,4,1,1,21,25
5.751160776730089,314.5555772455486,2,33,1089,1,1,29,41
6.872165681675954,965.0362657066084,18,9,81,0,0,25,33
6.308384071839291,549.156833448167,4,11,121,0,1,59,21
6.104580275601282,447.9046055052752,0,49,2401,0,0,57,55
6.5419230088016125,693.6191320652124,8,47,2209,0,0,39,61
6.791489066917017,890.2381996000242,7,31,961,0,1,38,44
5.4364991622579755,229.63685325511904,2,18,324,0,0,55,26
6.550597560381096,699.6621392982391,1,57,3249,1,1,48,64
6.237416104431482,511.53504868959556,0,27,729,0,0,43,33
5.551801212187021,257.7013128633906,11,12,144,1,0,28,29
6.847959526964693,941.956906735521,12,30,900,0,0,51,48
5.856586133862256,349.5288601713499,9,26,676,1,1,59,41
6.329180507223695,560.696918454012,16,9,81,0,1,24,31
6.4623533044102235,640.5667327346852,10,46,2116,1,1,40,62
6.298197374092407,543.5911349431481,4,32,1024,0,0,36,42
6.857503951687827,950.9903846230669,8,37,1369,0,0,43,51
6.179611912351492,482.8045495076893,12,2,4,0,1,46,20
7.196743396212738,1335.0758640356287,10,25,625,1,1,37,41
6.036250441347129,418.3215693167254,3,50,2500,1,0,41,59
5.99834454618461,402.76148825620663,10,10,100,0,1,25,26
6.5785843124486245,719.519992391959,8,29,841,1,1,47,43
6.371482997816776,584.9246279481047,6,25,625,0,1,39,37
6.849339986452943,943.2581380268452,15,36,1296,0,1,35,57
5.828744880787981,339.9317563301809,4,17,289,0,0,38,27
5.800886500183411,330.59250035678457,5,25,625,1,0,27,36
6.431709303783832,621.2349201922441,18,0,0,0,1,37,20
5.949767247372313,383.664029856941,0,35,1225,0,0,56,41
7.086100058711997,1195.2373438107209,15,1,1,0,1,50,22
7.289835422961538,1465.329517765825,17,0,0,0,0,57,20
6.99208200241879,1087.9843057163532,12,26,676,0,1,21,44
5.78339143000866,324.85906106415473,0,27,729,0,0,51,33
6.603012767694071,737.3131997777342,9,17,289,0,1,34,32
6.557765930900374,704.6955960386063,6,40,1600,0,1,30,52
5.957682399912527,386.7128391555671,4,19,361,0,0,24,29
7.1530172205190015,1277.9560191299768,12,40,1600,0,1,48,58
6.6639593606831555,783.6475460689716,15,40,1600,1,0,39,61
6.917963307079967,1010.2603077559638,13,24,576,0,1,39,43
6.481625942735189,653.0318759665505,10,48,2304,1,1,37,64
7.1223146174334175,1239.3156578644698,18,27,729,0,0,31,51
5.690310185651063,295.9854168320423,1,33,1089,0,1,36,40
6.716983358980031,826.3210339597027,7,35,1225,0,1,23,48
6.665122765338885,784.5597758157936,12,19,361,1,1,38,37
5.954452181638066,385.46568764578734,6,17,289,1,1,42,29
6.93326944617281,1025.8424394729373,11,23,529,0,1,46,40
6.264766617496933,525.7188780532742,7,8,64,0,1,33,21
6.863842279372571,957.0372164627042,15,19,361,1,1,23,40
6.61922123720449,749.3612951227162,17,0,0,0,1,23,18
6.83029669189638,925.4653498202144,18,18,324,1,0,43,42
6.330361208006296,561.3593247192778,3,10,100,0,0,42,19
5.66350138596942,288.15582301903135,11,30,900,1,1,55,47
6.324927078445564,558.3170988297937,15,0,0,0,1,30,20
7.540853000404969,1883.435911749819,16,16,256,0,1,52,38
6.618110313654568,748.5292742539225,3,33,1089,1,1,57,42
6.104974576766409,448.0812496362966,8,23,529,0,1,24,37
5.918103535737889,371.70611765051484,4,29,841,0,0,46,39
7.241562802625959,1396.2743679062946,16,16,256,0,0,56,38
6.893081180857931,985.4330417531006,16,28,784,0,1,46,50
6.140717123183216,464.3864737851299,1,48,2304,0,1,50,55
5.745445428866866,312.76291043629806,1,25,625,1,1,31,32
5.9477836877973145,382.90376366285284,6,51,2601,1,1,25,63
5.588505057844489,267.33566947492716,3,23,529,0,0,31,32
6.1812098140389,483.57664041043336,12,45,2025,1,0,33,63
6.2760734292187434,531.6968144398261,10,26,676,0,1,41,42
5.2317767391686365,187.12498061924845,2,30,900,1,0,30,38
6.033048266901764,416.9841731082912,1,34,1156,0,0,59,41
6.8300756593997765,925.2608145087318,15,1,1,1,1,58,22
6.121547792873456,455.5692759644817,2,15,225,1,1,57,23
6.784406927407419,883.9556815674483,14,40,1600,1,0,32,60
7.357907809759593,1568.5514196119343,16,39,1521,0,1,25,61
7.571140944763315,1941.3539961312147,15,43,1849,0,0,39,64
6.0568165452883465,427.0138914154582,6,28,784,0,1,21,40
6.815859307777473,912.2000396805853,15,0,0,0,1,30,21
6.341221484287182,567.4890671790079,4,34,1156,0,1,27,44
6.055280691871118,426.35856404333384,1,28,784,1,1,49,35
5.75673252202908,316.31309247119594,0,32,1024,1,1,46,38
6.371901417355753,585.1694230512225,12,27,729,0,0,23,45
6.801813111464099,899.4766655397954,15,31,961,0,0,26,52
5.489609716707102,242.1626763655692,4,29,841,1,0,43,39
5.6453136436963005,282.9622916454661,2,49,2401,1,1,51,57
7.111358897015104,1225.8121673064109,14,20,400,0,1,38,40
6.928994614937253,1021.466496043644,15,0,0,0,1,54,20
6.317795883452591,554.3497933573343,10,41,1681,1,1,22,57
6.118388595682697,454.13231380620186,18,3,9,1,1,37,27
6.8413377222604295,935.7400581543789,17,19,361,0,0,56,42
5.975458595261157,393.6485850790605,8,11,121,1,1,41,25
7.021871133104743,1120.881976159998,7,15,225,1,1,52,28
6.891742982338418,984.11521866666,18,0,0,0,1,57,22
6.502373501050146,666.7222224321524,4,52,2704,1,1,58,62
7.190649278852707,1326.9644959536686,16,32,1024,0,0,53,54
5.424349843239694,226.86380132268948,4,52,2704,1,0,42,62
7.330866238194861,1526.7036884077847,13,36,1296,0,1,54,55
6.185165945419995,485.4935223510364,6,34,1156,0,0,48,46
5.930416584606528,376.31124664884885,8,8,64,1,1,21,22
6.51327126505105,674.027738460285,16,4,16,1,1,33,26
4.916370671136042,136.5062868585296,2,11,121,1,1,27,19
5.961957415723367,388.36958143374403,7,5,25,0,0,20,18
6.828049078146861,923.3875970428038,12,39,1521,0,1,47,57
6.747841549634952,852.2173071383623,15,26,676,1,1,22,47
6.149143584047664,468.3161415761612,9,13,169,1,1,26,28
7.5928142305545085,1983.8887854532481,17,22,484,1,1,53,45
6.21663551775387,501.0147379679416,2,53,2809,0,1,51,61
6.474552339813039,648.4288868320131,11,12,144,0,0,28,29
6.836311406925545,931.0485339677514,15,35,1225,0,0,54,56
7.162866736152977,1290.605460090037,17,20,400,1,0,38,43
6.528524745087948,684.3878198894306,16,8,64,1,0,34,30
6.257868554890793,522.1049153201625,6,13,169,0,1,50,25
7.829024076088663,2512.476190962657,18,21,441,0,1,35,45
7.091862366973546,1202.1445514489455,7,34,1156,0,1,56,47
6.287922964044901,538.0346504049149,16,4,16,1,1,26,26
6.054818293036082,426.1614619134218,6,44,1936,0,1,54,56
5.785135264252177,325.42605564775675,0,42,1764,1,0,48,48
6.289955379657911,539.1292724153733,7,25,625,0,1,21,38
8.158887073149485,3494.2955435981826,18,40,1600,0,0,53,64
7.14260294485573,1264.7160946364147,9,36,1296,0,1,54,51
6.366061574314142,581.7620843131484,11,31,961,1,1,50,48
6.2806810636475925,534.1523317064193,0,36,1296,0,1,31,42
5.415106429896906,224.77646734184924,3,20,400,1,1,20,29
5.844530025124909,345.3402024178627,3,9,81,1,1,48,18
6.4302758007859735,620.3450160642824,8,25,625,0,1,20,39
6.721864132793287,830.363978346241,14,37,1369,0,1,20,57
6.137060937368694,462.6916906561829,14,34,1156,1,1,34,54
6.22406124555982,504.74898462920066,6,52,2704,0,0,22,64
6.445560721722153,629.8997764449199,11,1,1,0,1,33,18
5.2120217467498735,183.46460245790797,2,10,100,1,0,29,18
5.781101906969577,324.11613955188056,8,45,2025,1,1,22,59
7.5602956310751575,1920.413163270155,13,40,1600,0,1,39,59
6.6490887558869805,772.0804511172879,12,20,400,0,0,55,38
6.010555591348114,407.7097773841266,11,15,225,1,0,46,32
5.755015941991241,315.77058149592364,0,28,784,0,0,55,34
7.357555133361473,1567.9983260842487,18,15,225,0,1,30,39
7.045974252062948,1148.2269535413868,15,34,1156,0,1,22,55
7.81205086084777,2470.191262532346,11,35,1225,0,1,43,52
7.073373875088357,1180.1229124028234,9,47,2209,1,1,58,62
4.9888977711307,146.77455515213478,1,26,676,1,0,29,33
6.675874708483367,793.0408301219741,17,2,4,1,1,45,25
7.182851605379255,1316.6574976323184,12,46,2116,1,1,51,64
6.33656648323369,564.8535439143332,5,23,529,0,1,27,34
6.118521004971331,454.19244912396806,11,17,289,0,0,32,34
6.12399650461303,456.6862007540394,3,34,1156,1,1,22,43
5.691326902485059,296.286503221817,0,24,576,0,0,34,30
6.621822303077129,751.3129703312806,10,18,324,0,1,40,34
6.55301847124089,701.3580109181986,7,42,1764,0,0,48,55
6.224073871860064,504.7553577816628,1,27,729,0,1,46,34
5.617573411461755,275.22072482712207,1,24,576,0,0,49,31
6.692301962848048,806.1759047874876,15,41,1681,0,1,33,62
6.38742909763243,594.3266580787813,0,17,289,0,0,34,23
5.976781802694702,394.1698085803972,3,43,1849,0,1,33,52
6.342059444394796,567.9647996734,5,52,2704,0,1,44,63
7.1083829842853925,1222.1696798240941,13,12,144,0,1,46,31
6.550604391055739,699.6669184789951,14,44,1936,1,0,21,64
5.9159528401880985,370.9075500032106,6,13,169,1,1,36,25
6.145482820614723,466.60488114091265,6,20,400,1,1,34,32
7.232912330448373,1384.248027092583,17,21,441,1,1,46,44
5.558182920014598,259.35114612651046,1,23,529,1,1,29,30
6.555360199585557,703.0023253695953,14,28,784,0,0,28,48
5.582944364412133,265.853223307706,0,46,2116,0,1,22,52
7.226424094823729,1375.2957733012229,16,1,1,1,1,43,23
6.236155628852531,510.8906774453682,12,4,16,1,1,20,22
6.835307863947294,930.1146554210821,11,22,484,0,1,57,39
6.659802376506629,780.3966971650774,14,20,400,1,1,25,40
6.200467091349529,492.97925366880514,4,32,1024,0,1,24,42
6.650118868511253,772.8761907172764,6,39,1521,0,1,23,51
7.110302601171969,1224.518030625548,7,30,900,0,1,22,43
6.851816192638279,945.5967338904233,13,45,2025,0,0,49,64
6.103440106045802,447.39420933469887,3,13,169,0,1,55,22
6.549798101217048,699.1030115189332,13,24,576,1,0,42,43
6.430453004038062,620.454952958846,9,22,484,0,1,26,37
6.494321893481514,661.3755901168809,15,2,4,0,0,51,23
6.816537760620548,912.8191343804918,10,7,49,0,1,29,23
6.438440736373342,625.4308275698004,13,16,256,1,1,56,35
6.299865881619935,544.4988779211039,13,2,4,1,1,52,21
6.569198781758544,712.7985071146295,1,27,729,0,0,45,34
6.580399523303097,720.8272590154885,12,13,169,0,1,50,31
6.1262377168848765,457.7108793037065,2,23,529,0,1,49,31
6.769421816563514,870.8082614956676,17,7,49,1,1,42,30
5.8297064422091465,340.2587787937925,3,15,225,0,0,48,24
7.106925184767941,1220.3892994887017,18,37,1369,0,0,27,61
6.261159969622632,523.8262103239217,15,11,121,0,1,35,32
6.02817819686255,414.95836789059,3,27,729,0,0,28,36
7.186777262441961,1321.8364020875767,18,36,1296,1,1,23,60
6.769174888024962,870.5932606303141,14,44,1936,0,0,38,64
6.30079361726801,545.0042633362724,0,55,3025,0,1,58,61
6.7221892513653145,830.6339889875029,15,31,961,1,1,32,52
7.083304619080984,1191.9007957035528,14,14,196,1,1,31,34
6.16621812414004,476.3810809399697,15,31,961,0,0,28,52
5.465419657967369,236.37503096246726,0,30,900,1,0,31,36
7.147772197442091,1271.2706580811844,16,15,225,1,0,43,37
6.493046978604721,660.5329298121117,4,43,1849,0,1,32,53
6.205715874704983,495.57359758851885,4,42,1764,0,1,54,52
6.400143436161737,601.9313704057304,6,37,1369,0,1,51,49
6.723273626937244,831.5351967298974,12,43,1849,0,0,57,61
7.045460315571829,1147.636989424906,11,40,1600,0,0,33,57
6.507797550581008,670.3483821346426,3,32,1024,1,1,21,41
5.852507719791627,348.1062397394543,3,25,625,1,1,40,34
6.549032117698496,698.567715174601,5,13,169,0,0,50,24
7.634111196074014,2067.532603028787,14,40,1600,0,1,54,60
7.007558206785373,1104.9531410746238,18,0,0,0,1,35,18
6.223537767431655,504.4848287214861,5,41,1681,1,1,59,52
6.3985222308853595,600.9563066947919,11,32,1024,1,0,45,49
7.449461641642958,1718.937491867648,13,34,1156,0,0,57,53
6.040405812588838,420.0634673456768,17,7,49,1,0,22,30
6.874836872842976,967.6175080164289,11,6,36,0,0,56,23
6.557785341258737,704.7092745654139,14,11,121,1,1,55,31
7.403720899813533,1642.0831033964091,18,30,900,0,0,57,54
6.114995879291952,452.59418235886193,7,19,361,0,0,21,32
6.177890061385208,481.9739473193955,8,50,2500,0,1,41,64
5.5704162492344755,262.54335997145824,4,11,121,1,1,22,21
6.4329443217407665,622.0026304445493,4,47,2209,1,0,59,57
5.6994202025169525,298.69416862490544,5,22,484,1,0,45,33
6.377613287642259,588.5213988033621,2,37,1369,0,0,46,45
6.033338667971981,417.1052833428454,4,23,529,0,0,57,33
6.271622564951499,529.3355627907929,0,15,225,0,1,27,21
7.6320737606029345,2063.324427164878,10,46,2116,1,0,42,62
5.177162823012799,177.17940787055224,0,37,1369,1,1,25,43
5.997956201528779,402.60510835128326,6,33,1089,1,1,44,45
7.073863680828922,1180.7010849644523,14,29,841,1,1,35,49
7.079193860606239,1187.0112361911104,16,40,1600,1,1,45,62
5.630581807612748,278.8242925471884,7,6,36,1,1,34,19
5.784521139622995,325.22626484651096,1,41,1681,0,0,51,48
6.322552412978973,556.9928554356122,12,2,4,1,1,59,20
5.9476604014226995,382.85655975586343,11,8,64,1,0,38,25
6.158127611894055,472.54246310166553,4,31,961,0,1,33,41
6.426908556114864,618.2596755109805,12,14,196,1,1,54,32
5.802519994571937,331.13296265189274,5,49,2401,0,1,45,60
7.1983986204109796,1337.287543820261,14,28,784,0,0,56,48
6.409294797373681,607.4651439615704,10,10,100,1,1,32,26
5.922332196974755,373.28126493668947,3,47,2209,0,0,27,56
5.8751722308449885,356.08598437968874,0,56,3136,0,0,33,62
6.228653239726655,507.07211884951585,14,0,0,1,0,45,19
6.681809582667039,797.7614218743208,11,8,64,0,1,49,25
6.697436450847185,810.3258501009484,8,10,100,0,1,59,24
6.123232641523235,456.33748822293643,10,45,2025,1,0,32,61
6.275235126532828,531.2512783453326,4,46,2116,0,1,55,56
5.722342443818321,305.619982775627,6,47,2209,0,1,30,59
6.493440845165292,660.7931428865709,7,20,400,0,1,21,33
5.738697097259475,310.6593882177756,0,46,2116,0,0,49,52
5.512069666840372,247.66317726375038,0,41,1681,0,1,43,47
5.97860082836063,394.8874660997772,2,19,361,1,1,37,27
5.553346973269964,258.09996555536884,7,42,1764,0,0,42,55
6.374889323233563,586.920468887228,10,19,361,0,0,25,35
5.860259439978157,350.8151476886616,0,16,256,1,1,30,22
6.873900859608583,966.7122289657763,13,27,729,1,1,26,46
5.505416942985414,246.0210110322829,0,50,2500,0,1,52,56
6.252013995595734,519.0571514975769,5,40,1600,0,1,29,51
6.151612401196911,469.47375688003336,5,49,2401,1,1,40,60
5.626159140595486,277.59386842860084,2,54,2916,1,1,28,62
7.169845500735498,1299.643793281788,9,25,625,1,1,49,40
7.152247430420219,1276.9726397861723,11,5,25,0,1,44,22
6.8422353070513,936.5803412550366,9,32,1024,0,1,44,47
6.181415869421241,483.6762942467163,1,16,256,0,0,43,23
6.352391778574305,573.8636236175861,12,45,2025,1,1,31,63
6.8970308560750215,989.3328786911021,15,40,1600,1,1,26,61
6.656058331193919,777.4803195008479,12,3,9,0,1,53,21
6.645534000686061,769.3407664572496,3,37,1369,0,1,22,46
5.995362988767133,401.56242018684844,3,31,961,1,0,25,40
6.581306020187855,721.480982934817,10,7,49,0,0,46,23
7.419169642918917,1667.6481891871667,13,30,900,0,1,38,49
5.127406589352009,168.5793551460963,2,51,2601,1,0,27,59
7.049155929883815,1151.8860597345183,18,11,121,0,0,55,35
6.104014341677975,447.65119280879884,0,26,676,0,1,58,32
6.9099228085840725,1002.1698803923855,4,47,2209,0,1,55,57
6.671288070428919,789.4117678315287,16,27,729,1,0,37,49
5.500407828915997,244.791745061598,0,20,400,0,0,26,26
6.671965729261543,789.9469009869528,18,30,900,1,1,20,54
6.8589109125688905,952.3293325953339,18,3,9,0,1,24,27
5.2658860087531885,193.61777986149843,3,28,784,1,0,33,37
7.136629446851792,1257.1838349362847,18,0,0,0,1,20,23
5.980422891987835,395.60763208347794,5,9,81,0,0,31,20
6.858896469122544,952.315577777048,14,39,1521,1,1,38,59
5.8373471895739035,342.8685678337281,3,19,361,0,1,21,28
5.377812776616755,216.54811796262618,0,54,2916,1,1,33,60
6.885673993641301,978.1607216919638,16,12,144,0,0,22,34
6.695038255691744,808.3848589409805,10,33,1089,0,1,54,49
6.276582377525911,531.9674895074278,16,0,0,0,0,32,21
5.547631012007414,256.62888447690557,0,15,225,1,1,22,21
6.415782169510144,611.4188069859051,8,20,400,0,1,33,34
5.9924959751305185,400.41278405093846,13,39,1521,1,1,53,58
6.870868690384384,963.7854334085813,14,16,256,0,0,28,36
5.453178581113271,233.49918368643534,0,16,256,0,0,29,22
5.497219868455584,244.01260125700287,1,42,1764,0,1,27,49
7.343100786764522,1545.4969479377917,17,16,256,0,1,48,39
7.203415184647607,1344.012987893459,17,0,0,0,0,58,23
6.6439266343152505,768.1051472939296,5,41,1681,1,1,52,52
6.652405078598165,774.6451694184018,7,26,676,0,1,42,39
5.60865715044871,272.7776925500953,0,12,144,0,1,27,18
6.744715776868874,849.557628430088,14,17,289,1,0,59,37
6.8216580180518775,917.5049894915588,9,24,576,0,0,57,39
6.432089937293709,621.4714280289231,3,19,361,0,1,42,28
7.048724020762327,1151.3886570625118,9,15,225,0,1,55,30
7.072709022254042,1179.3385651063263,10,43,1849,0,0,39,59
6.662073565904407,782.1711401550332,4,10,100,0,1,31,20
7.616738998596868,2031.9252032503894,8,12,144,0,1,55,26
6.124275888579127,456.81380938114,4,19,361,0,1,28,29
6.5108878921832485,672.4231919121947,10,24,576,1,1,52,40
5.6424333215247175,282.14844172076783,2,23,529,1,0,25,31
6.2602188408215715,523.3334543004487,3,41,1681,1,1,51,50
6.482785295604785,653.7894093853115,9,20,400,0,1,20,35
6.4500378030316154,632.7262113291251,6,46,2116,0,1,43,58
6.1986197240214445,492.0693805958133,0,20,400,0,0,48,26
6.531979000728733,686.7559580994586,5,29,841,0,0,27,40
6.5815530768887,721.6592516665195,7,14,196,0,1,32,27
7.210961742184288,1354.1940268167345,16,14,196,0,0,44,36
6.453635326521045,635.006558077869,6,52,2704,0,1,48,64
5.786798898122827,325.9678960433717,0,16,256,1,0,43,22
6.861205326180376,954.5168785866423,8,50,2500,0,1,46,64
6.866818819381358,959.8901198115391,10,24,576,1,1,45,40
7.13014053377237,1249.0524886377182,18,23,529,1,1,39,47
5.87955820299226,357.6511975708081,1,35,1225,0,1,23,42
6.759275469734016,862.0174117744684,10,29,841,0,0,41,45
6.118392605898876,454.1341349786056,2,43,1849,1,0,26,51
6.645628835125692,769.4137299173916,16,40,1600,1,1,37,62
6.734790699853994,841.1674091999603,9,49,2401,0,1,29,64
5.942607075850164,380.9267410196897,2,34,1156,0,0,50,42
6.157777992042896,472.37728175307154,2,19,361,0,1,45,27
6.031542497712858,416.3567636736073,6,19,361,0,1,45,31
6.4398636856682145,626.3214174067017,1,52,2704,1,0,44,59
5.7667271903356445,319.4903884720934,0,57,3249,0,1,37,63
6.116174635156497,453.12799496113485,6,35,1225,0,0,43,47
7.399234589714864,1634.732709787757,10,42,1764,0,1,34,58
5.92423688351596,373.99292626883005,5,31,961,1,1,27,42
5.893612748616024,362.7133121783562,3,22,484,1,0,44,31
7.097527568486868,1208.9742701811324,18,28,784,1,1,54,52
6.528245244866547,684.196560072073,18,27,729,1,1,43,51
6.720877758428252,829.545332416406,13,8,64,1,1,59,27
6.345167164678822,569.7326209261499,2,44,1936,1,1,57,52
6.761026334349673,863.528009599066,3,19,361,0,1,40,28
6.2339330758579,509.75645673999196,7,15,225,0,0,20,28
6.958647401504612,1052.2093774669445,17,15,225,1,1,45,38
5.7674923575280115,319.73494558723746,3,29,841,0,0,29,38
6.556257075397767,703.633113978386,10,23,529,1,0,45,39
7.65811516032795,2117.7620225353726,15,41,1681,0,1,21,62
5.48269614853125,240.49424225492035,2,16,256,1,0,59,24
5.658286152345821,286.65693500488203,6,22,484,0,1,33,34
6.593141466331595,730.0707639276811,1,12,144,0,1,52,19
5.663625815546025,288.19168035689626,0,23,529,1,1,58,29
5.115708439199767,166.61877845544126,0,53,2809,0,1,20,59
6.047110819370889,422.88945930338014,5,24,576,1,0,49,35
7.077657097812846,1185.1884824168076,18,4,16,0,1,56,28
5.35546547235497,211.76252301602378,6,21,441,1,0,37,33
6.069644241832893,432.5267792658814,4,25,625,1,0,49,35
7.5813079769671035,1961.192483107483,17,29,841,0,1,46,52
6.759681409795062,862.3674102096141,12,25,625,1,0,49,43
6.315667180412738,553.1710023601905,0,27,729,0,0,55,33
6.338589316158511,565.9973046891331,9,8,64,0,0,40,23
6.616947898372557,747.65967790046,8,47,2209,1,1,35,61
6.4753691481607225,648.9587453266181,16,38,1444,1,1,36,60
5.067902073510821,158.8407413473658,0,58,3364,0,1,37,64
5.706672039410889,300.8681230712823,0,58,3364,0,1,53,64
6.161407216281676,474.0947595046885,6,47,2209,1,1,40,59
5.864165989095378,352.1883047005022,3,20,400,0,0,31,29
6.445236403911523,629.6955218519989,11,13,169,1,0,50,30
6.670247154937545,788.590484410793,15,0,0,1,1,29,21
7.10934656792547,1223.3479101035168,13,37,1369,0,1,23,56
6.139628247999393,463.8810900779445,9,4,16,0,0,34,19
6.939136204389602,1031.8784977683097,13,24,576,0,1,47,43
6.515318559422583,675.4090851846958,6,32,1024,1,1,26,44
6.093248045532225,442.8574989650478,3,35,1225,1,1,30,44
5.741101086306494,311.40710837984483,1,25,625,1,1,48,32
6.714667187188476,824.4093472421287,17,2,4,0,1,53,25
6.911967184395458,1004.2207879533538,15,3,9,1,1,49,24
6.904057843032076,996.3093911493951,8,50,2500,0,1,46,64
6.489626423602492,658.2774003753321,4,53,2809,1,1,44,63
6.588658810450324,726.8054320713939,8,43,1849,0,1,57,57
5.589210664111966,267.52436976505334,7,16,256,1,1,59,29
6.512406168962161,673.4448918454536,15,9,81,1,0,42,30
7.041524500774973,1143.1289799450428,17,37,1369,0,1,48,60
6.1716253606911025,478.9639629668808,3,25,625,1,1,30,34
6.692077874484643,805.9952703881568,15,13,169,0,0,23,34
7.008379891050511,1105.8614367994082,3,44,1936,0,1,55,53
6.598963620923955,734.3337466087021,5,27,729,0,1,50,38
5.05629304899814,157.0074174282354,2,17,289,1,0,29,25
6.643546707914714,767.8133792987765,17,0,0,1,1,35,22
6.71834555658155,827.4474134918213,14,23,529,1,0,49,43
6.145734816977928,466.7224786904689,7,20,400,1,0,54,33
7.557432502595792,1914.9226374413986,17,30,900,0,1,36,53
6.1309795804251035,459.88643585388803,2,37,1369,0,1,24,45
6.049041792648519,423.70683646143465,5,35,1225,0,1,22,46
7.416145769434984,1662.6130486979584,14,44,1936,1,1,35,64
6.550268352614848,699.431842997978,11,12,144,1,0,23,29
6.216647284995542,501.02063356413174,4,44,1936,0,1,28,54
6.03804418606392,419.0726048032022,6,35,1225,1,1,23,47
6.305989846723186,547.8436010791269,14,20,400,1,1,40,40
6.569901341802888,713.2994668219275,6,21,441,0,1,29,33
6.527941694646026,683.9889035740662,12,13,169,0,1,50,31
5.781816366353304,324.347790111805,2,19,361,1,1,36,27
6.6513455038328235,773.8248096378046,12,6,36,0,0,35,24
7.071470218577292,1177.8785007090337,2,54,2916,1,1,58,62
5.919782524326823,372.3307321941002,1,47,2209,0,1,25,54
6.775606805661853,876.2108914808281,3,37,1369,0,1,49,46
6.396770980385157,599.9048026543176,16,0,0,0,1,34,20
6.054023834672525,425.82302882907686,5,21,441,1,1,50,32
6.831990274263222,927.0340295870462,10,37,1369,0,1,49,53
6.258220023823269,522.2884512290863,5,53,2809,1,1,56,64
5.398447090691597,221.06285894519772,1,56,3136,0,1,35,63
7.252917681183627,1412.2192485603491,16,14,196,0,1,55,36
4.949063428489056,141.042805369837,2,22,484,1,0,21,30
7.45607170886839,1730.3374198824342,11,42,1764,0,1,47,59
6.539648533486533,692.0433052402141,13,19,361,1,0,59,38
5.8012990811598675,330.72892467449475,1,47,2209,0,1,36,54
5.795884615334233,328.9430433739027,4,34,1156,1,0,57,44
6.545232186620869,695.9182430976065,9,31,961,1,1,55,46
6.687743735151307,802.5095338747086,9,22,484,1,1,51,37
6.259727292369041,523.0762737643554,8,28,784,0,0,44,42
6.054700873025323,426.1114249677057,12,5,25,1,0,32,23
6.71373450652812,823.6407950503358,9,38,1444,0,0,33,53
6.1633515225846285,475.0174416314577,5,8,64,0,1,44,19
6.6034512529337706,737.6365716245824,10,23,529,0,1,54,39
6.612257872199033,744.1613444923851,3,40,1600,0,1,48,49
6.488311076663584,657.4121064174321,13,14,196,1,0,34,33
6.868811288401717,961.804577753927,16,13,169,1,0,34,35
6.301437694943839,545.3554014835014,1,15,225,0,1,59,22
5.940279551820241,380.0411558864603,9,38,1444,1,0,36,53
6.304949448258522,547.2739218357799,2,39,1521,0,1,44,47
6.273841980482561,530.5116830269753,6,50,2500,1,1,42,62
5.8592454404176575,350.4596015753542,6,24,576,1,1,51,36
5.329053231268158,206.24261763063,0,34,1156,1,1,50,40
6.896850510836871,989.154473305249,7,38,1444,0,1,42,51
5.9478998393633775,382.9482411176667,0,24,576,1,1,57,30
6.347044409222162,570.8031528907073,7,47,2209,0,1,36,60
7.143188469736051,1265.4568342159312,13,27,729,1,1,48,46
7.126241001414914,1244.1912524761062,13,34,1156,0,0,21,53
5.5330075244363055,252.90338148790812,1,32,1024,1,1,30,39
7.158460165613139,1284.9308281065448,7,51,2601,0,1,35,64
6.623994546703114,752.9467790150056,18,29,841,1,1,36,53
6.137217153101198,462.76397602347123,9,11,121,1,0,40,26
6.161109372503375,473.9535743568479,6,44,1936,1,1,40,56
6.633881187765252,760.4278137742748,12,18,324,1,0,25,36
6.9695225756859935,1063.7147859884274,14,35,1225,1,1,42,55
6.158386126178384,472.6646378696105,10,7,49,1,1,51,23
7.941561784321786,2811.748425526318,13,45,2025,0,1,58,64
6.4763863562017345,649.6192072372836,10,16,256,1,1,57,32
6.295243524775657,541.9878177850261,1,30,900,0,1,48,37
5.306813085563042,201.70638201056488,1,19,361,1,1,50,26
6.055753985778892,426.5604047154349,11,32,1024,1,1,44,49
6.152905821055314,470.08137642906746,14,1,1,0,1,21,21
6.501262866506765,665.9821487528499,16,13,169,1,0,41,35
6.855939969565868,949.5042151375503,13,3,9,1,0,56,22
7.071823930775448,1178.295204394924,15,16,256,0,1,34,37
6.795082430917238,893.4429038842595,7,27,729,0,1,25,40
6.9886470166480175,1084.2535063970283,16,6,36,0,1,52,28
6.577349645601722,718.6321731049719,4,44,1936,1,1,30,54
6.806964372044177,904.1220587729009,11,22,484,0,0,31,39
5.966088284125548,389.97720321702326,5,10,100,1,1,43,21
7.5607999897047184,1921.381984517514,17,23,529,0,1,22,46
6.380053337908867,589.9591740079453,4,51,2601,0,1,49,61
6.234290898962694,509.9388920158635,5,40,1600,1,1,38,51
6.390072339030476,595.8996849343708,8,16,256,0,0,26,30
6.923479425425846,1015.8484213522714,14,39,1521,1,1,31,59
5.9500717037455795,383.78085659944463,9,11,121,0,0,48,26
7.061171155092477,1165.8097105494244,16,37,1369,0,0,27,59
7.648106422917974,2096.671618771897,18,24,576,0,0,40,48
6.252843303187436,519.4877880742517,11,7,49,1,1,32,24
6.547867044945625,697.754306895537,8,7,49,0,1,46,21
7.183210681451837,1317.1303627276943,14,16,256,0,1,23,36
7.298807132515175,1478.5351786981832,13,40,1600,0,0,51,59
5.747356756548967,313.3612744976863,0,41,1681,0,1,43,47
6.1283448307738375,458.67634507056266,16,26,676,1,0,28,48
6.014587195047529,409.35681951058683,0,46,2116,1,0,29,52
6.515142276739314,675.2900327526048,12,20,400,0,0,30,38
6.622673980319686,751.9531190515036,7,35,1225,0,1,52,48
6.383695928671168,592.1120725289821,12,18,324,1,1,26,36
7.666576668891967,2135.7575111474625,15,27,729,0,1,30,48
6.202171953175011,493.8204320218269,1,42,1764,0,1,47,49
6.503664213771711,667.5833248847957,12,1,1,0,0,57,19
6.7533187792161575,856.8979036319196,17,4,16,0,0,49,27
5.44698054717733,232.0564235786949,2,11,121,0,1,27,19
5.9789058718758294,395.0079423348574,12,1,1,0,1,46,19
7.46803299750042,1751.158761987695,18,17,289,0,1,41,41
6.678171754630912,794.864575317185,12,16,256,0,1,51,34
6.858177309205473,951.6309567906012,18,25,625,1,1,33,49
5.929318131163426,375.89811320975446,3,24,576,1,1,45,33
6.650617747506704,773.2618586077155,18,9,81,1,0,30,33
5.6890348575240015,295.60817890695495,17,40,1600,1,0,26,63
7.122770700748287,1239.8810179737345,5,45,2025,0,1,49,56
7.400367616604175,1636.5859555951895,18,24,576,0,1,21,48
6.315174506513747,552.8985365695523,3,51,2601,1,1,54,60
5.790710579570195,327.2454757280904,3,32,1024,0,0,45,41
6.16486422539395,475.73654560806796,6,6,36,0,1,44,18
6.30561887681001,547.6404052780954,6,16,256,0,1,20,28
7.522398169632136,1848.9961878189551,15,17,289,0,1,48,38
6.632358714679063,759.2709637537816,15,0,0,1,1,43,21
6.040996263897829,420.31156760818476,4,14,196,1,0,57,24
6.1905787815075,488.1285442462936,14,23,529,1,0,20,43
5.277584331053321,195.8960832346994,3,55,3025,1,0,44,64
6.6668934205379715,785.9501912717426,12,11,121,0,0,53,29
7.560527583372081,1920.8586591793198,18,24,576,1,1,24,48
5.9116917165269545,369.33042960465514,6,22,484,0,1,31,34
5.724019193708366,306.1328609121585,11,33,1089,1,0,27,50
7.1483513491205075,1272.007129860382,8,14,196,0,1,33,28
6.943960970800009,1036.869100048,16,23,529,1,1,39,45
5.399987652251415,221.4036823503032,1,42,1764,1,0,59,49
6.653105674775389,775.1880730186886,15,0,0,0,1,28,18
6.160869635404892,473.8399637210021,6,52,2704,0,1,24,64
7.751890738303297,2325.966052800349,17,22,484,0,1,20,45
6.906380083309982,998.6257494761095,6,47,2209,0,1,30,59
5.860336549033207,350.8421997561632,0,18,324,0,1,23,24
6.191774003935882,488.7123152289003,2,11,121,1,1,57,19
6.783827356470233,883.4435149774234,10,43,1849,0,1,36,59
7.401530784408872,1638.4906872348654,14,21,441,0,0,23,41
5.74471322772845,312.5339888957562,2,13,169,1,0,51,21
6.628488470910524,756.3380791877091,12,43,1849,0,1,24,61
6.540479429424823,692.6185601670545,3,27,729,0,0,41,36
6.3773728767901305,588.3799288785142,7,30,900,1,1,33,43
5.700487252937886,299.0130604698482,3,19,361,1,0,40,28
7.016695082226427,1115.0952232063053,17,34,1156,0,0,37,57
6.178513003327187,482.2742826421445,6,48,2304,0,1,22,60
6.78907726951911,888.093712500413,10,12,144,0,0,30,28
6.176938881323674,481.51572127281446,3,53,2809,0,0,58,62
6.7439503428116385,848.907596897577,12,2,4,0,1,55,20
5.693348771433552,296.88616171369955,8,15,225,1,1,46,29
6.193069249880018,489.345727997155,8,6,36,1,1,57,20
7.6273127180035845,2053.524199833008,18,35,1225,0,1,44,59
6.357829366868745,576.9925569560987,2,36,1296,1,1,58,44
6.527278444690533,683.5353983744894,11,2,4,0,1,54,19
6.840677889113665,935.1228295036087,10,17,289,0,1,34,33
6.3519040631455725,573.5838097146845,10,3,9,1,1,40,19
6.284055241529717,535.9577007951171,16,25,625,1,0,22,47
7.481879457847887,1775.5747598265411,13,18,324,0,0,43,37
6.608654737552916,741.484855740064,15,34,1156,0,0,24,55
6.0898515435516325,441.3558841551111,9,30,900,1,1,56,45
6.446838913176148,630.7054237320968,3,33,1089,0,0,52,42
6.6946531107517915,808.0735735518697,9,34,1156,0,0,43,49
6.513393611807808,674.1102086129254,11,10,100,0,0,25,27
5.863615272235938,351.99440206103316,8,45,2025,1,0,26,59
7.442864098879321,1707.6340567063519,14,37,1369,0,0,38,57
6.728911255038783,836.2363220693046,8,36,1296,1,1,40,50
7.351669713284274,1558.7971003536757,6,18,324,0,1,25,30
7.078046260862142,1185.6498037393997,11,41,1681,0,1,59,58
6.46824405874717,644.3512899982196,13,40,1600,1,1,22,59
6.753260204884693,856.8477128800404,15,43,1849,0,0,33,64
7.249458801551912,1407.3429902228756,18,30,900,0,1,39,54
5.980534157739732,395.6516521130335,2,25,625,0,0,33,33
6.0008438293543,403.7693622217909,10,46,2116,0,0,21,62
6.545528988945386,696.1248239051469,18,15,225,1,1,44,39
6.456619389015031,636.9042873944885,7,24,576,0,1,23,37
6.936123669310063,1028.7746052359425,7,47,2209,1,1,52,60
4.972989034795628,144.4580327820957,2,36,1296,1,0,21,44
6.7649617855095645,866.9330777510025,9,43,1849,0,0,42,58
6.505861327204133,669.0516936708635,12,15,225,0,0,40,33
6.014941788057927,409.5020003160722,8,37,1369,0,1,34,51
6.331605281793762,562.058131734126,5,38,1444,0,1,43,49
7.124547009750528,1242.0853870283515,14,23,529,1,1,39,43
7.700013787444347,2208.3784395721436,15,21,441,0,1,57,42
5.039784896864341,154.43679161465155,4,9,81,1,0,44,19
6.8345254165668266,929.3871742903808,12,11,121,0,1,41,29
7.826961887883174,2507.30033082819,18,33,1089,0,1,23,57
6.508264946604423,670.6617735359969,1,19,361,0,1,35,26
6.130417740338062,459.6281257900082,5,18,324,0,1,26,29
5.8134953181272,334.7872709825605,0,37,1369,1,1,43,43
6.81656175176336,912.8410342174062,14,6,36,1,1,53,26
7.350049053951225,1556.272867298088,14,7,49,0,1,58,27
6.424793174983526,616.9532029899849,13,30,900,1,0,48,49
6.390893939410117,596.3894775210767,6,39,1521,1,1,45,51
5.967529712401568,390.53973271030424,4,27,729,1,1,33,37
6.949015529928969,1042.1232838280787,15,35,1225,1,0,39,56
5.882322442002918,358.64119863273544,16,0,0,1,0,26,19
5.997094854656762,402.2584750077511,10,2,4,0,1,37,18
6.211511294065192,498.4539928978079,14,33,1089,0,0,29,53
7.248242590739388,1405.6324048882814,15,20,400,0,0,49,41
5.461186415235915,235.3765130562307,2,36,1296,1,1,22,44
5.349488074041823,210.50050960414788,5,8,64,1,0,20,19
6.81776175412764,913.9371031277923,12,30,900,1,1,49,48
5.173884587676517,176.5995230935197,0,25,625,1,0,21,31
6.667607739573769,786.5118110185139,13,0,0,0,1,34,19
6.508178102251253,670.603532877051,1,39,1521,1,0,30,46
6.639132020943715,764.431194713217,1,25,625,1,1,51,32
6.018619708370789,411.01088912668877,14,9,81,1,1,25,29
6.628635134889706,756.4490148749454,17,31,961,1,1,25,54
6.517255472755351,676.7185618088392,8,31,961,0,1,47,45
5.701006038255073,299.1682243001457,2,29,841,0,1,44,37
6.131313234561712,460.0399044668758,3,47,2209,1,1,42,56
7.228447902481556,1378.0819257864155,14,21,441,0,1,31,41
6.316511293516482,553.6381383819758,4,28,784,0,1,29,38
6.276125360754849,531.724426989117,4,17,289,0,1,36,27
5.8739853075029425,355.6635883385023,9,48,2304,0,1,21,63
5.960869530491754,387.9473096349679,15,10,100,1,1,36,31
6.737331370175865,843.307255443102,11,37,1369,1,1,28,54
6.422335452926489,615.4387652906227,13,16,256,1,1,26,35
7.085363860896179,1194.3577365110377,10,25,625,0,1,32,41
6.309035092845299,549.5144624817101,18,7,49,1,1,29,31
6.132786901230221,460.71834971856856,5,40,1600,1,1,41,51
6.21515198714315,500.2720183276237,9,14,196,1,1,47,29
6.494173320775307,661.2773350548289,2,31,961,1,1,33,39
6.930653322942282,1023.1622166613938,14,3,9,1,1,38,23
6.315426540802352,553.0379035207745,10,37,1369,0,1,20,53
6.107370730304902,449.1562084770324,1,55,3025,0,1,46,62
6.083299385710599,438.47350395496574,5,42,1764,1,0,23,53
7.016303480147714,1114.6586350889215,16,17,289,1,0,43,39
6.157267050964526,472.1359864444271,17,8,64,1,0,33,31
6.590491661249498,728.1387795286217,3,24,576,0,1,56,33
6.515172928203966,675.3107316983983,8,39,1521,1,1,42,53
6.356586952551338,576.2761382788653,9,27,729,0,0,24,42
5.208161562862766,182.75776050332917,1,42,1764,0,1,39,49
6.736072402892948,842.2462272390943,10,34,1156,0,1,41,50
6.631962451850949,758.9701524984758,10,46,2116,1,1,59,62
7.332641071924838,1529.4157396177134,10,37,1369,0,1,54,53
5.980245008837379,395.537266410158,0,31,961,1,1,55,37
7.03182461319603,1132.0943611507005,13,16,256,0,0,24,35
5.2078580563033094,182.70230074085146,0,49,2401,1,0,52,55
6.562551065035522,708.0757397609156,8,6,36,1,1,43,20
5.5984169858476625,269.9986572526465,0,34,1156,1,0,53,40
6.292641307596239,540.5792812283927,3,40,1600,0,1,56,49
5.818034209488638,336.3102878240291,0,56,3136,0,1,44,62
6.221136939859328,503.2751003905066,18,9,81,1,0,56,33
6.546908903810854,697.0860799711097,9,7,49,0,1,44,22
7.729236317024069,2273.865025536598,14,1,1,0,1,41,21
5.760332336501799,317.4538128784491,3,29,841,0,1,24,38
6.469768691336673,645.3344382535302,13,38,1444,1,1,27,57
6.592785551580442,729.8109672088985,4,21,441,0,1,46,31
7.1767980924263615,1308.7111702797506,14,36,1296,0,0,54,56
6.7385977660441005,844.3758927831844,14,28,784,1,0,20,48
6.486898238091522,656.4839450612202,15,10,100,0,1,39,31
6.249652800479515,517.8330020829761,15,2,4,0,1,26,23
5.862913349814503,351.74741599067806,3,20,400,0,0,22,29
4.763219979808573,117.12245129988564,8,19,361,1,0,28,33
5.474316874365335,238.48749435068567,0,28,784,0,1,33,34
5.350106684116938,210.63076762551395,4,52,2704,1,1,38,62
6.501542351453912,666.1683067514625,8,26,676,1,1,46,40
5.9541051780704874,385.33195288155713,4,21,441,0,1,25,31
5.005294334122516,149.20099163914136,3,15,225,1,0,26,24
7.561768034266668,1923.2428684630258,15,42,1764,0,1,56,63
6.24673068207197,516.3220414136937,1,42,1764,0,0,45,49
6.083803829388231,438.6947449389612,15,11,121,1,1,32,32
7.217935721050117,1363.6711555767538,17,38,1444,1,1,56,61
6.3403415366438125,566.989926152898,1,27,729,0,1,52,34
7.688131053716536,2182.292161697859,15,37,1369,0,1,52,58
5.137808410214435,170.34203906742977,0,58,3364,0,1,28,64
6.895775525166537,988.0917177465404,15,40,1600,0,1,34,61
5.535438057043937,253.51881902071625,2,43,1849,1,0,24,51
6.437897011574497,625.0908577522748,14,2,4,1,1,48,22
7.502266425439249,1812.1448549611107,10,46,2116,0,1,26,62
7.214286642070533,1358.7040799651807,9,29,841,0,1,50,44
7.2957971532199775,1474.0915094542509,16,18,324,0,1,53,40
6.006750953081635,406.1615362797497,3,48,2304,0,1,30,57
6.979924221924055,1074.8369148363056,16,9,81,0,1,38,31
5.621457620736111,276.29181854843415,3,23,529,0,1,24,32
7.295332432488052,1473.406627720748,18,36,1296,0,0,42,60
6.503997176205796,667.8056420631841,0,44,1936,0,1,21,50
5.670566974637106,290.19902324271663,13,29,841,1,1,23,48
6.876747822409386,969.4683441378364,10,36,1296,0,1,36,52
7.063250672471289,1168.2365545604957,6,22,484,1,1,50,34
7.650963664204195,2102.6708820746853,16,23,529,1,1,49,45
6.147935494337399,467.7507152759887,3,27,729,1,1,21,36
6.502055501404709,666.5102387089752,9,48,2304,1,1,43,63
7.051905373404994,1155.0574631981083,16,18,324,1,1,29,40
6.067778745999044,431.7206545061047,3,40,1600,1,0,47,49
8.318854854371079,4100.461692875795,18,33,1089,0,1,51,57
7.10765066766857,1221.274992296238,17,7,49,1,1,52,30
6.521484320697799,679.586361176515,16,15,225,1,1,37,37
7.202394980757386,1342.6425198120041,5,41,1681,0,1,43,52
6.126542650877767,457.8504721919489,6,10,100,1,1,56,22
5.818049585916875,336.3154591147932,5,15,225,0,0,49,26
6.697926305318853,810.7228890798484,11,29,841,0,0,24,46
6.7547811919522065,858.1519587893026,8,9,81,0,1,42,23
7.0344343609316065,1135.052700426735,17,19,361,1,1,49,42
5.799909032731021,330.269514827319,1,41,1681,1,1,23,48
7.477322128956431,1767.5012923712034,16,17,289,1,1,43,39
5.3758464411191405,216.12273007604801,0,13,169,1,1,22,19
6.65916166004391,779.8968443028309,8,48,2304,0,0,34,62
5.923542868377095,373.73345956349647,5,11,121,1,0,20,22
5.53713291454662,253.9488616207256,1,37,1369,0,0,29,44
6.277916241376526,532.6775351582213,5,31,961,1,1,45,42
6.887366504008956,979.8176706607736,8,11,121,0,1,31,25
5.877175884565136,356.8001726410335,2,10,100,0,0,20,18
6.127963640901297,458.5015356129619,15,16,256,1,0,21,37
6.64273271364846,767.1886379129224,14,41,1681,1,1,30,61
5.342299981453876,208.9928375859451,11,23,529,0,0,31,40
6.62600870857907,754.4648640331857,7,36,1296,1,0,47,49
6.674260270720113,791.7615479965704,5,17,289,0,1,52,28
5.338595400111518,208.22003895065941,2,48,2304,0,1,22,56
6.154995452939088,471.064700496071,3,55,3025,1,1,38,64
6.60108552178462,735.8935843429024,9,26,676,0,0,37,41
6.682665429880639,798.4444760176484,13,9,81,1,0,56,28
7.5047519951216035,1816.6546696801825,14,26,676,0,1,47,46
6.627215110233731,755.3756009403374,6,31,961,0,1,50,43
5.847321433898269,346.3055347804796,6,21,441,0,1,26,33
6.661046407300918,781.3681388144907,7,39,1521,0,1,57,52
6.371005813972571,584.6455779499408,9,22,484,0,1,24,37
6.48544395968443,655.5299285062925,18,39,1521,1,1,38,63
6.279703484177178,533.6304105041603,18,0,0,1,0,32,20
6.148322273895818,467.9316666829903,1,11,121,1,1,58,18
6.611204201532299,743.3776564594283,14,44,1936,1,1,47,64
5.696998747764794,297.9717691925947,0,12,144,0,1,21,18
6.736538168081027,842.6386075829915,9,19,361,0,1,25,34
6.076048099574228,435.3055070220891,5,8,64,0,0,34,19
6.866434483144764,959.5212701410347,12,28,784,0,1,47,46
7.422372517298961,1672.9980196913775,9,22,484,1,1,56,37
6.6703950867315775,788.7071506450186,11,6,36,0,1,44,23
5.98695025783455,398.198353926016,5,14,196,0,1,51,25
6.316812482220414,553.8049130493846,5,35,1225,0,0,56,46
5.685248593767792,294.491044590291,0,44,1936,0,1,55,50
6.483802267362714,654.4546329497455,11,3,9,0,1,49,20
6.769123649043348,870.5486534610629,9,37,1369,1,0,43,52
6.843773047772989,938.021666893463,13,3,9,0,1,37,22
7.1265662257158775,1244.5959595131724,14,24,576,1,1,20,44
6.047731971684161,423.1522196679405,3,52,2704,0,1,22,61
5.8633892714511395,351.914860038541,0,23,529,1,0,26,29
5.78562537033973,325.5855880293804,7,24,576,1,0,52,37
5.476677932538084,239.05124245746924,2,54,2916,1,1,40,62
6.8729979185063055,965.8397387230979,13,18,324,0,0,33,37
7.477412072095653,1767.6602741355703,16,4,16,0,1,56,26
5.940639160725185,380.1778466464964,1,49,2401,1,1,22,56
6.2824968858491115,535.1231385088514,14,1,1,0,0,56,21
7.026357227383185,1125.9216541634114,5,25,625,0,1,44,36
5.7463169668427865,313.0356140087009,4,45,2025,0,1,52,55
7.225869466205731,1374.5332063974006,13,25,625,1,1,32,44
7.2749730187676125,1443.712238487116,18,38,1444,0,1,52,62
7.050807461614088,1153.7900078944679,8,46,2116,1,1,48,60
5.9771220961291505,394.30396480326135,7,17,289,1,1,38,30
6.270921150787923,528.9644095110674,2,22,484,0,1,45,30
7.5121652660396405,1830.1720650623076,17,16,256,0,1,57,39
5.977263328699525,394.359657298424,7,32,1024,0,1,28,45
7.457725558852523,1733.2015061285224,15,43,1849,0,1,49,64
6.827009434694319,922.4281020261593,14,42,1764,0,1,41,62
6.714571433770981,824.3304110089831,14,19,361,0,1,23,39
7.676144253299263,2156.289616109296,15,39,1521,1,1,26,60
5.6787314273590725,292.5780379092551,0,30,900,1,0,37,36
6.218559193779481,501.9794556124533,9,10,100,0,1,25,25
6.7663105430203405,868.1031491448721,18,1,1,1,0,48,25
5.873512112671053,355.4953299792418,4,49,2401,1,0,24,59
6.856651220585488,950.179791202303,17,20,400,0,1,25,43
5.7836369208047005,324.93882076339185,2,35,1225,0,0,53,43
6.473342432711431,647.6448225350751,3,31,961,1,0,53,40
5.6260812883781,277.5722579716329,3,51,2601,1,0,20,60
7.095788043001034,1206.8730567134708,10,14,196,1,1,37,30
6.133663791072077,461.12252614259455,8,31,961,0,1,46,45
6.089666174829312,441.27407816114726,0,20,400,1,1,29,26
7.15938182391831,1286.1156411883778,15,16,256,1,1,58,37
5.854483833820695,348.7948174934132,8,22,484,0,0,21,36
6.497331974076606,663.3693831802539,10,40,1600,1,0,38,56
5.961129208214182,388.04806399002024,5,18,324,0,1,46,29
7.089549240033589,1199.3670520939895,16,10,100,0,0,41,32
7.01864974486385,1117.2769897904307,11,31,961,0,0,29,48
6.24635168541636,516.1263941639487,7,18,324,1,1,46,31
6.130500458306617,459.6661468673556,15,7,49,1,0,31,28
5.784868580768321,325.3392814646341,4,33,1089,1,1,34,43
5.880947905184805,358.14857174518204,0,53,2809,1,1,20,59
7.391480251565743,1622.1054608245342,16,22,484,0,0,57,44
5.868527371432954,353.7276870294413,7,15,225,1,0,43,28
6.609865212213296,742.3829478181837,9,40,1600,1,0,25,55
7.5736373586555485,1946.2064735928861,17,28,784,1,1,48,51
6.849150403618304,943.0793294252982,14,40,1600,0,0,25,60
6.822156062760733,917.9620618087004,12,18,324,1,1,57,36
6.789208799916005,888.2105315013545,9,8,64,0,1,34,23
6.208467386016473,496.93905161759614,8,49,2401,1,1,27,63
6.325084118216699,558.404783704041,12,37,1369,1,1,48,55
5.755827095578971,316.02682384790546,2,51,2601,1,1,21,59
6.138281127514954,463.2566070805151,2,37,1369,0,0,30,45
6.109033356369433,449.90360844745635,0,12,144,0,1,28,18
6.42564283815222,617.4776281642015,1,45,2025,0,0,35,52
7.308264218518728,1492.5841394501513,10,41,1681,1,1,43,57
6.453013532866136,634.6118377592431,13,6,36,1,1,53,25
6.48532898874988,655.4545659501217,9,49,2401,1,1,43,64
5.7191342304509325,304.64105979807744,6,12,144,0,0,57,24
5.726017070794863,306.7450881141052,0,22,484,0,0,57,28
5.9990571739358955,403.0486095630418,6,44,1936,0,1,44,56
7.389889986222734,1619.527932747467,14,1,1,0,1,52,21
6.277636638100051,532.528617593976,10,26,676,1,0,36,42
5.990172301333856,399.4834355263628,5,18,324,1,1,26,29
6.647591706355676,770.9254731851071,6,31,961,1,1,46,43
6.741454355626134,846.79137654215,6,43,1849,0,1,55,55
5.893164403970389,362.5507280565241,0,57,3249,0,1,38,63
6.428384232050023,619.1726999342114,9,14,196,0,1,34,29
6.785529406984738,884.948460850259,14,40,1600,1,1,25,60
6.992400359642088,1088.330728519087,7,41,1681,1,1,55,54
8.062893418605949,3174.461906214101,18,39,1521,0,1,24,63
5.800579183351435,330.49091932647957,2,33,1089,0,1,24,41
6.558132615562066,704.95404448648,14,13,169,1,0,21,33
5.503461758167442,245.54046441841655,3,21,441,1,1,37,30
6.152121149412128,469.7126615819547,5,31,961,0,1,51,42
6.059157972558612,428.01488480489974,9,6,36,1,1,48,21
6.897130860865025,989.4318216651826,17,5,25,0,1,39,28
6.747453115578226,851.886341195922,15,28,784,1,1,38,49
6.795531242451695,893.8439813622682,17,1,1,0,1,35,24
6.224850156482971,505.14734373088606,5,52,2704,0,0,30,63
7.48993613689389,1789.937777207269,18,4,16,0,0,47,28
7.791495584809713,2419.934093792194,16,23,529,0,0,41,45
7.837455069334566,2533.748407711823,17,35,1225,0,1,46,58
7.04353212170154,1145.426254863941,12,22,484,1,1,36,40
6.028781039735902,415.2085980025524,6,50,2500,0,1,27,62
6.495840755805481,662.3808918468973,11,23,529,1,0,27,40
5.9728224675955275,392.61224371760704,1,38,1444,0,1,42,45
7.297345348485162,1476.3754584929784,11,43,1849,0,0,51,60
6.673873117287832,791.4550741257489,11,47,2209,1,1,34,64
6.273434729493206,530.2956756068016,3,34,1156,1,1,46,43
5.871964283968318,354.9455097273659,3,33,1089,0,1,23,42
7.459496308409532,1736.2732908057394,17,23,529,0,1,59,46
6.35447735517975,575.0617090809563,15,15,225,1,1,51,36
7.145681169336951,1268.615172720728,13,31,961,0,1,56,50
6.603516815792927,737.6849347726326,16,31,961,1,1,29,53
6.698922302512382,811.530769058412,16,9,81,0,0,47,31
6.162758347895002,474.73575686034843,2,23,529,0,1,51,31
7.370027436619049,1587.6773429453087,5,41,1681,0,1,51,52
7.190801562259249,1327.1665860145642,12,29,841,1,1,34,47
6.8492756297867965,943.1974350311085,8,31,961,0,0,25,45
6.313749312858759,552.1111103341018,8,20,400,0,1,28,34
6.007605134258586,406.50862003394286,7,7,49,1,0,57,20
6.70253758068137,814.4699883776135,16,11,121,1,1,49,33
6.913948582391876,1006.2125215674434,15,42,1764,0,0,59,63
6.837461182344646,932.1196463374351,15,26,676,1,1,35,47
7.2048265855875195,1345.9112683901421,18,22,484,1,1,44,46
7.364554862110322,1579.0123918111638,15,41,1681,0,0,29,62
6.874521045212634,967.3119559252314,13,13,169,0,0,49,32
5.564212949624205,260.9197658756263,13,44,1936,1,0,28,63
7.033000356882433,1133.4261967434563,13,23,529,0,1,59,42
6.81401380302512,910.5181226425698,13,36,1296,0,1,26,55
6.285553198454606,536.7611439558585,11,42,1764,1,1,59,59
6.051804397733805,424.8789894749633,5,53,2809,0,1,31,64
6.999614634306555,1096.2106350491426,12,37,1369,1,1,36,55
7.079040964810269,1186.8297610370753,15,19,361,0,1,44,40
6.816341510184996,912.640010804904,8,28,784,0,1,26,42
5.816635484403701,335.8402110188763,1,52,2704,0,0,38,59
6.335779273494993,564.4090606773468,2,16,256,0,1,36,24
6.087085104802668,440.1365874675274,9,24,576,1,1,51,39
6.113686543949276,452.00197258520865,1,27,729,1,1,42,34
6.612530754922579,744.3644409763288,9,20,400,0,1,51,35
6.852367181522564,946.1178907424446,7,45,2025,1,1,45,58
6.404408103547613,604.5038890588871,16,5,25,0,1,27,27
6.148719768448319,468.1177039433886,0,21,441,0,0,41,27
6.110246659292329,450.4498090970243,5,13,169,0,1,27,24
6.478030973481299,650.6884612264294,6,43,1849,0,1,24,55
6.745758260449079,850.44374010635,14,24,576,1,1,31,44
6.933653849092219,1026.2368521033513,17,27,729,0,1,46,50
6.514305137167356,674.7249573001503,8,4,16,0,1,39,18
6.407746805504521,606.5255203104393,7,48,2304,0,1,30,61
7.164083866670671,1292.1772517255602,9,36,1296,1,1,55,51
5.602893796432055,271.21009977526745,3,12,144,1,0,21,21
6.246296019828874,516.0976644846351,7,21,441,1,0,29,34
5.650510681847522,284.43668539226525,0,15,225,0,1,26,21
6.187418524303841,486.58836745726495,7,47,2209,1,0,31,60
7.166473984187147,1295.2694010373843,11,26,676,0,1,35,43
7.210194545053138,1353.1554914759465,14,1,1,0,1,50,21
6.53598650982407,689.5136609166258,12,0,0,1,1,46,18
7.421967340374807,1672.3202968077514,15,3,9,0,1,51,24
7.419794680293365,1668.6908574522113,17,24,576,0,1,59,47
5.7859813869664585,325.7015225482257,0,20,400,0,0,46,26
7.109474716732088,1223.5046907236863,16,30,900,0,0,44,52
7.044158448715128,1146.1438909834185,15,4,16,0,0,59,25
6.132405889450939,460.54284403738336,4,31,961,0,1,24,41
6.283188530360018,535.4933815137717,9,21,441,0,1,23,36
5.96586930559285,389.89181593060977,5,42,1764,1,1,34,53
6.275548046999551,531.4175437558675,11,43,1849,1,0,32,60
6.336022591282545,564.5464081501292,9,29,841,1,0,52,44
6.236908366214982,511.27538872151945,16,27,729,1,0,24,49
5.713669103959,302.98069904499505,1,24,576,1,1,25,31
7.41676829951282,1663.648397563043,18,11,121,0,1,44,35
6.31037868859189,550.2532840037717,5,34,1156,0,1,44,45
6.168032427159253,477.24616509851586,12,28,784,1,0,29,46
6.786024682831825,885.3868630048729,8,19,361,0,0,31,33
6.205744256656246,495.5876631338157,11,35,1225,0,1,22,52
7.636273409212831,2072.007885701929,17,41,1681,0,1,48,64
6.846097278653703,940.2043814020741,7,35,1225,1,0,48,48
6.444158363459956,629.0170503828247,17,0,0,1,1,43,21
6.211245055129257,498.32130270155795,1,47,2209,0,0,43,54
6.05758865218839,427.3437191021655,7,21,441,0,1,44,34
6.0700126989384575,432.68617619471115,9,41,1681,1,1,56,56
6.248907430049526,517.4471684878907,8,49,2401,0,0,24,63
6.9763800237444915,1071.03422252757,17,20,400,0,1,30,43
7.084087249565419,1192.8339787218001,7,43,1849,0,1,59,56
7.066431187161005,1171.9580631025008,18,34,1156,1,0,41,58
6.349476967846031,572.1933552116003,2,13,169,0,0,34,21
6.84753422607677,941.5563768056064,8,33,1089,0,1,28,47
6.831906531949403,926.9564008628693,12,29,841,0,1,25,47
6.6408367927033325,765.7354868704696,8,25,625,1,1,45,39
6.169499760420767,477.94695829333926,11,11,121,1,1,25,28
6.003350334848652,404.78268176162726,12,1,1,0,0,51,19
6.563258884710837,708.5771071190397,7,48,2304,1,1,39,61
7.299325103172858,1479.3012149121155,14,9,81,0,1,54,29
6.386187891868611,593.5894340232026,12,29,841,0,0,22,47
7.236726109279728,1389.5373226062597,12,35,1225,1,1,37,53
6.908599006816742,1000.844083873061,16,13,169,0,0,54,35
7.693792520079793,2194.682175094235,14,23,529,0,1,29,43
6.951337415056897,1044.5457856794376,18,0,0,0,0,55,24
5.042776622200808,154.89951590386636,2,10,100,1,0,49,18
7.237025075501836,1389.952809435246,13,24,576,1,0,45,43
6.726431372280571,834.1651232589811,9,25,625,1,0,49,40
7.371756924334193,1590.4255872478957,16,21,441,1,1,50,43
5.173657267779641,176.55938307062738,7,49,2401,1,1,23,62
6.238151030237928,511.91112717574447,17,0,0,0,1,43,23
6.165553529011332,476.06458557645584,11,6,36,1,0,20,23
7.439376433704514,1701.6887744787914,16,39,1521,1,1,45,61
5.976261568696083,393.9648013752274,10,9,81,0,0,48,25
7.075049105101528,1182.1015465958692,8,27,729,0,1,57,41
7.076510416130703,1183.8302273860436,14,19,361,0,0,55,39
5.80235281832062,331.07760971148656,8,22,484,1,1,28,36
6.963356664108759,1057.1761935815273,11,37,1369,0,1,51,54
7.640422010892224,2080.621676335161,10,19,361,0,1,56,35
7.310579499914701,1496.043895348869,16,26,676,0,1,59,48
5.824369944346618,338.44782492151194,5,43,1849,0,1,37,54
6.248549820433619,517.262157487544,7,34,1156,1,1,43,47
5.986291569554253,397.9361517012977,9,44,1936,0,1,59,59
6.895155823484914,987.4795853367864,14,30,900,0,0,37,50
5.6025842916184985,271.1261719326074,3,18,324,1,1,58,27
6.534605867221236,688.5623458453006,17,31,961,1,1,27,54
6.773753708995153,874.5886915093945,10,13,169,0,0,58,29
5.880865974526622,358.1192295989987,8,33,1089,0,0,30,47
6.243218211812695,514.5116569211572,8,30,900,1,1,54,44
6.995115042928681,1091.2892156189437,7,43,1849,0,0,43,56
5.628378635176862,278.21067075690866,2,18,324,1,0,32,26
7.317867675443777,1506.987155618381,17,15,225,0,0,50,38
6.990967605521305,1086.7725347038843,13,10,100,0,0,49,29
6.339018567263831,566.2403118095854,2,38,1444,0,1,48,46
7.565114073407764,1929.6888926892907,16,28,784,0,1,25,50
5.763546608284172,318.47583736369904,3,51,2601,1,0,22,60
6.255536447175641,520.8887291088572,17,9,81,1,0,47,32
6.309397030097445,549.7133882334236,14,0,0,1,1,29,19
6.755151086466431,858.4694432054819,18,32,1024,1,1,53,56
4.937424266500428,139.4107018942334,5,50,2500,1,1,20,61
7.0278484091554425,1127.6018604462356,14,15,225,1,1,31,35
6.094883556573596,443.58238991635255,6,8,64,1,1,55,20
7.154871425600055,1280.327809887714,11,7,49,0,1,51,24
6.987502618332056,1083.0133982344205,15,39,1521,0,0,30,60
6.338242994488821,565.8013214961056,8,21,441,1,1,20,35
6.093074849057078,442.7808042490534,4,51,2601,1,0,25,61
6.142053502064832,465.00748492226654,10,39,1521,1,1,46,55
5.977530070410606,394.4648634990102,1,47,2209,1,1,34,54
7.432812988849345,1690.5564073497821,15,29,841,0,1,29,50
6.224750997910481,505.0972565247136,3,52,2704,1,1,43,61
5.477275497239952,239.19413373103825,4,38,1444,1,1,27,48
6.118573679991957,454.2163743507189,6,16,256,0,0,36,28
6.014850138934393,409.464471536424,5,10,100,1,0,43,21
6.628997484509428,756.7231635536599,9,20,400,0,0,32,35
6.768323358022921,869.8522398947839,13,2,4,1,1,28,21
6.407321362040938,606.2675328757522,7,38,1444,1,1,25,51
6.977590780333999,1072.3317696184192,13,27,729,0,1,48,46
7.455756893063452,1729.792768051779,13,22,484,0,1,42,41
6.586625634002864,725.329209603931,2,31,961,0,1,41,39
5.479462194416923,239.71775115574218,0,13,169,0,1,40,19
7.325090353902173,1517.9110416536205,8,47,2209,0,0,36,61
7.497189397331476,1802.9678602395304,8,9,81,0,1,53,23
5.475176219008938,238.69252538506547,1,52,2704,1,0,45,59
6.770108117663441,871.4061032896324,15,21,441,0,1,44,42
6.417913339140736,612.723233662473,7,25,625,0,1,57,38
5.273797102046324,195.15558301296474,5,22,484,1,0,22,33
5.990983579734809,399.80765930923724,12,30,900,1,1,22,48
5.523266918374903,250.45190807844472,0,25,625,1,1,33,31
6.586446388742293,725.1992094320611,18,32,1024,1,1,29,56
7.5550661797640295,1910.3966693461057,14,25,625,0,1,21,45
5.271688716290434,194.74455321850195,0,43,1849,0,1,26,49
6.848277275575311,942.256259790889,9,30,900,0,1,33,45
5.614626072368172,274.41075024668896,0,20,400,1,1,36,26
6.7558850344111905,859.0997463655215,11,45,2025,0,0,29,62
6.642012096475494,766.6359877540507,10,23,529,1,1,54,39
7.519610958543947,1843.8498204799507,16,27,729,0,1,46,49
6.320889419874974,556.0673499259804,3,13,169,0,1,22,22
5.90560342858572,367.08867076506596,6,28,784,1,0,44,40
5.509740341550749,247.08696052029242,11,5,25,1,1,26,22
6.963871368640827,1057.7204670175445,12,41,1681,0,1,32,59
6.328107060118585,560.0953628968529,4,39,1521,0,1,58,49
6.277722042685242,532.5740999218358,5,16,256,0,0,44,27
5.924060690050943,373.92703696406215,1,49,2401,0,1,48,56
5.889867618244775,361.3574440730545,6,20,400,1,1,38,32
7.437915045249075,1699.203762375278,13,5,25,0,1,58,24
7.909829260437789,2723.9253448137188,13,27,729,0,1,41,46
5.884973814014889,359.59335156716577,9,49,2401,1,1,21,64
5.860304378091415,350.8309130137304,3,11,121,0,0,41,20
6.2259663980042195,505.7115249930016,2,28,784,0,1,54,36
7.106290654792548,1219.6151715261994,13,8,64,0,1,53,27
6.173497636095795,479.8615554224138,5,34,1156,0,1,24,45
7.308990805429717,1493.6690256337479,14,26,676,0,0,46,46
5.857139363502999,349.72228339588924,7,19,361,1,1,37,32
6.368419021207652,583.1351753903023,4,42,1764,1,1,22,52
5.7747251953424446,322.0559200900833,2,15,225,0,0,40,23
6.600055514988575,735.135999175776,2,21,441,1,1,43,29
7.732601311914284,2281.529457884257,12,46,2116,0,1,45,64
6.150484208029652,468.9443984607376,1,48,2304,0,1,39,55
5.371874862639833,215.26608393709458,0,24,576,1,0,32,30
6.363542759669325,580.2985773804876,11,29,841,0,0,25,46
6.584267279903829,723.6206419849326,7,23,529,0,0,45,36
6.865910538416077,959.0186657094499,18,0,0,1,1,49,20
6.251425125213407,518.7515840929525,8,11,121,0,1,33,25
6.66020564761324,780.7114720702846,13,6,36,0,1,56,25
6.691429732158031,805.4730399964617,17,14,196,1,1,57,37
6.946456361441411,1039.459724462266,9,49,2401,1,1,49,64
5.3729743340076945,215.5028929913871,8,7,49,1,0,34,21
6.201303696073251,493.39185500917154,5,27,729,0,1,38,38
5.775242703552275,322.222629805857,0,14,196,0,1,30,20
6.580472212512591,720.8796572834995,4,52,2704,0,1,39,62
6.466124818851288,642.9872009639741,9,10,100,0,0,44,25
6.804003526091043,901.4490517677986,12,22,484,0,1,57,40
5.973071672215814,392.71009669492304,3,24,576,1,1,49,33
5.977527874255495,394.46399719393537,0,24,576,0,1,59,30
6.0958445026655115,444.00885355184994,1,13,169,0,0,42,20
6.179628626722634,482.8126193495599,3,17,289,0,0,36,26
6.024532236253157,413.44820070465084,16,9,81,1,1,20,31
6.158898744438134,472.9069965071447,9,15,225,1,1,33,30
6.577963215710452,719.0732396243393,11,7,49,1,1,58,24
5.557814369493455,259.2555797380493,1,25,625,0,1,37,32
6.144620950714448,466.2029016904136,2,16,256,0,0,35,24
7.128131832711558,1246.546033780817,13,36,1296,0,1,29,55
6.9635684097480395,1057.4000697320319,14,31,961,1,1,28,51
6.48252099751245,653.6166369243437,12,40,1600,0,1,33,58
6.468309670816454,644.3935686066802,8,25,625,0,1,21,39
5.890591778649965,361.61921959846825,1,34,1156,0,0,40,41
7.025721456136976,1125.2060530536191,18,30,900,0,1,21,54
6.846134464824195,940.2393446525691,15,40,1600,0,0,25,61
6.609363868217392,742.0108518664631,10,2,4,0,1,30,18
6.17607850470259,481.1016145729537,11,10,100,0,1,22,27
5.575104079088598,263.7770078788853,0,54,2916,0,0,30,60
6.440316994917245,626.6053990589697,1,26,676,0,1,23,33
6.03977061139995,419.7967272575898,15,42,1764,1,0,34,63
5.843757006975196,345.0733513272244,1,18,324,0,0,45,25
6.740243076999378,845.7662972001049,18,18,324,1,0,55,42
6.7371353930631885,843.1420027154861,9,14,196,0,1,34,29
7.385532671760167,1612.4864922895877,18,18,324,0,1,41,42
6.7114505259499095,821.7617621252139,9,19,361,1,0,56,34
6.66758305400258,786.4923957648513,15,22,484,1,0,29,43
6.748993642330092,853.1997062713576,12,45,2025,1,1,39,63
7.462827335631172,1742.0665077265814,15,10,100,0,1,51,31
7.073315905526408,1180.0545031773913,17,35,1225,0,0,28,58
6.582275333213708,722.1806628991501,7,40,1600,0,1,50,53
7.650360339431653,2101.402671252999,17,17,289,0,1,59,40
7.051635079627319,1154.7453005426614,12,42,1764,0,1,50,60
5.994677675566565,401.28731843563986,6,11,121,0,1,47,23
7.0082009052342915,1105.6635210001054,17,41,1681,0,1,30,64
5.487737767195088,241.70978408970788,5,11,121,1,0,55,22
5.963403232884511,388.9314989565608,8,46,2116,1,0,23,60
6.187153398754472,486.4593775490416,5,31,961,0,0,33,42
6.354462313846029,575.0530594509312,17,12,144,1,1,48,35
7.120795395249078,1237.434291492263,16,8,64,1,1,47,30
7.416498178611718,1663.1990720476151,11,43,1849,0,1,44,60
6.120463258705848,455.07546334571674,2,23,529,0,1,42,31
6.619253177494621,749.385230322142,4,35,1225,1,1,52,45
6.460020796461199,639.0743469162153,6,23,529,0,1,49,35
5.81374534465869,334.8709871479065,9,30,900,1,1,28,45
6.972273558630726,1066.6450759636004,9,29,841,0,1,57,44
7.4639065869806505,1743.9476502861567,18,25,625,0,1,44,49
5.763241276164458,318.3786113050738,3,55,3025,1,0,37,64
6.1059312107325106,448.510104475119,9,11,121,1,0,26,26
7.714693087421017,2241.0349903957836,17,34,1156,0,0,43,57
5.676966140344985,292.0620093016322,2,41,1681,1,0,59,49
6.912525959033363,1004.7820778631987,2,29,841,0,1,40,37
5.785336224898366,325.49146004982174,4,35,1225,1,0,54,45
6.580856679615057,721.1568650817871,15,29,841,1,0,30,50
6.5277250838537855,683.8407602410807,12,3,9,0,1,21,21
6.487917726124655,657.1535638633343,10,47,2209,0,0,34,63
6.2814160797434875,534.5450865907821,12,33,1089,0,1,34,51
6.400434532313701,602.1066158167971,18,0,0,0,1,24,20
6.5978479590890045,733.5149353166798,5,32,1024,0,1,59,43
6.155395077396177,471.252987090719,12,7,49,1,0,35,25
5.770587042926492,320.72595729855027,3,14,196,0,1,40,23
6.348546130161213,571.6609838876522,4,23,529,0,1,28,33
6.962927106413727,1056.7221729335827,18,17,289,1,1,26,41
6.652179054935934,774.4701010658207,4,46,2116,0,1,46,56
6.858275855937693,951.7247415326863,13,28,784,0,0,36,47
5.606765081744227,272.2620663686458,3,53,2809,0,0,21,62
6.595995234276633,732.157192146385,11,13,169,1,0,59,30
6.234185046278494,509.884916472144,5,11,121,0,1,45,22
7.29871103988964,1478.3931091969414,18,18,324,1,1,27,42
6.595847356759635,732.0489305636826,9,22,484,0,1,59,37
6.349970702300109,572.4759365397911,0,29,841,1,1,35,35
7.106297441787378,1219.6234490761533,15,43,1849,1,1,39,64
6.196679091972842,491.11538096622206,3,26,676,1,1,51,35
6.523130961805002,680.7063178450102,8,5,25,0,1,51,19
7.255042568819946,1415.22324622985,17,4,16,0,1,54,27
6.908698847942763,1000.9440142618645,16,40,1600,1,1,34,62
7.799044646246384,2438.2714527791777,14,44,1936,0,1,51,64
7.590055304705929,1978.4229268187169,18,5,25,0,0,49,29
6.281339870093283,534.50435064897,6,52,2704,1,1,38,64
6.724401328669502,832.4734493468013,17,7,49,1,0,43,30
5.521629623837531,250.04218005173445,5,53,2809,0,0,21,64
6.281914245255112,534.8114448570724,18,4,16,1,0,40,28
6.6081583352953155,741.1168723251533,11,19,361,1,1,35,36
6.402309063023586,603.2363416808748,2,44,1936,0,1,59,52
6.14259218633231,465.258044618878,0,50,2500,1,1,58,56
5.680224263031061,293.01513501698895,4,33,1089,1,0,55,43
5.328794404845506,206.18924349932587,0,57,3249,1,0,21,63
7.186741155780316,1321.78867584948,7,18,324,0,1,35,31
6.0056734385560775,405.7241270244193,6,50,2500,1,1,48,62
7.181192306103022,1314.4745803568262,14,41,1681,0,1,26,61
6.659440119745846,780.1140443849678,10,25,625,0,1,34,41
7.193207552267719,1330.363579985639,17,35,1225,1,0,42,58
6.4745589251999265,648.4331570011622,13,0,0,0,1,24,18
6.30224904755258,545.7980565615792,8,46,2116,0,1,20,60
5.938582297641091,379.3966765237397,4,29,841,0,1,24,39
6.3796776607099925,589.7375814242503,3,31,961,0,1,32,40
6.802703625139039,900.278018565705,11,19,361,0,1,45,36
6.811533227250223,908.2623124557035,0,29,841,0,1,32,35
6.653838597340988,775.7564341068777,12,11,121,1,1,51,29
6.1096814138976185,450.1952663632151,0,39,1521,0,0,48,45
5.355532260332875,211.77666667904023,2,37,1369,1,1,37,45
6.20978976773482,497.5966294231973,7,37,1369,1,1,21,50
6.570260948978864,713.5560205553334,17,13,169,0,0,46,36
6.982190249508572,1077.2752865996251,15,24,576,0,1,22,45
7.355106702395251,1564.163886523523,15,33,1089,1,1,49,54
6.416773597141827,612.0252850755726,1,36,1296,1,1,29,43
7.676814763801555,2157.7359157682486,16,30,900,0,1,28,52
6.35699696346588,576.5124662305586,9,36,1296,1,1,22,51
7.0311433829766425,1131.3234068891716,6,40,1600,0,1,41,52
7.64476194788459,2089.6710660020867,9,42,1764,0,1,57,57
6.595724289446207,731.9588448119197,18,9,81,0,0,30,33
6.943235268693432,1036.1169149220275,8,41,1681,0,1,25,55
6.412222688934906,609.2463423357077,16,8,64,0,0,24,30
6.225947745922779,505.70209250842015,8,26,676,1,0,49,40
6.243857177413506,514.8405172251682,8,25,625,1,0,33,39
6.309777754325889,549.9227172848165,4,23,529,0,0,21,33
6.372511762961741,585.5266876536899,6,33,1089,1,1,52,45
6.401069563332067,602.4890936239864,10,36,1296,1,1,56,52
5.592889234884533,268.51028936836,7,49,2401,0,0,27,62
6.9026915880921065,994.9491079803969,13,44,1936,0,1,29,63
6.317064132929274,553.9442959854952,1,18,324,1,1,40,25
6.264629192636508,525.6466361738634,9,46,2116,1,1,38,61
7.765840031614946,2358.638987883711,15,18,324,0,1,54,39
6.475981789205636,649.3564459018697,15,17,289,1,1,37,38
7.339949262914041,1540.633944406314,18,19,361,0,1,26,43
6.689776258677159,804.1423121500534,10,41,1681,0,0,32,57
6.625406279624819,754.0104894320771,5,27,729,0,1,31,38
5.863454349937224,351.93776287009564,5,31,961,1,0,59,42
6.456836406695222,637.0425218845646,6,46,2116,0,1,43,58
7.1289815695518115,1247.6057200322532,15,0,0,0,1,37,18
6.38863052171142,595.0411255398485,12,5,25,0,1,57,23
5.93389502822514,377.6225033474779,2,32,1024,1,0,31,40
5.536516174642516,253.79228951125907,8,26,676,1,0,22,40
6.106014788316389,448.547591432509,2,52,2704,0,1,44,60
6.343913537491686,569.0188361266552,5,49,2401,1,1,54,60
6.773078705566534,873.9985403434316,16,18,324,0,0,35,40
6.403760008496606,604.1122400066884,2,41,1681,0,1,32,49
6.235070481292309,510.3365863628634,1,40,1600,0,1,43,47
6.884579901758411,977.0911092200569,11,13,169,0,1,31,30
5.732270755242489,308.66938580492746,5,49,2401,0,0,21,60
6.925929005020532,1018.3398731754668,9,20,400,1,1,45,35
6.668595852814555,787.2893578419073,10,24,576,1,1,29,40
6.5781409693970945,719.201068904375,15,11,121,1,1,38,32
6.293073339231925,540.8128790366679,15,29,841,1,0,41,50
7.402848236222564,1640.650742334304,17,15,225,1,1,43,38
6.225394603617438,505.4224446368188,8,42,1764,0,0,45,56
6.714414727495268,824.2012433812702,18,16,256,1,0,24,40
5.927881648525029,375.35852974025056,1,37,1369,1,1,35,44
5.863808515011444,352.06242900889634,0,56,3136,1,1,56,62
6.874633175938283,967.4204273981567,15,40,1600,0,0,53,61
7.126367457285666,1244.3485977127257,17,12,144,0,1,57,35
6.614950125378767,746.1675145854718,2,33,1089,1,1,47,41
5.432859564611545,228.80258662285135,0,58,3364,1,0,31,64
6.56221357919904,707.8368145467953,5,46,2116,0,0,40,57
6.497769826725163,663.6599048198442,18,35,1225,1,1,51,59
6.9101542879770825,1002.4018889195522,18,0,0,0,1,44,24
6.693390048035467,807.0535702487439,10,21,441,1,1,33,37
6.380447959550928,590.1920306080461,7,31,961,0,0,54,44
5.188132022353259,179.13362260523496,4,13,169,0,0,28,23
7.083500345297165,1192.1341047679646,8,30,900,0,1,49,44
6.057583745408852,427.3416222258933,14,6,36,0,0,48,26
7.300474151329297,1481.0019801894027,13,43,1849,0,0,58,62
6.295290463974474,542.0132588560484,3,39,1521,1,1,50,48
6.136558983572052,462.4594990849791,7,25,625,1,1,33,38
7.2995566811783075,1479.6438282062438,16,21,441,0,1,36,43
5.688206437455598,295.3633925661222,1,50,2500,1,0,44,57
7.809339965373785,2463.5039006837796,15,41,1681,0,1,56,62
6.669808401719036,788.2445636901364,9,15,225,0,0,46,30
6.475416075344113,648.9891998472399,1,33,1089,0,1,37,40
7.630988005447174,2061.085377779745,10,21,441,0,1,48,37
6.195559377615577,490.5657797786731,9,39,1521,1,1,37,54
7.030871259172229,1131.0155887438887,18,21,441,0,0,23,45
6.304500521649127,547.0282911488408,13,15,225,1,1,39,34
6.7627549176861965,865.0219805817547,10,29,841,1,1,20,45
6.376965274963041,588.1401530143403,8,44,1936,1,1,43,58
5.698295428368567,298.35839401646183,6,7,49,1,0,43,19
6.577465355623957,718.7153308607008,14,22,484,1,1,24,42
6.781757599991615,881.6168930222062,16,36,1296,1,1,45,58
5.186973078289727,178.9261370120595,2,15,225,0,1,37,23
7.197855869652654,1336.5619269241254,14,8,64,0,1,55,28
6.31798474254356,554.4544972422154,13,36,1296,1,1,20,55
6.039750204613671,419.7881606429047,7,10,100,0,0,29,23
6.744203467789092,849.1225038119079,3,53,2809,1,1,36,62
7.136769979010688,1257.3605221095613,9,13,169,0,0,54,28
5.793446597529029,328.1420511906149,1,24,576,0,1,23,31
6.795666953038195,893.9652936847154,13,0,0,0,1,46,19
6.429889972263834,620.1057154309912,7,44,1936,1,1,30,57
6.451990134223079,633.9627090809716,9,5,25,0,1,22,20
7.119664899103537,1236.0361672313168,17,29,841,0,0,47,52
6.737790002014203,843.6941117054682,14,30,900,0,0,30,50
6.453973363103914,635.2212498096461,4,31,961,0,1,22,41
6.955448599395251,1048.8489454347725,12,18,324,0,1,55,36
7.1609015639781495,1288.0716886152188,17,12,144,0,0,22,35
6.006100077730512,405.8972617614255,1,34,1156,0,1,44,41
7.370172802551042,1587.9081539175897,12,44,1936,0,1,31,62
6.507829267526968,670.3696438752297,13,33,1089,1,1,31,52
6.332979130238384,562.8308450981841,9,3,9,1,1,51,18
6.610195497460213,742.6281864505322,3,44,1936,0,0,59,53
6.599864866698073,734.9958601133073,14,22,484,0,0,29,42
7.20023707935489,1339.7483534213738,7,49,2401,0,1,38,62
7.027436893095125,1127.137929635055,14,40,1600,1,0,26,60
7.187353589564781,1322.5984318261415,13,32,1024,0,1,43,51
6.946054484061708,1039.0420730398428,8,28,784,0,0,58,42
6.489167532479635,657.9753920196988,2,25,625,0,1,51,33
7.224537206642684,1372.703190687094,14,31,961,0,1,42,51
6.52588465205042,682.583355396351,16,24,576,0,0,38,46
6.200241631334183,492.86811908738105,15,15,225,1,0,22,36
5.42338225219558,226.6443961046758,3,31,961,1,0,44,40
6.4862768725734785,656.0761552809847,10,20,400,1,1,44,36
7.011265174800574,1109.05676833518,7,29,841,0,0,25,42
5.901420705275242,365.55644709255637,2,25,625,1,1,52,33
6.523534623632774,680.9811484670311,18,2,4,0,0,52,26
6.6185723229980225,748.8751816725539,13,0,0,0,0,34,18
6.469333615837756,645.0537301198818,8,45,2025,1,1,39,59
6.744208841104296,849.1270664270262,2,28,784,1,1,51,36
5.5059859613476725,246.161041341192,3,41,1681,0,0,43,50
5.916789329846281,371.21794013389837,3,42,1764,0,1,22,51
6.16756940457995,477.0252404986756,10,17,289,0,1,23,33
7.208142224867485,1350.3812309556656,18,37,1369,1,1,25,61
7.6199956186444,2038.553198175147,15,36,1296,0,1,38,57
7.0508410978805,1153.8288177352624,16,13,169,0,1,45,35
7.045896549328819,1148.13773663394,9,36,1296,0,1,44,51
8.02584769658134,3059.013314113682,16,20,400,0,1,44,42
7.064040640402965,1169.159788589836,15,41,1681,0,1,29,62
6.674158753542148,791.6811746783015,5,12,144,1,1,57,23
5.823863174100692,338.27635308612537,6,26,676,0,1,39,38
5.946730860204709,382.50084415476175,13,4,16,1,0,24,23
7.650467728380029,2101.6283507935077,10,33,1089,0,1,54,49
5.672802554266135,290.8485119888451,11,41,1681,1,0,24,58
7.1275704394778,1245.846427667328,13,41,1681,1,0,54,60
5.745112484625979,312.658795159758,4,46,2116,0,1,22,56
6.12597383515931,457.5901137016837,4,38,1444,1,1,51,48
7.05254647315709,1155.7982076715996,14,39,1521,0,0,55,59
5.934952856142699,378.0221743281085,0,21,441,0,1,49,27
7.22566075917022,1374.246361580989,8,33,1089,0,1,58,47
5.9732880846305125,392.7950932320466,2,27,729,0,1,48,35
7.290570618788116,1466.407218023671,3,32,1024,1,1,45,41
6.528839119807887,684.6030079417076,15,5,25,1,1,44,26
6.849039348336422,942.9746012999453,6,36,1296,0,1,31,48
6.857823242053804,951.2940751711676,13,13,169,1,1,37,32
6.113080422458012,451.72808748773775,15,0,0,1,0,45,21
7.277680817632552,1447.626818403453,17,34,1156,0,0,34,57
6.600428467042625,735.4102207892533,15,5,25,0,1,24,26
7.608609205691501,2015.4730391074684,15,41,1681,0,1,52,62
5.031046088525165,153.09307787188996,1,19,361,1,0,28,26
7.1565585094285105,1282.4896533236854,9,28,784,0,1,51,43
6.34950109655738,572.2071616664693,6,9,81,0,1,32,21
6.75009775552624,854.142255570809,14,14,196,1,0,47,34
6.198923261048725,492.21876454344766,8,19,361,1,0,42,33
6.057863441691307,427.46116480599636,6,20,400,0,1,43,32
6.77207684350284,873.1233528439192,15,31,961,1,1,50,52
5.813782539862698,334.88344297423697,2,14,196,1,1,24,22
6.507437933673858,670.1073568637247,16,0,0,0,1,21,22
6.072281075939447,433.6687856083973,7,24,576,1,1,49,37
6.310658531752582,550.4072901697292,1,25,625,0,1,24,32
5.890178333081572,361.4697406375158,2,27,729,0,1,29,35
6.576145378699067,717.7672690559066,7,51,2601,0,1,55,64
6.02804386828171,414.9026308655452,1,12,144,0,1,55,19
7.275057661196054,1443.8344429687213,18,22,484,0,0,26,46
7.0057293475808375,1102.9341841087423,16,8,64,0,0,48,30
6.255946436070637,521.1023314876302,4,11,121,1,0,51,21
7.193036503153121,1330.1360419338355,16,37,1369,1,1,46,59
6.697047398979295,810.0106526334247,9,47,2209,0,1,20,62
6.0030234898544625,404.6504021869948,8,13,169,0,0,39,27
5.888253200891049,360.77453300192496,5,37,1369,1,1,53,48
7.20756513299826,1349.6021617458018,10,42,1764,0,1,55,58
6.6859123592091105,801.0411821833649,1,18,324,0,1,45,25
6.845722997246535,939.8525462299667,11,3,9,0,1,42,20
6.946481861880484,1039.4862314796067,11,46,2116,1,0,52,63
6.327013271475258,559.4830718692666,15,5,25,1,1,20,26
6.764085078079002,866.173364151877,11,30,900,1,1,22,47
7.574726937015404,1948.3281737196921,17,5,25,0,1,54,28
6.559773214009982,706.111540230955,12,34,1156,1,0,54,52
7.036680960021831,1137.605575360382,14,34,1156,0,1,32,54
7.085395041768919,1194.394978208237,15,38,1444,0,0,52,59
5.934889330156589,377.9981608594607,3,21,441,0,1,32,30
5.84170112898032,344.3646513675568,11,36,1296,1,0,41,53
6.624723855707822,753.4961101727389,16,8,64,0,1,24,30
5.691149492605372,296.2339437313517,0,23,529,0,1,36,29
6.65821449374487,779.1585020168433,17,31,961,1,0,29,54
6.942559770342916,1035.4172559908866,15,6,36,1,0,46,27
5.614793622191464,274.45673157137605,0,20,400,1,0,34,26
6.761399568578494,863.8503679636397,9,9,81,0,1,28,24
5.743134975300182,312.04112040661647,18,0,0,1,1,26,19
7.071982812026285,1178.482428283642,15,19,361,1,1,29,40
6.920788639462336,1013.1186649212152,13,37,1369,1,1,32,56
6.2482553564222885,517.1098648211956,1,50,2500,0,1,35,57
6.548074753842696,697.8992517256934,5,45,2025,0,1,53,56
6.748864706825694,853.0897056285243,4,28,784,0,0,27,38
7.257334283238207,1418.470252933238,11,23,529,0,1,50,40
6.013098622510958,408.7479155027336,3,37,1369,0,1,47,46
5.946417335421332,382.38093945798585,3,22,484,0,1,26,31
6.913076380508134,1005.3352837305467,4,33,1089,0,1,53,43
6.04052619017407,420.11403661516243,6,10,100,1,0,52,22
6.366820516367888,582.2037756120582,5,37,1369,0,1,23,48
7.3692655656371215,1586.4681983136463,12,24,576,0,0,57,42
5.997731942455863,402.5148306261109,3,39,1521,1,0,45,48
7.054708560081231,1158.2998472699664,12,19,361,0,0,21,37
6.740808656037048,846.2447801857877,3,52,2704,0,0,51,61
6.764554692794448,866.5802274368258,9,19,361,0,1,58,34
5.963383726452744,388.9239123648081,0,56,3136,1,1,21,62
5.609097344322755,272.8977940513652,7,6,36,1,1,45,19
6.3551755043729194,575.463328127868,6,30,900,1,1,46,42
5.75645575983776,316.22556107982894,4,20,400,1,0,34,30
6.194121032764279,489.8606842219479,2,48,2304,0,0,40,56
6.770806471912902,872.0148659861376,14,25,625,1,1,46,45
7.154553855429058,1279.9212805204133,16,37,1369,1,1,53,59
6.6060013705081015,739.5200321115015,12,5,25,1,1,30,23
6.95584836282598,1049.2683207073799,14,0,0,1,1,42,20
8.008464213293218,3006.296535424104,18,28,784,0,1,41,52
7.316218147230763,1504.5033868750295,13,16,256,0,0,42,35
5.65350666261413,285.2901300445305,12,10,100,1,0,20,28
5.8761120314390425,356.4207915006661,11,20,400,1,1,31,37
6.575406715487618,717.2372765469548,8,8,64,1,1,44,22
5.53351545351394,253.03187109824003,2,28,784,1,1,25,36
6.482242464352684,653.4346083688567,10,23,529,1,1,53,39
6.430938059374565,620.7559809465521,9,21,441,1,0,47,36
6.044549452798094,421.80767039873444,0,58,3364,0,1,44,64
7.329397183772871,1524.462524202413,16,11,121,0,1,37,33
6.04223014571851,420.83050249680286,12,23,529,1,0,20,41
6.834897594360539,929.7331359340402,13,39,1521,1,1,51,58
6.016547205859543,410.15995011802454,0,15,225,1,1,48,21
5.388627660855969,218.9027704875455,1,25,625,1,0,39,32
5.5089113000967975,246.88220007646598,1,35,1225,1,0,32,42
6.9350840811962495,1027.70565911266,6,49,2401,0,1,31,61
6.901864711819086,994.1267482118909,8,38,1444,0,1,27,52
6.0934122428126605,442.9302209322095,3,22,484,1,1,58,31
5.387817030986232,218.72539326657022,1,29,841,0,1,27,36
6.920849716207895,1013.1805448018252,18,31,961,1,1,37,55
6.138403406289994,463.3132569944284,4,43,1849,1,0,40,53
6.36457597433988,580.8984602344561,8,10,100,0,0,47,24
6.86551007679308,958.6346924265093,12,29,841,1,1,50,47
7.800308277929343,2441.3544773320777,11,19,361,0,1,34,36
7.9968615178964715,2971.6169697233404,18,18,324,0,1,58,42
7.1996379817534155,1338.94595377811,8,19,361,0,1,52,33
6.586419725986888,725.1798738806906,9,49,2401,1,0,57,64
8.065737275608907,3183.5024708802994,18,33,1089,0,1,42,57
6.77089529674458,872.0923259999653,9,10,100,0,1,35,25
7.400392432800358,1636.626569937279,11,18,324,0,0,43,35
6.650788265864439,773.3937251924617,13,26,676,0,1,40,45
6.151317818984388,469.33547863016616,7,20,400,0,1,27,33
6.647717908133317,771.0227714897319,15,15,225,0,1,36,36
6.791487507100809,890.2368109931348,16,37,1369,1,1,34,59
6.231163828098508,508.34676760444677,3,25,625,0,1,33,34
6.390761273178627,596.3103620246869,5,51,2601,1,0,39,62
7.6684518989060235,2139.7663052658995,11,13,169,0,1,51,30
6.243036762708646,514.4183077113072,17,1,1,1,0,30,24
6.821237438303787,917.119186610333,6,32,1024,0,1,57,44
6.038729240472727,419.3597906964827,4,17,289,1,0,51,27
6.070184893896564,432.76068898787383,9,36,1296,1,0,23,51
6.082374143080947,438.06799720212956,5,42,1764,1,1,48,53
6.525203007592114,682.1182347762689,13,23,529,1,1,24,42
5.923610714838829,373.75881691655314,5,12,144,0,1,31,23
6.641602120382365,766.3217497463764,13,22,484,1,0,58,41
6.930425516500698,1022.9291602645346,11,18,324,0,1,42,35
6.771609395115148,872.7153081177308,11,23,529,1,1,52,40
5.829410712765176,340.15816913168663,7,10,100,1,0,35,23
6.224661325919437,505.05196547875005,9,31,961,1,1,30,46
7.346934191175547,1551.4328328098893,15,21,441,0,1,27,42
7.076334782722102,1183.6223255057955,7,21,441,0,1,52,34
6.453787997678068,635.1035126647043,8,49,2401,0,1,53,63
6.798540740426995,896.53805488545,12,23,529,0,0,40,41
7.145414267353735,1268.2766219971304,16,6,36,0,0,57,28
7.295814148694745,1474.1165625521994,18,19,361,0,0,36,43
7.248052347585745,1405.365018381744,16,29,841,1,1,53,51
5.490357929103747,242.34393328291094,6,33,1089,1,1,22,45
6.106351809713704,448.6987870451831,0,14,196,1,0,43,20
6.843444615022322,937.713640442976,13,9,81,0,1,41,28
6.843894008716873,938.1351377423066,16,33,1089,1,1,29,55
6.581035443122382,721.2857931357928,12,13,169,1,1,24,31
5.544957036907028,255.94358187915006,1,36,1296,1,1,50,43
6.79345121622796,891.9866947132055,13,19,361,0,0,43,38
5.723508990575799,305.97671080506353,0,50,2500,0,1,30,56
6.291722316556493,540.0827219143989,4,37,1369,1,0,33,47
5.958341121888872,386.96765931986056,6,13,169,0,0,23,25
6.4936611677446825,660.9387465755563,18,13,169,1,1,27,37
6.795043773003465,893.4083659131079,13,30,900,0,0,26,49
7.22495249110707,1373.2733713817968,13,20,400,0,1,54,39
6.226107687670336,505.78298185345807,14,4,16,1,1,51,24
5.985868647347022,397.76789124873216,4,16,256,0,0,41,26
6.715756845933334,825.308161708281,4,52,2704,0,1,41,62
6.138799713111101,463.4969075870724,1,11,121,0,1,45,18
7.688699447596686,2183.532915792378,17,23,529,1,1,55,46
6.721700464592384,830.2280852888005,8,11,121,0,1,48,25
6.024401586755704,413.39418743348585,9,6,36,1,1,23,21
6.957397663853578,1050.8952131425142,17,29,841,0,1,50,52
6.094384065294907,443.3608797070234,3,11,121,1,1,41,20
5.43842365994204,230.0792143723264,7,49,2401,1,0,27,62
8.062646576393329,3173.678411717028,17,34,1156,0,1,40,57
6.862522935283779,955.7753876446412,16,2,4,0,1,34,24
7.188717221184744,1324.4031991074964,15,23,529,0,1,23,44
5.987021487624397,398.22671852127365,17,0,0,1,0,24,18
6.3181850164148585,554.56555111106,6,32,1024,0,1,55,44
5.761776168177046,317.912493798249,0,27,729,0,0,21,33
5.027022123124472,152.47827442693307,0,49,2401,0,0,27,55
6.631621870345178,758.7117053147663,17,1,1,0,1,23,24
5.910724212463083,368.97327371584817,3,52,2704,0,1,32,61
5.761230830771245,317.73917148747444,3,31,961,1,1,33,40
6.228708031804232,507.0999031455618,5,47,2209,1,0,28,58
6.201997494580752,493.7342883179133,2,20,400,0,1,47,28
6.180491414062891,483.2293637202824,5,48,2304,1,1,57,59
5.9689888936140685,391.11001692382735,12,32,1024,1,0,31,50
6.370157317011973,584.1497183514535,6,41,1681,1,0,47,53
6.34859253363218,571.6875115570042,3,45,2025,0,0,32,54
5.777701925259487,323.0160218552514,0,52,2704,0,0,40,58
6.558602032469271,705.2850395150183,5,23,529,1,1,57,34
6.60452106604538,738.4261271636391,4,42,1764,1,1,45,52
6.734551370066383,840.966116871157,12,4,16,0,1,44,22
8.10205259632733,3301.2372331533397,18,25,625,0,1,41,49
6.313911960644093,552.2009172867091,3,11,121,0,0,27,20
6.7231457823015806,831.4288962107503,5,53,2809,0,1,56,64
6.664461081326297,784.0408168675708,12,34,1156,0,0,59,52
6.378957351181524,589.3129407797657,4,21,441,0,0,41,31
7.0994426864503195,1211.2918170027474,12,30,900,0,1,32,48
6.2312855487486445,508.4086476694586,9,33,1089,1,1,56,48
5.993603344886473,400.85643465518865,2,26,676,0,1,33,34
6.7702016999068775,871.4876552435701,12,23,529,1,1,37,41
6.53368240923145,687.9267809494708,11,23,529,1,0,52,40
5.876447409122756,356.54034712717083,3,26,676,0,1,26,35
6.288794837661499,538.5039531780426,9,16,256,0,1,29,31
5.7981109282174685,329.6761893125229,2,24,576,1,1,49,32
7.263621985858018,1427.4172706753498,16,10,100,0,1,53,32
5.898644340128306,364.542936502379,8,9,81,1,1,22,23
6.655540678799428,777.077959102185,0,38,1444,1,0,59,44
6.3207700360073735,556.0009684176192,17,9,81,1,0,31,32
5.466947429765154,236.7364340689136,8,39,1521,1,0,55,53
5.991979906904364,400.206197046823,8,11,121,1,1,50,25
5.884385229703839,359.3817628370874,1,25,625,0,1,42,32
6.2678990661098775,527.3682473572586,18,0,0,1,0,27,20
6.639244027413906,764.5168207482862,15,43,1849,0,0,20,64
6.973880007661949,1068.3599639838421,2,22,484,0,1,54,30
7.032703597524374,1133.089891816188,15,37,1369,0,0,34,58
6.3791475690160055,589.4250492733723,12,33,1089,1,0,47,51
5.954920246954852,385.6461529964762,2,33,1089,0,1,31,41
6.194036936257834,489.819490381913,9,42,1764,1,1,20,57
7.629863984868867,2058.7699769243545,17,26,676,0,1,30,49
6.084851375809702,439.1545388348191,5,38,1444,1,0,56,49
6.3684371318920565,583.1457364630628,5,36,1296,0,1,21,47
7.391844738162987,1622.696804286157,17,7,49,0,1,54,30
5.311926459584877,202.7404236521553,5,7,49,0,0,27,18
6.739247749565609,844.9249016034672,5,40,1600,0,1,50,51
7.039754020441133,1141.1068831365285,12,14,196,0,1,40,32
6.747981249075519,852.3363697357064,13,42,1764,1,1,22,61
6.164244590441575,475.44185392634876,6,19,361,0,0,44,31
6.4956316818255635,662.2424197135821,12,28,784,1,0,47,46
6.930387227557413,1022.889994137753,14,31,961,0,0,47,51
6.926821663347421,1019.2493085900177,11,18,324,0,1,21,35
5.3338415516941415,207.2325415143003,0,18,324,0,1,27,24
5.821501830182037,337.4785086402339,2,38,1444,0,0,20,46
7.847978435000254,2560.552757335537,17,25,625,1,1,40,48
6.322983474800361,557.2330055464298,7,29,841,1,1,34,42
6.467812059462657,644.0729908188168,1,48,2304,0,1,27,55
6.107832960262171,449.3638699220569,3,22,484,1,1,59,31
7.101001958431049,1213.1820236836686,17,2,4,0,1,41,25
6.638638361405666,764.0539190932801,12,26,676,1,1,58,44
5.528942222778083,251.87733994904764,14,0,0,1,0,39,19
5.606362489888479,272.1524779392815,1,27,729,1,1,32,34
6.423954434389825,616.4359562424684,9,39,1521,0,0,45,54
6.079213443735636,436.68558182072957,1,24,576,0,1,58,31
6.9705978342328745,1064.859169547347,11,25,625,0,1,26,42
5.931030131775599,376.542202192735,4,37,1369,1,1,30,47
6.333072796475048,562.8835658143597,11,29,841,1,0,50,46
5.848226304462404,346.6190382837542,0,31,961,0,0,53,37
5.66086664553007,287.3976065097574,1,31,961,1,1,30,38
6.730537146413804,837.5970573969913,15,18,324,1,1,43,39
6.669067048662088,787.6604127310255,1,45,2025,0,1,44,52
7.20576474267354,1347.1745370633112,15,33,1089,1,0,52,54
6.053283807339396,425.5080247188691,15,12,144,0,0,48,33
6.027136104458914,414.52616816272524,5,49,2401,0,0,40,60
7.337866608286878,1537.4286748864884,12,16,256,0,1,52,34
6.70451420913338,816.0814850703707,11,16,256,0,1,25,33
5.843644794027619,345.0346318017985,9,4,16,1,0,56,19
5.104777972320601,164.80747464799836,4,11,121,0,0,21,21
7.005152707539894,1102.2983714308023,7,25,625,0,1,49,38
6.656511956514054,777.8330842651453,5,45,2025,0,1,47,56
5.332898693674307,207.0372427345412,4,41,1681,1,0,51,51
5.318226925640813,204.021815252857,5,36,1296,1,1,46,47
6.842310109745839,936.6504026085719,16,1,1,1,1,58,23
6.743575209699963,848.5892032729572,5,23,529,0,1,41,34
6.910486757196341,1002.7352120997228,16,34,1156,1,1,34,56
7.020734942997476,1119.6091643622829,4,32,1024,1,1,57,42
6.980679352767421,1075.6488638675828,16,0,0,0,0,56,22
6.52993785286345,685.3556172791365,16,0,0,1,1,55,22
6.997642501861928,1094.0508928384513,12,19,361,1,1,57,37
5.392363783451002,219.72214776835193,6,21,441,1,0,26,33
5.856088203073322,349.3548623132902,5,47,2209,1,0,50,58
6.2460115136117915,515.9508523759367,13,35,1225,1,0,49,54
7.311631862750138,1497.619105045213,15,36,1296,0,0,33,57
6.1497948076504985,468.6212194273109,2,18,324,1,0,53,26
6.162332114532272,474.5334517599481,8,8,64,1,0,46,22
7.139207062982677,1260.4285522900796,14,39,1521,0,0,42,59
5.347430667154897,210.06786961684244,17,0,0,1,0,22,19
6.365565610116418,581.4736226869682,9,11,121,1,0,24,26
5.679033273489797,292.66636478782544,9,45,2025,0,0,49,60
5.626822895256968,277.778183816101,2,45,2025,1,0,26,53
5.598499319517985,270.02088814824333,0,33,1089,0,0,37,39
5.87636231635447,356.51000941280654,2,31,961,1,0,57,39
6.05449092046991,426.0219711759981,4,29,841,0,1,29,39
6.247138431085819,516.5326141444029,6,39,1521,1,0,53,51
6.873788621733195,966.603733327859,2,38,1444,0,1,52,46
6.190437295946595,488.0594859909056,3,46,2116,1,1,51,55
6.900588458892316,992.8588003231123,16,41,1681,1,0,50,63
6.117191236329634,453.58887964065366,2,42,1764,0,1,47,50
5.598086877388208,269.9095431213196,3,26,676,1,1,23,35
6.13070341903604,459.75945051198244,1,17,289,0,1,34,24
6.041421936818442,420.4905209458289,13,0,0,1,1,21,18
6.398484402741843,600.9335740633446,4,40,1600,1,1,42,50
6.141546306491525,464.77169498522034,1,11,121,1,1,42,18
6.480135441293784,652.0592560399047,14,21,441,1,0,54,41
7.21276324122716,1356.6358048299053,10,5,25,0,1,46,21
6.560288643184214,706.4755845305189,9,6,36,0,1,45,21
5.793785723571861,328.253351577285,0,29,841,1,0,53,35
7.539617984006059,1881.111273291295,18,20,400,0,1,32,44
7.367461393135889,1583.6085164715373,13,41,1681,0,0,59,60
7.208327272464394,1350.6311388790818,13,30,900,0,1,29,49
6.663173586966663,783.0320182887236,0,44,1936,1,1,58,50
6.543350536880952,694.609999930184,8,31,961,0,1,45,45
5.931866059991816,376.8570960401338,16,37,1369,1,0,23,59
6.443173713353556,628.3979935044645,13,39,1521,1,1,37,58
6.802232997799847,899.8544228029862,12,35,1225,1,1,54,53
6.1557813061681035,471.4350337067472,12,5,25,0,1,36,23
6.317832660966002,554.370181339201,5,22,484,0,1,46,33
5.988688598474007,398.8911602994857,6,39,1521,0,1,27,51
5.327330374929974,205.8875971421061,1,33,1089,1,1,32,40
6.85163350361071,945.4239995214539,7,46,2116,0,1,41,59
7.016473660348262,1114.8483440608807,5,30,900,0,1,55,41
5.874537122359321,355.8599029500985,2,22,484,0,0,49,30
7.392627071262592,1623.966790418094,17,12,144,1,1,54,35
6.624841327262207,753.5846297311867,17,7,49,1,0,23,30
6.030103811749205,415.75818772648984,5,43,1849,0,1,32,54
6.71837842957349,827.4746146110646,10,44,1936,0,1,25,60
5.67979781254302,292.8902052097396,2,48,2304,1,1,37,56
7.067310691288713,1172.9892584603163,15,38,1444,0,0,27,59
5.9914077614843,399.97728639543647,4,24,576,1,1,39,34
6.5275871471388704,683.7464399983498,1,25,625,1,1,40,32
6.082233628064515,438.0064463948119,14,15,225,1,0,51,35
6.411393257695824,608.7412238965426,15,19,361,1,0,51,40
6.146412582114776,467.03891413745214,6,35,1225,1,1,21,47
6.753181957931174,856.780669779871,15,30,900,1,1,21,51
5.892126386231647,362.1745892227719,3,12,144,0,1,51,21
6.542284220406636,693.8697206001992,15,0,0,0,1,41,20
6.445683340136901,629.9770184925097,16,2,4,1,1,45,24
5.438726689687457,230.14894578289568,1,28,784,0,0,29,35
6.944930066751736,1037.8744127388788,15,38,1444,1,1,58,59
5.902339983519787,365.8926496897122,3,15,225,0,1,24,24
6.009775108879072,407.3916911969148,6,45,2025,1,1,31,57
6.389886462875581,595.7889316857453,17,0,0,1,1,51,23
6.5590205235741275,705.5802567990385,5,28,784,1,1,59,39
6.516966124913207,676.5227830786836,17,0,0,0,1,37,18
5.955362107224004,385.8165923618556,6,9,81,1,1,29,21
5.709427641326865,301.69833919490134,1,56,3136,0,0,42,63
6.849361015076027,943.2779736552577,18,36,1296,0,1,20,60
6.537530993381596,690.5794262452549,8,32,1024,0,1,56,46
5.1063076213435,165.05976514932658,3,29,841,1,1,37,38
7.316264741014286,1504.5734890132965,13,24,576,0,0,49,43
5.7268846795244395,307.01133831410505,4,21,441,1,0,38,31
6.418016978287451,612.786739066348,6,14,196,1,1,57,26
6.281730237493362,534.7130444536429,7,51,2601,1,0,36,64
6.286459447010309,537.2478034512511,14,9,81,1,1,47,29
6.965738405682395,1059.697114972378,18,35,1225,1,1,41,59
6.017775027365557,410.6638626196827,10,7,49,1,0,57,23
6.5541349001852645,702.14146455574,3,28,784,1,1,51,37
7.5986906469039415,1995.581263234044,17,18,324,0,1,44,41
6.809490795371923,906.409141686626,13,25,625,0,1,28,44
7.175487061114855,1306.9965331748551,5,44,1936,0,1,55,55
6.253770343411834,519.9695974437074,15,4,16,0,0,56,25
6.927080711163319,1019.5133770989718,17,0,0,0,1,20,18
5.733823780852498,309.1491296969597,0,35,1225,1,1,48,41
5.862971795176944,351.7679745966648,7,51,2601,1,1,34,64
6.642807906824556,767.246327432174,0,18,324,0,1,48,24
6.666894493369431,785.9510344642855,0,30,900,1,1,40,36
8.005989306027374,2998.865429727105,18,15,225,0,1,31,39
6.733673112236236,840.2278560332617,9,37,1369,0,1,45,52
6.800766896922595,898.5361120687146,17,24,576,1,0,50,47
7.01393728082717,1112.0242485548872,11,29,841,1,1,54,46
7.52661646263842,1856.812269177403,16,17,289,0,1,33,39
5.090990097779446,162.55072351646064,0,22,484,0,0,26,28
6.44552671486464,629.8783558971996,7,24,576,0,0,22,37
6.0239166413356084,413.19376241712075,9,31,961,0,0,23,46
6.161423211218645,474.10234268113044,9,43,1849,1,1,21,58
7.248861598681883,1406.5027718653798,17,36,1296,1,1,54,59
6.5430504160972225,694.4015643121134,8,37,1369,1,1,52,51
5.752773698914497,315.0633402953816,1,11,121,0,1,56,18
5.563269561188601,260.67373325628967,2,40,1600,1,0,32,48
6.080875223310963,437.4118602916682,1,40,1600,0,1,26,47
6.228422278001417,506.95501812153975,5,24,576,1,0,58,35
7.173623395303123,1304.5629967735779,11,17,289,0,1,46,34
6.383734933052379,592.1351679443869,18,31,961,1,1,22,55
6.783873558643172,883.4843329304161,14,11,121,1,1,36,31
7.520247866264258,1845.0245567252903,18,16,256,1,1,44,40
7.190935029330344,1327.3437308728942,11,25,625,0,0,49,42
5.942880277428112,381.03082502372854,17,9,81,1,1,33,32
7.065791797664815,1171.2089649352486,15,42,1764,1,1,48,63
5.566331975824363,261.47324791001466,1,32,1024,1,0,24,39
5.82858523148106,339.87749079272527,10,4,16,0,0,26,20
7.010942400056864,1108.6988505875331,11,19,361,0,0,38,36
6.654911851270217,776.5894646946215,4,51,2601,0,1,52,61
6.351431013870095,573.3125404759905,5,40,1600,0,0,40,51
6.047549894367042,423.0751802608273,10,36,1296,1,0,40,52
6.009025752403941,407.08652394900855,9,3,9,1,1,36,18
6.755442654294455,858.7197817700242,3,29,841,0,1,42,38
6.869305669637536,962.280193447744,8,32,1024,1,0,46,46
6.377372395284229,588.3796455701741,11,6,36,0,0,50,23
6.349261434433364,572.0700417146131,9,39,1521,0,0,34,54
6.973435834016815,1067.8855320172124,13,0,0,0,1,59,18
5.653631541919398,285.32575910239,4,8,64,1,1,59,18
4.913647151779119,136.13501515625666,0,38,1444,1,1,20,44
6.25171495554016,518.9019558241649,4,28,784,0,1,39,38
6.8028994980070605,900.45437587446,15,12,144,1,0,53,33
5.771566781313499,321.04033881129595,4,51,2601,0,1,20,61
6.688162658850679,802.8457945662893,4,47,2209,0,1,51,57
7.270985351754719,1437.9666581617619,17,20,400,0,1,41,43
6.673523706047015,791.1785791342895,5,22,484,0,1,48,33
7.062119219191673,1166.915496977871,17,22,484,1,1,30,45
6.537183340567252,690.3393860919281,9,3,9,1,1,52,18
6.961044779632675,1054.7349473780334,14,33,1089,0,0,57,53
5.880239655905308,357.8950030828014,10,11,121,0,0,20,27
7.418041743044402,1665.7683093612482,18,36,1296,0,1,57,60
6.669509989775447,788.0093771908373,12,16,256,0,0,28,34
6.356169834279715,576.0358130975853,2,32,1024,0,0,32,40
7.278914612252073,1449.413994860712,15,3,9,0,1,43,24
5.8133508742642706,334.73891650821787,6,49,2401,1,0,55,61
6.688138455125004,802.8263629420779,11,7,49,0,1,39,24
7.397925965130894,1632.5948575036255,14,41,1681,0,1,20,61
6.563394309112117,708.6730722473952,7,19,361,1,1,54,32
6.904260933554134,996.5117526919353,16,29,841,0,1,39,51
6.721583922266867,830.1313342149383,0,57,3249,0,1,59,63
6.755494142691866,858.7639970136893,7,49,2401,0,1,20,62
6.454911036955485,635.8171595063634,13,2,4,0,1,25,21
6.680956464812685,797.081127588666,9,16,256,0,1,45,31
7.371296725109623,1589.6938430128876,18,7,49,0,1,48,31
6.669719813476404,788.1747375824065,7,20,400,1,1,34,33
6.368599620383099,583.2404986325112,18,0,0,1,0,56,24
6.382247837997025,591.2552610787662,3,40,1600,1,0,38,49
6.499028326125082,664.495646191512,9,21,441,0,1,28,36
6.330147520867036,561.2393822666179,2,11,121,0,1,36,19
6.2691641026530025,528.0358096181508,3,18,324,0,1,51,27
7.175871253475138,1307.4987677289787,15,13,169,0,0,47,34
5.801278182407642,330.72201292486784,3,45,2025,0,0,34,54
6.796926141436416,895.0916734242579,12,11,121,0,1,47,29
6.619584376931997,749.6334673945228,16,1,1,0,0,28,23
7.19679663334489,1335.1469415378003,15,18,324,0,0,46,39
6.746206254507339,850.824819203014,16,27,729,0,1,38,49
5.8262721574702585,339.0922375264898,5,47,2209,0,0,26,58
6.6054721045387925,739.1287328846992,2,29,841,0,1,44,37
5.614081519010864,274.26135963063314,3,9,81,0,0,49,18
6.864707936816267,957.8660415405708,7,51,2601,0,1,32,64
5.983646554279063,396.88499527673054,8,9,81,0,1,21,23
5.854385537111367,348.7605337956377,0,30,900,0,0,37,36
7.034020739028522,1134.5833148494532,12,17,289,0,1,59,35
6.092027640287325,442.3173630099833,1,16,256,0,0,27,23
7.149138393163192,1273.0086495625505,9,47,2209,1,1,39,62
6.9438367141572455,1036.7402701787921,18,26,676,0,0,28,50
7.241590487138705,1396.31302361691,16,18,324,0,1,32,40
6.4294400864401196,619.826801404852,12,22,484,0,0,40,40
6.879748018544852,972.3813068621222,13,24,576,0,1,47,43
6.908689406972359,1000.9345644236571,10,14,196,0,1,26,30
6.3012456588960415,545.2506836426774,9,9,81,1,1,50,24
6.0319452066056325,416.52446801065275,6,20,400,1,0,42,32
6.806559841196929,903.7563874780964,9,46,2116,0,1,32,61
5.83892964811072,343.4115726538943,0,38,1444,1,1,55,44
6.4034975893210735,603.9537301696565,13,24,576,0,1,21,43
6.006929417713036,406.2340282170422,2,42,1764,0,1,53,50
5.889944741555062,361.3853142300437,12,14,196,1,0,24,32
6.35566218123345,575.7434609753099,1,46,2116,0,1,21,53
7.4624902278281695,1741.4793424880306,16,40,1600,0,0,53,62
5.796366432812417,329.10157206940846,2,36,1296,1,1,21,44
5.862551644035475,351.6202099245273,14,2,4,1,1,39,22
5.33992946576455,208.49800352316583,7,6,36,1,1,27,19
5.811532830334816,334.1308993215579,5,39,1521,1,0,42,50
6.429908826334209,620.117407058007,8,19,361,1,1,56,33
6.536175053109951,689.6436763442975,10,24,576,0,1,35,40
5.811901655927926,334.25415807777125,1,48,2304,0,1,41,55
5.760208780525365,317.41459198566395,8,19,361,1,0,27,33
6.5556400716879955,703.1991036435055,17,8,64,1,1,45,31
7.448077940338241,1716.5606406227405,18,22,484,0,0,59,46
7.057406163614098,1161.428699333867,17,20,400,1,1,42,43
6.597340928278529,733.1431149146956,4,42,1764,0,1,35,52
6.814616553585709,911.0671033840227,17,9,81,0,1,40,32
6.733545348250086,840.1205120305956,11,3,9,0,1,59,20
6.899208148130351,991.4892920268736,3,31,961,0,0,48,40
6.6960702747632315,809.2195581711879,14,26,676,1,1,39,46
6.802121531231714,899.754124708703,10,35,1225,0,1,31,51
6.990461955470541,1086.2231470272013,18,26,676,1,1,56,50
6.635557364928792,761.7034943448876,4,48,2304,0,1,45,58
5.757766865440933,316.6404380991887,5,47,2209,0,0,22,58
7.0949698805707815,1205.8860423444796,12,22,484,1,0,37,40
6.098856395756792,445.3481766869067,9,9,81,0,1,20,24
6.122885658011055,456.1791741063157,13,1,1,1,1,38,20
6.321892152836467,556.6252166354867,3,40,1600,0,1,32,49
7.795452367092333,2429.5282145458987,11,31,961,0,0,52,48
6.126204565453803,457.6957057845531,14,15,225,1,0,49,35
6.6415043690654425,766.2468444472577,9,45,2025,1,0,41,60
6.441786371649225,627.5267952257444,10,8,64,1,1,46,24
5.627241153005147,277.8943909943394,8,44,1936,1,1,32,58
5.836515663412392,342.5835821525599,10,2,4,1,1,27,18
5.891337238053795,361.888892548954,1,24,576,0,1,21,31
6.715007699039538,824.6901161948563,12,31,961,1,1,38,49
6.8765157635019225,969.2433964746394,7,10,100,0,1,43,23
6.1531584632625735,470.2001538290606,7,43,1849,0,1,24,56
5.361129019965735,212.96525279110068,0,21,441,0,1,27,27
5.647276394214664,283.51822142733295,5,13,169,0,1,39,24
7.570042084792436,1939.2218915922672,12,25,625,0,1,54,43
6.642326094780956,766.8767479522811,8,37,1369,0,0,21,51
6.318173926729767,554.5594011878362,5,36,1296,0,1,25,47
6.30904503893824,549.5199280308069,14,33,1089,1,0,35,53
6.939876886003763,1032.643074318597,15,17,289,1,1,55,38
6.620989556144647,750.6875771931527,3,25,625,1,0,21,34
7.307107740304209,1490.8589961471378,16,28,784,0,1,33,50
6.5610074693459115,706.9836002288923,8,13,169,1,1,57,27
6.12449700852276,456.91483119347845,11,47,2209,0,0,45,64
7.0742504210368455,1181.1577978564735,18,35,1225,1,0,39,59
7.105668154995433,1218.8561975844377,11,12,144,0,1,48,29
6.008776629139118,406.9851218564314,5,22,484,0,1,23,33
6.684512062356566,799.9202717240486,11,41,1681,0,0,39,58
6.662493203054098,782.4994371008382,8,35,1225,1,1,43,49
5.756768304318164,316.3244110802134,4,22,484,1,1,20,32
6.254131327772635,520.1573322190966,2,36,1296,1,0,44,44
5.385497468189554,218.21863393891462,1,38,1444,0,0,33,45
6.771715620956654,872.8080179597335,7,21,441,0,1,54,34
6.426714799235737,618.1398950502823,9,48,2304,1,0,40,63
6.90683695998353,999.0821025272431,14,0,0,0,1,55,19
6.087202367389296,440.1882020484141,8,39,1521,1,1,42,53
6.604182923786943,738.1764762964438,9,9,81,0,0,39,24
5.943602930645691,381.3062776918195,10,14,196,1,1,45,30
6.0700929879790255,432.7209175473211,8,18,324,1,1,46,32
6.4189645056214895,613.3676464208863,13,23,529,1,0,33,42
6.755981347878583,859.1824932256845,4,30,900,0,1,55,40
5.976265908252871,393.9665110115649,8,25,625,0,0,23,39
5.58608005664442,266.68816557181117,3,34,1156,1,1,45,43
6.310800680677146,550.4855355352148,1,43,1849,1,1,59,50
6.249007454094087,517.4989282350963,18,4,16,0,0,35,28
6.075481825027689,435.05907437434723,0,21,441,0,0,58,27
5.793471867170283,328.1503433272981,0,36,1296,1,0,39,42
7.0432029364211735,1145.049259455168,11,37,1369,1,0,43,54
6.6253095759670995,753.9375773852776,10,44,1936,1,1,29,60
5.398874577079553,221.15738051018116,0,49,2401,1,1,21,55
6.717161943948898,826.4686156533697,13,39,1521,1,1,28,58
7.15215782272829,1276.858218341862,10,46,2116,0,1,37,62
6.7828041071957825,882.5399943839356,6,29,841,0,1,49,41
5.803427133935551,331.433482683071,1,50,2500,0,1,22,57
7.167046566561435,1296.0112618343135,14,43,1849,1,0,48,63
6.1231989756754475,456.3221254931192,7,37,1369,0,1,26,50
6.348052917899294,571.3791031999582,14,14,196,0,0,44,34
5.981573421990117,396.0630524704938,7,28,784,0,1,43,41
7.152766323722881,1277.6354242789864,9,39,1521,0,1,25,54
5.998881511103191,402.9778151207264,18,0,0,1,0,34,19
5.828683642865431,339.9109402529877,2,41,1681,1,1,34,49
6.985827758048698,1081.201020270975,13,22,484,1,1,59,41
6.308236655174708,549.0758845462024,8,12,144,0,1,46,26
6.498644317765201,664.2405232960679,8,7,49,1,1,40,21
6.738441735365362,844.244154517396,5,23,529,0,0,51,34
6.410176680467555,608.0010934898272,7,21,441,1,0,51,34
6.78152954480569,881.4158586420912,10,31,961,0,1,31,47
6.280766192742167,534.1978055463283,7,44,1936,0,1,28,57
6.335823494745851,564.4340201038698,11,11,121,0,1,39,28
6.456345998321326,636.7301874892654,9,23,529,1,1,34,38
5.787085040455987,326.06118260366145,3,29,841,1,1,32,38
7.17205310863056,1302.5160664405462,15,14,196,0,1,27,35
6.148261431640924,467.90319753132513,5,35,1225,0,1,40,46
5.96386228347755,389.1100791773503,8,27,729,1,1,44,41
6.749792514960655,853.881576492567,4,17,289,0,1,54,27
6.558061804383984,704.9041276274529,5,51,2601,0,1,59,62
7.284693932857235,1457.8148753346115,16,12,144,0,0,49,34
7.01833122118665,1116.9211672871468,16,13,169,1,0,50,35
6.7382478564500605,844.080489242604,12,41,1681,0,1,25,59
6.059786530725129,428.28400162506165,16,15,225,1,1,30,37
7.697561498824421,2202.969493115868,13,35,1225,0,1,27,54
6.446354753862471,630.400135736987,1,55,3025,0,1,27,62
7.671162391906805,2145.573994154024,18,11,121,0,1,58,35
5.794295378330169,328.4206900986616,2,26,676,1,1,31,34
5.600409743039934,270.53723546836886,1,19,361,0,1,22,26
5.98728661575951,398.3323136260054,1,24,576,1,1,35,31
6.66002845957284,780.57315158916,6,34,1156,0,0,46,46
6.232960879976351,509.26111443604515,3,39,1521,0,1,35,48
5.973412256491777,392.84387035817934,16,0,0,1,1,24,21
6.536050804276299,689.557994244937,5,24,576,1,0,59,35
6.191773488089566,488.71206312851757,6,25,625,0,1,31,37
6.017317493215941,410.47601285563894,5,53,2809,1,0,22,64
6.241475649499907,513.6158690081182,8,46,2116,1,0,54,60
6.348292952398205,571.516270358449,3,52,2704,0,0,22,61
5.978473530501122,394.8372009699859,4,16,256,0,1,50,26
7.834504870862398,2526.2843626514154,18,6,36,0,1,43,30
6.742603792110961,847.76526905195,9,17,289,0,1,48,32
6.933959423669172,1026.550491913022,17,21,441,1,0,52,44
6.75698369840236,860.0441270051836,14,12,144,0,0,57,32
5.742197881082205,311.74884544289,0,39,1521,0,1,35,45
5.937957244572836,379.1596075650512,4,44,1936,0,0,52,54
5.70276999950041,299.6964111672724,4,26,676,1,1,29,36
6.630888355083862,758.1553827604648,7,30,900,1,1,49,43
7.925569801587684,2767.1406274961378,14,23,529,0,1,53,43
7.822650353826791,2496.513291117097,16,20,400,0,1,54,42
7.0672050322426925,1172.8653280815727,18,19,361,0,0,26,43
6.418622428058999,613.1578629946354,12,25,625,1,1,25,43
7.13313488900823,1252.7982006944667,9,48,2304,0,0,34,63
6.956053623449521,1049.4837162825086,16,23,529,1,0,51,45
5.7418667942127675,311.64564657843863,4,25,625,0,0,21,35
7.4424233858493185,1706.8816459378786,17,26,676,1,1,51,49
6.399851954744247,601.7559441646398,16,0,0,1,0,47,20
6.031612096905001,416.3857427764516,3,10,100,1,1,40,19
6.889960611722028,982.362722880214,6,38,1444,0,0,36,50
5.698827514371873,298.5171885843238,4,49,2401,1,1,38,59
6.113651794078828,451.9862658481243,7,23,529,0,1,33,36
6.726919721203162,834.5725863821785,7,21,441,0,0,53,34
6.489098396681817,657.9299039384729,10,45,2025,1,0,39,61
5.874765676633063,355.94124554701625,8,36,1296,1,0,40,50
7.1011655631527,1213.3805222281724,18,5,25,1,1,22,29
7.11559755919626,1231.0189981841331,18,0,0,0,1,33,20
6.1585765785648325,472.75466655069886,8,46,2116,1,1,40,60
7.345826114191878,1549.714677895903,16,21,441,0,1,46,43
6.47544028571931,649.0049123094686,15,31,961,0,1,26,52
6.285232875102669,536.5892343618359,6,13,169,1,1,48,25
5.4153609100345745,224.8336757670982,2,45,2025,0,0,28,53
6.468376084616918,644.436366653741,18,0,0,1,0,59,24
6.4723269995929975,646.9875163150228,7,50,2500,0,1,34,63
7.023888954496195,1123.1459992176815,4,53,2809,0,1,47,63
6.905537018902809,997.7841984413462,5,42,1764,1,1,57,53
5.084287890214372,161.46491754060634,1,26,676,1,1,34,33
6.8502579718411125,944.1244327769518,18,17,289,0,0,34,41
6.7502740649780515,854.2928621999537,12,0,0,0,1,49,18
6.36439262445246,580.7919623306573,5,31,961,1,1,51,42
6.97604518381911,1070.6756575427044,5,16,256,0,1,59,27
5.431619832815095,228.5191085358113,1,26,676,0,0,31,33
5.805018664892515,331.9613893093736,4,23,529,1,0,39,33
6.1662839586744385,476.4124442990142,10,9,81,0,0,46,25
6.405857391678029,605.3806245377912,10,30,900,1,1,21,46
6.66721548478066,786.2033584907512,13,37,1369,1,1,41,56
7.0201434050581994,1118.9470689109971,12,27,729,1,1,45,45
6.410807899718378,608.3849966353407,7,10,100,0,1,59,23
6.237596075407566,511.6271184363023,14,13,169,1,1,27,33
7.718589752000678,2249.784588117254,11,20,400,0,0,55,37
6.726355049876496,834.1014602008682,2,25,625,0,1,45,33
6.784686961652424,884.2032540921286,4,14,196,0,1,56,24
5.9468267716029946,382.5375321049383,5,47,2209,0,0,36,58
5.563106602662514,260.63125770989876,1,24,576,0,1,26,31
5.656177036726034,286.0529795156059,7,47,2209,0,1,20,60
6.582137383912217,722.0810454523893,4,33,1089,0,1,46,43
7.398986302664743,1634.3268772090785,16,21,441,0,0,45,43
5.722863943344324,305.77940501748026,1,24,576,1,1,51,31
6.642742967095136,767.1965042810401,10,8,64,0,1,33,24
5.220781773883494,185.07881731383492,3,41,1681,1,0,38,50
7.476668282102204,1766.345994946296,10,27,729,1,1,28,43
5.567343025366731,261.73774400445217,8,48,2304,1,0,20,62
6.12773859877412,458.39836506136936,5,26,676,0,1,40,37
5.443976343322314,231.36032491108696,1,13,169,1,1,39,20
6.831812448704543,926.869193899254,14,1,1,1,1,52,21
6.576381632487525,717.9368643254257,4,33,1089,1,1,52,43
6.7552999169171954,858.5972191079184,11,11,121,0,1,37,28
7.010605153460812,1108.3250087161182,12,1,1,1,1,36,19
6.711401305135508,821.7213153374583,16,9,81,1,1,32,31
6.190255093916642,487.9705686625249,3,52,2704,0,1,28,61
6.497394081251552,663.4105844580231,9,32,1024,1,1,20,47
5.449514011968105,232.64507570717302,0,23,529,1,0,42,29
6.211734938967572,498.5654820589168,10,27,729,1,1,59,43
7.385302402744836,1612.1152293595887,15,40,1600,0,1,53,61
6.155229076087031,471.1747649705899,10,34,1156,1,1,55,50
6.818638891940558,914.7391036006246,8,16,256,0,1,33,30
5.792651889067026,327.88137751930026,1,24,576,1,0,40,31
6.027943291296861,414.86090330837794,6,29,841,0,0,40,41
7.295851312573547,1474.1713474594735,18,27,729,0,0,47,51
7.815394500887408,2478.4645166272744,17,38,1444,0,1,51,61
6.61860281977117,748.8980202973357,6,31,961,1,1,49,43
6.69712883647691,810.0766205601116,8,24,576,1,1,59,38
6.320948205000461,556.100039375742,11,28,784,0,1,31,45
5.458160391806357,234.6653347767005,2,45,2025,0,0,48,53
6.747543627537078,851.9634505869908,15,36,1296,0,0,20,57
6.239126042538059,512.4104902243122,6,7,49,1,1,45,19
6.138076777700891,463.1619503508666,4,49,2401,0,1,35,59
6.677064607560859,793.9850303142136,6,14,196,0,1,37,26
7.484740292855518,1780.6616591785678,18,16,256,1,0,52,40
6.941177641029176,1033.9871639631426,16,10,100,0,1,42,32
6.294463091645329,541.5649975487137,15,9,81,0,1,24,30
7.555125598384464,1910.5101858531448,18,16,256,0,0,40,40
7.299275886604192,1479.2284105738977,17,11,121,1,0,20,34
6.693111615851304,806.8288918407445,18,0,0,1,1,50,19
5.804217910111018,331.69567603939566,3,28,784,1,1,37,37
6.294171123511557,541.4069009077767,0,31,961,0,0,40,37
6.17748589236708,481.7791877428888,3,54,2916,0,1,26,63
5.646294022789276,283.2398379883817,3,11,121,0,0,20,20
6.221256528926915,503.3352901894515,8,15,225,1,1,42,29
6.198300552801879,491.9123512724509,7,44,1936,1,0,46,57
4.943789517578302,140.3009162279168,1,12,144,1,0,21,19
7.198435927030964,1337.3374344290871,5,42,1764,0,0,53,53
6.102127920847135,446.8075302752096,10,15,225,1,1,35,31
5.148632709411444,172.1958874684567,3,24,576,1,1,59,33
6.8549641139137565,948.5780880391819,13,17,289,0,1,29,36
6.384969206547399,592.8664759118287,8,37,1369,1,0,39,51
6.57636805400575,717.9271158989822,1,54,2916,1,1,56,61
5.575069854551494,263.7679803873735,0,57,3249,1,1,44,63
5.228181794790912,186.4534844411249,3,14,196,1,1,23,23
7.112355080465407,1227.0339095393215,11,13,169,0,0,51,30
5.745401305555502,312.7491106054672,4,43,1849,1,0,47,53
6.606964598061174,740.2327013587065,8,25,625,1,0,59,39
5.819233641562047,336.71391118087354,3,26,676,0,1,32,35
6.2627862577278455,524.6787957458249,15,8,64,0,0,24,29
5.9460563632333105,382.242935482909,1,40,1600,0,1,36,47
6.5167713026968705,676.3909942487949,15,36,1296,0,0,26,57
5.758542841374879,316.8862388142537,15,3,9,1,1,29,24
6.776956647458232,877.3944361839373,10,33,1089,0,1,46,49
6.240317821632661,513.0215343769155,0,30,900,0,1,54,36
7.674337237613788,2152.3966853033735,14,3,9,0,1,42,23
6.327296887135254,559.6417725338843,3,28,784,0,1,35,37
7.519821724019193,1844.2384813203525,17,21,441,0,1,46,44
7.411761538887869,1655.3397253952567,16,38,1444,0,1,34,60
6.533385014027246,687.7222252424234,6,42,1764,0,1,25,54
6.749645299622438,853.7558812798452,17,1,1,1,1,58,24
6.843654790147656,937.9107452374203,12,4,16,0,0,43,22
6.207636943672542,496.52654369251076,9,13,169,1,0,42,28
5.56426198562616,260.9325606514756,0,26,676,0,0,24,32
5.212203826026159,183.49801060132054,1,13,169,0,0,26,20
6.8141877482035,910.6765166553685,16,0,0,0,0,41,22
6.5224204157707515,680.2228164657124,2,32,1024,0,0,48,40
7.5933863735585705,1985.0241783152512,16,32,1024,0,0,50,54
6.682365000539362,798.2046358989809,11,9,81,0,1,54,26
6.974189883612152,1068.69107434176,11,15,225,0,1,53,32
6.682690696641851,798.4646503784344,9,5,25,1,1,38,20
6.872636467532009,965.4906980928597,6,34,1156,0,0,53,46
6.258757336931911,522.569159067671,9,8,64,1,0,49,23
6.560953789404009,706.9456504088873,17,11,121,1,1,38,34
6.360126974538839,578.3197836197604,5,32,1024,1,1,37,43
6.917423623523875,1009.7152339774024,6,26,676,0,1,20,38
6.294624540587668,541.6524397033073,16,3,9,1,0,35,25
6.215781223868836,500.5869069137303,11,21,441,0,1,59,38
7.803019051724551,2447.9814150805814,16,6,36,0,1,47,28
7.720289715960272,2253.6123934776565,17,32,1024,0,1,30,55
6.26937843331675,528.1489960129331,13,6,36,1,1,51,25
6.680861437618193,797.005386804103,10,43,1849,0,0,45,59
5.524546219105014,250.7725164208246,1,34,1156,1,0,29,41
5.902219603512259,365.8486061808204,0,46,2116,0,1,42,52
6.586943238607819,725.5596140878349,10,15,225,1,1,58,31
6.315515234469789,553.0869566559886,1,24,576,1,1,52,31
7.034676278276591,1135.3273225790317,15,6,36,1,1,33,27
5.769080760936344,320.2432172279092,2,21,441,0,1,28,29
6.035526391384191,418.0187932257014,0,49,2401,1,1,33,55
5.977774520605263,394.56130229843933,7,48,2304,1,0,55,61
7.780902790883972,2394.4355196202782,18,39,1521,0,1,21,63
5.816311673557428,335.7314799210384,0,45,2025,0,0,30,51
6.000036033872779,403.4433308564724,4,48,2304,1,1,33,58
6.0598616297581,428.3161665471828,0,21,441,0,1,55,27
6.796532933619487,894.7397855684604,10,18,324,1,0,54,34
5.993268406278782,400.7221948413842,8,20,400,0,0,44,34
6.65650921757883,777.8309538336304,4,10,100,0,1,52,20
5.579916504543226,265.04947443537037,1,41,1681,0,0,28,48
6.702073733639437,814.0922864874854,12,0,0,0,1,32,18
7.045271515591454,1147.4203360365452,17,6,36,0,1,29,29
6.182853072858196,484.37193524825994,11,39,1521,1,0,52,56
6.403041528639553,603.6783534188957,13,2,4,0,1,28,21
6.00281845346206,404.5674426335007,4,49,2401,1,1,59,59
5.535005089283049,253.409077304329,9,15,225,1,0,32,30
6.2880978137535655,538.12873383178,1,44,1936,0,1,43,51
5.863914641369376,352.0997940949269,3,50,2500,0,1,59,59
6.593609427557115,730.4124886878178,11,21,441,0,1,36,38
7.130255822008533,1249.1964979971413,10,23,529,0,1,52,39
5.7410409169008325,311.3883717629061,3,12,144,0,1,42,21
7.076548194457029,1183.8749513554812,10,19,361,0,0,46,35
6.895665545975984,987.9830541947042,8,8,64,1,1,45,22
7.333169629153741,1530.2243370390677,9,21,441,0,1,43,36
5.9465595325944705,382.4353168127003,5,8,64,1,1,30,19
6.373279090492921,585.9761508220454,14,9,81,1,0,48,29
6.025968839962079,414.0425887710543,9,19,361,1,0,24,34
6.686520781100209,801.5287014679402,5,16,256,1,1,43,27
5.035697201638802,153.80678958430494,0,45,2025,1,0,28,51
5.356906755251003,212.067952770936,3,14,196,0,1,29,23
6.207854726619766,496.63469048240717,13,6,36,1,1,30,25
6.17396018684164,480.0835670846485,7,15,225,1,0,50,28
6.834403546304381,929.2739165330532,10,13,169,0,1,22,29
7.025066380169042,1124.4691989833364,14,6,36,0,0,44,26
7.7933499739888425,2424.4257567483746,18,0,0,0,1,59,19
6.27560493795334,531.4477774667965,7,12,144,0,0,46,25
6.532248430490816,686.9410155227278,12,10,100,0,1,20,28
6.837148250479318,931.828002032576,17,30,900,1,0,35,53
6.142044089991332,465.0031082582371,16,5,25,1,0,54,27
6.874950887069484,967.727836467548,5,27,729,0,1,34,38
7.148062733449265,1271.6400616421404,14,17,289,0,1,53,37
5.913367400535024,369.94982951356275,12,7,49,1,0,30,25
7.441051626378965,1704.5418200813376,17,30,900,0,1,28,53
6.66283383165485,782.7660241902026,10,30,900,0,1,43,46
6.606482779527356,739.8761294322331,12,41,1681,1,0,56,59
6.344424058802451,569.3094065336057,0,23,529,0,1,54,29
7.685315145351308,2176.15567089711,17,8,64,0,1,41,31
6.4858183419764375,655.7753932493658,4,28,784,0,0,59,38
7.050105715146964,1152.9806238570343,5,28,784,1,1,57,39
5.411441587403672,223.9542046448143,0,32,1024,1,0,26,38
5.99984569727855,403.36654813442556,6,49,2401,0,1,49,61
5.904344284078121,366.62674395880083,3,38,1444,0,1,48,47
6.8135341899650035,910.0815309653816,8,42,1764,1,1,58,56
6.254672016167569,520.4386512982945,14,17,289,1,0,28,37
6.145998680817448,466.845646124688,5,30,900,1,0,20,41
6.726350740858674,834.0978660505548,16,18,324,1,1,22,40
6.819516183962644,915.5419490319581,17,1,1,0,1,24,24
5.44621759546057,231.87944325424638,3,17,289,1,1,30,26
4.7510066684482455,115.70069816467115,8,4,16,1,0,23,18
6.724153699451472,832.267330119134,13,24,576,1,1,52,43
5.708822610305087,301.51585754956426,2,47,2209,1,1,52,55
5.212465672715418,183.54606523908149,0,49,2401,0,0,39,55
6.579239458817854,719.9915377513116,10,45,2025,1,0,56,61
6.165093874967291,475.84581084866727,0,33,1089,1,1,39,39
6.71117185750372,821.5327949562686,11,44,1936,1,0,53,61
6.433974059139854,622.6434597017493,8,13,169,0,0,40,27
5.264021535682451,193.25712104873136,4,13,169,1,0,26,23
6.152564981551109,469.9211814277325,14,14,196,1,1,35,34
7.280487280809231,1451.695236024678,17,32,1024,0,1,51,55
6.7423682008829235,847.5655665161332,8,27,729,1,0,55,41
6.225025788790129,505.2360717158426,12,9,81,1,1,30,27
7.46246339217611,1741.432609381386,12,7,49,0,1,48,25
7.505350485697357,1817.74224579895,12,20,400,0,1,53,38
6.682340558804304,798.1851266311693,9,8,64,1,1,29,23
6.553758913555773,701.8775183762817,9,23,529,0,1,22,38
6.414325244862373,610.5286644486515,6,44,1936,0,0,41,56
6.050512714112765,424.3305345347217,4,31,961,0,1,51,41
6.573341747948263,715.7577329833288,6,38,1444,0,1,39,50
6.795828126828059,894.1093890709939,9,20,400,0,1,21,35
7.565577614383104,1930.5835899091012,9,30,900,0,1,27,45
6.563659397968685,708.8609584839714,12,31,961,1,1,44,49
5.8247673321707865,338.58234669313896,14,9,81,1,0,30,29
6.581319207388919,721.4904973123371,5,48,2304,1,1,43,59
6.702469331653887,814.4144034898217,11,27,729,0,1,45,44
6.911764752793313,1004.0175225047105,18,3,9,0,0,54,27
7.765487588138596,2357.807847432984,10,47,2209,0,1,59,63
5.612342101143862,273.7847191800971,5,48,2304,1,0,24,59
6.095219393053832,443.7313860826503,0,43,1849,1,1,34,49
6.0392787931242315,419.5903143180264,1,52,2704,1,0,33,59
7.171518264323201,1301.8196094018112,14,23,529,0,1,56,43
5.7613499631257925,317.7770267579547,3,33,1089,1,0,37,42
5.8937368832336725,362.75834025139284,4,18,324,0,0,31,28
6.616150624101921,747.0638256364796,14,20,400,1,1,22,40
6.800154138417128,897.9856950771435,10,35,1225,0,1,59,51
6.818187304355574,914.3261120358892,9,42,1764,0,1,52,57
5.870721766816197,354.50475772112947,16,18,324,0,0,23,40
5.803239387716184,331.3712631406504,1,39,1521,1,1,59,46
7.067339429244607,1173.0229682582622,9,33,1089,0,1,45,48
6.369792875744508,583.9368688756307,2,16,256,0,1,40,24
7.581071938510009,1960.729620888496,18,33,1089,0,0,35,57
6.763770098275008,865.9005799984166,4,40,1600,1,1,42,50
6.623383174808652,752.4865892041823,2,30,900,0,1,43,38
5.46932863347506,237.30082344034074,7,6,36,1,0,28,19
6.148900416544155,468.20227615390746,4,25,625,1,0,38,35
6.263602588645413,525.1072821381341,11,47,2209,1,1,46,64
6.700984180563117,813.2057727719084,13,31,961,1,1,59,50
6.494855349834734,661.7284992497338,6,42,1764,1,1,50,54
6.340041596181779,566.81988843435,10,35,1225,0,1,20,51
5.90557450514337,367.07805345060524,7,24,576,0,1,32,37
6.073723724425988,434.2948687259608,4,42,1764,1,1,23,52
6.755158322342741,858.4756550066625,7,22,484,0,0,44,35
6.981623598850188,1076.6650207693092,11,46,2116,0,0,29,63
7.074857229955853,1181.8747524481892,14,21,441,1,0,42,41
7.052592534165831,1155.8514461290456,18,1,1,1,1,49,25
6.415136345854339,611.0240657370882,15,26,676,1,0,33,47
6.87849227890419,971.1610154537586,13,42,1764,1,1,51,61
6.108175694391853,449.51790865258215,6,15,225,1,1,49,27
6.394372034948685,598.4673885939746,7,27,729,0,1,24,40
6.501638971210188,666.2326748804659,6,16,256,0,1,34,28
6.312808200241645,551.5917560258961,17,0,0,1,1,36,19
6.36107511150477,578.8683700111613,5,32,1024,0,1,52,43
7.488873187193266,1788.0361742160617,18,29,841,0,1,31,53
6.799565168917226,897.456964609739,3,41,1681,1,1,44,50
6.385010523118323,592.8909716276655,2,56,3136,0,1,38,64
6.509176824133533,671.2736138562407,16,8,64,0,0,42,30
7.340014544666297,1540.7345229727273,18,33,1089,0,0,58,57
7.092549572244747,1202.9709554435149,14,22,484,0,0,24,42
6.259372520039241,522.8907336902372,5,10,100,0,0,59,21
6.134077746537806,461.31344984689144,11,42,1764,1,0,40,59
7.64276850403172,2085.5095732901605,18,12,144,0,0,55,36
6.038429626927614,419.2341636436372,5,24,576,0,0,33,35
6.781778982447262,881.6357443578621,10,38,1444,0,1,25,54
6.433826217170227,622.5514136705928,9,32,1024,0,0,38,47
6.096518844760172,444.30836838858295,15,15,225,1,1,23,36
6.958126512909942,1051.6614363235526,17,17,289,0,0,43,40
6.582402551860847,722.2725435904185,13,14,196,1,0,45,33
5.806473510474087,332.444693350992,3,9,81,0,1,38,18
6.3155227641104865,553.0911212177256,11,12,144,1,1,51,29
6.3596967136006395,578.0710087299773,7,28,784,0,1,54,41
6.6076522437742815,740.7418942545889,6,39,1521,0,0,59,51
6.066838347375367,431.3148558329567,8,11,121,0,0,21,25
6.606603029979992,739.9651052212737,16,13,169,1,1,52,35
6.353732368129755,574.6334550963865,9,7,49,0,1,29,22
6.2003035326041465,492.89862919417436,2,35,1225,0,0,52,43
6.261798420304156,524.1607543084565,7,34,1156,1,0,42,47
7.116820481416617,1232.5253595643612,13,11,121,0,1,53,30
6.236502413143922,511.06787703016494,6,24,576,0,0,55,36
7.081034614943947,1189.198244528045,15,25,625,1,1,49,46
7.14240284270001,1264.4630475379836,17,0,0,0,1,58,20
6.20363399074611,494.5429440880117,10,27,729,1,0,24,43
6.4803206977447205,652.180065413491,5,46,2116,0,0,40,57
7.131796609732997,1251.1227282015482,13,10,100,0,1,35,29
6.578608884492538,719.5376726860283,12,1,1,0,1,26,19
5.9623680410474975,388.52908856559543,3,19,361,1,1,28,28
6.787453756500153,886.6530505792483,10,45,2025,1,0,43,61
6.545805044703528,696.3170196983283,17,22,484,1,0,45,45
5.796504327121662,329.1469564324112,0,29,841,0,1,51,35
6.938491378864694,1031.2133306557598,11,13,169,1,1,46,30
7.865499091079953,2605.810637708035,17,31,961,0,1,38,54
6.468646382027179,644.6105796783297,6,27,729,0,0,27,39
6.5021901496153,666.5999891621913,11,12,144,1,1,56,29
6.222959825643212,504.19335009428494,0,13,169,0,1,25,19
5.756300467724766,316.1764575570598,3,45,2025,0,0,38,54
6.793727561056847,892.2332246857978,17,1,1,0,1,42,24
6.1608551677441135,473.83310841473383,14,23,529,1,1,21,43
5.83415050804193,341.77427619783083,2,35,1225,0,1,22,43
6.130342855097038,459.5937077157459,6,29,841,0,0,21,41
5.611015967728636,273.421884752018,5,18,324,1,0,32,29
7.3621785806869,1575.2646685832192,14,13,169,0,1,51,33
7.317807314282555,1506.8961948689966,14,20,400,0,1,44,40
6.307772615312425,548.8211505562883,5,46,2116,1,1,32,57
6.645053890211693,768.971486551584,7,13,169,1,1,49,26
7.0598139071528845,1164.2284910180324,7,36,1296,0,1,38,49
5.903299547060315,366.2439154400525,0,26,676,1,1,43,32
7.082276679396301,1190.6762230766742,12,36,1296,0,0,52,54
6.298310745175058,543.6527659521574,12,12,144,0,0,32,30
7.146187387878767,1269.2575318169127,10,6,36,0,0,50,22
5.732825406434993,308.840637135841,3,19,361,0,0,57,28
5.683076930871988,293.8522032407064,6,15,225,0,0,27,27
6.148512385704977,468.02063447535187,11,13,169,1,0,49,30
5.835363873973068,342.1892251522618,12,40,1600,1,1,38,58
6.659970976144628,780.528282858053,11,46,2116,1,1,51,63
6.794513178202701,892.9344538179602,15,11,121,1,1,49,32
6.369300331472401,583.6493249354669,5,48,2304,0,1,57,59
6.5191294498061545,677.9879058528534,13,5,25,0,0,36,24
6.8155459415851105,911.914231811078,18,33,1089,1,1,53,57
6.46984742756281,645.3852514521876,15,24,576,1,1,35,45
6.4764159432906085,649.6384278628421,3,40,1600,1,1,56,49
6.382151604283452,591.1983651270212,4,42,1764,0,1,25,52
6.230837376651545,508.18084415105227,8,18,324,0,0,21,32
6.255704697908471,520.976376392406,2,45,2025,0,1,24,53
6.5009729171213015,665.7890756301589,9,23,529,0,0,38,38
6.626723795369638,755.0045648348627,16,1,1,0,0,20,23
6.8429056441818386,937.2083763076029,18,0,0,0,0,57,18
5.766089287221945,319.2866495482457,9,6,36,1,1,44,21
6.478479481864722,650.9803659122421,11,11,121,0,0,35,28
6.947465488335697,1040.509200664018,6,49,2401,0,1,49,61
7.021922849981346,1120.9399461738462,17,20,400,1,1,49,43
7.21247700977856,1356.2475485664936,18,30,900,0,1,29,54
7.143737867052791,1266.1522638211868,14,20,400,1,1,59,40
6.082644925267877,438.18663427411394,6,34,1156,0,1,43,46
6.760585082462475,863.1470602886644,11,21,441,1,1,40,38
6.003028666951425,404.65249710678575,6,50,2500,1,1,58,62
6.506593578017358,669.5417867312663,9,47,2209,1,1,34,62
7.032373348581582,1132.7157518603906,9,29,841,0,1,24,44
6.18355000967256,484.70962954390393,4,46,2116,0,1,55,56
7.915965813893681,2740.6922511943562,17,34,1156,0,0,41,57
6.7532871120597076,856.8707685415915,8,16,256,0,1,27,30
7.566679258178489,1932.711577269219,15,19,361,0,1,50,40
5.609808344440588,273.0918934092484,6,21,441,1,0,20,33
7.174647276394057,1305.8993981992323,9,32,1024,0,1,39,47
6.010643537682774,407.7456355414262,4,11,121,1,1,47,21
6.485070869354399,655.2854022469487,6,45,2025,1,1,50,57
6.494809504946198,661.698163075829,4,23,529,1,0,43,33
6.953386270036098,1046.688102412164,14,28,784,0,0,26,48
6.981948347053116,1077.0147225794033,18,35,1225,1,1,21,59
6.66673085015418,785.8224294329336,9,27,729,0,1,28,42
6.331502821424353,562.0005460004973,7,48,2304,0,1,38,61
6.469472859445811,645.1435559823468,8,15,225,1,1,44,29
6.843784046950804,938.0319844173133,10,27,729,0,1,42,43
6.022819359997185,412.7406212695961,1,47,2209,1,0,29,54
6.68141086499089,797.4434036980168,2,42,1764,0,1,42,50
7.078275979250197,1185.9222005871968,12,27,729,0,1,52,45
6.559408748458773,705.8542337917443,10,10,100,0,1,38,26
6.157986741389171,472.47590049477327,9,14,196,0,0,53,29
6.154720795044353,470.93533662336677,14,2,4,0,1,56,22
6.216591523577876,500.99269672223073,5,34,1156,0,0,22,45
5.270897356255402,194.59050112541905,0,46,2116,1,0,26,52
6.312605710624213,551.4800757296717,13,3,9,1,1,20,22
6.926833760242731,1019.2616384167751,17,28,784,1,1,55,51
6.199169596183167,492.3400302543761,10,47,2209,1,1,20,63
6.513941911989127,674.4799247109763,7,38,1444,0,0,49,51
5.810426455351699,333.76142967713594,2,22,484,1,0,51,30
6.4988939459665795,664.4063571607243,13,37,1369,0,1,38,56
6.18326001957673,484.5690889306607,1,52,2704,0,1,29,59
7.028366399270139,1128.18609836493,15,41,1681,1,1,52,62
5.744134664399044,312.3532204886163,5,20,400,0,1,23,31
5.994447464819912,401.1949484151343,0,22,484,1,0,39,28
7.307763621709882,1491.8371435804827,13,40,1600,0,0,34,59
6.991581220260519,1087.4395989886602,9,40,1600,0,1,49,55
5.996083415926672,401.8518208941491,5,10,100,0,1,26,21
6.63230462624652,759.2298970881029,8,36,1296,0,0,57,50
5.661888693526804,287.69149081410706,6,12,144,1,1,37,24
5.92775457216644,375.31083357571725,1,51,2601,1,1,49,58
5.753941388612348,315.43145138995465,10,9,81,0,1,27,25
7.546804206169835,1894.6780453506674,13,35,1225,0,1,40,54
5.6095560040372865,273.02298998465176,4,17,289,0,0,26,27
5.6679677929400745,289.4457226596438,8,46,2116,1,1,24,60
6.17686914568239,481.48214363599544,6,20,400,0,1,51,32
6.711167562426916,821.5292664173953,13,36,1296,1,1,35,55
6.810422556308677,907.2540919022379,15,11,121,1,0,59,32
6.324719202019085,558.2010499287804,15,1,1,1,1,45,22
5.941592990373709,380.5406445445298,6,34,1156,1,0,46,46
6.3063305269325864,548.0302723476592,9,21,441,1,1,58,36
6.463416835975056,641.2483580751137,5,16,256,1,1,47,27
6.988988043794332,1084.623329332442,16,7,49,1,1,52,29
5.339092010705117,208.32346890788244,0,15,225,1,0,21,21
5.459255643975933,234.9224932947446,1,41,1681,1,1,34,48
6.673098006557507,790.8418464955838,13,16,256,1,1,58,35
5.478529077032593,239.4941706844412,3,24,576,1,0,26,33
7.012280209939996,1110.1830714485707,8,43,1849,1,1,39,57
5.938368054398059,379.3154020559295,5,42,1764,1,0,32,53
7.254340480580911,1414.2299833529555,16,20,400,0,1,51,42
7.56959910053132,1938.3630370590458,10,24,576,0,1,48,40
6.058271553014686,427.6356521503672,3,20,400,1,1,23,29
6.787346896384411,886.5583077938423,8,37,1369,0,0,38,51
7.664052798798851,2130.3739332223363,15,32,1024,0,1,29,53
6.712180776688254,822.3620734209555,2,46,2116,0,1,55,54
5.554480269246798,258.39263501719125,3,11,121,1,1,31,20
5.840962948339574,344.1105418494624,2,18,324,1,1,41,26
6.92064013500188,1012.9682234513936,12,17,289,0,0,46,35
7.804690518914033,2452.0765571907705,18,36,1296,0,1,54,60
5.212131640146041,183.48476511399974,0,46,2116,1,0,59,52
5.471274377382829,237.76299956423367,5,40,1600,1,0,36,51
5.736894604450141,310.0999312644007,2,50,2500,0,0,25,58
5.469341419054099,237.30385748817088,2,23,529,0,1,33,31
6.056792059880258,427.00343593407126,15,0,0,1,1,52,21
6.423589647950789,616.2111297744134,9,31,961,1,1,47,46
7.2386879525149235,1392.2660527978983,16,36,1296,1,1,57,58
6.26153690917022,524.0236983568427,6,50,2500,1,1,26,62
6.714683016545946,824.422397215674,12,14,196,1,1,30,32
6.926904373320569,1019.3336141593697,10,29,841,0,0,52,45
6.930277543713985,1022.7778057845289,9,44,1936,0,1,22,59
5.960430271998323,387.77693790556094,6,21,441,1,1,41,33
5.4350746054254095,229.30995540437178,5,18,324,1,0,32,29
5.747912787223065,313.53556142833065,0,16,256,1,1,48,22
7.040267673695974,1141.6931669615803,16,29,841,1,1,25,51
7.141727606454102,1263.6095244539667,11,42,1764,1,1,58,59
6.299329322718474,544.2068005666796,3,9,81,1,1,47,18
6.288605069563215,538.4017720026002,2,48,2304,0,1,34,56
7.210100684212764,1353.028489124727,5,38,1444,0,1,43,49
7.187615393322508,1322.9447383957602,15,22,484,1,1,45,43
6.654178659401461,776.0202842984629,12,16,256,0,1,20,34
7.141844690032901,1263.757481040768,8,30,900,0,1,45,44
7.20359483615426,1344.2544635417783,10,25,625,1,1,50,41
6.251605813126961,518.8453247029777,12,34,1156,1,1,42,52
7.576802572143947,1952.3763919776088,18,39,1521,0,1,51,63
5.111445678245841,165.91003410953607,2,51,2601,1,0,20,59
6.91146884250522,1003.7204673433831,11,39,1521,0,1,37,56
7.239310175280103,1393.1326220027208,18,19,361,0,1,36,43
6.404797691437429,604.7394423347837,7,42,1764,1,0,47,55
6.68882726983934,803.3795520544572,13,21,441,1,0,20,40
7.321547527471308,1512.5428611763343,8,25,625,0,1,55,39
6.753102388785178,856.712499185845,16,0,0,0,0,24,21
6.223745843235812,504.58981072963616,5,15,225,0,1,24,26
5.081660839972,161.0412977686894,3,12,144,1,0,21,21
6.206903193959769,496.16235111313216,3,15,225,1,1,30,24
8.059475198956,3163.629422599867,18,16,256,0,1,54,40
5.2438487752455085,189.39765041164864,11,2,4,0,0,49,19
6.838135928169336,932.7488024132603,1,34,1156,1,1,51,41
6.327302322354242,559.6448143177395,16,35,1225,1,1,27,57
6.10329142353904,447.3276945870562,14,28,784,1,0,21,48
7.152855349001467,1277.7491711916637,9,49,2401,0,1,55,64
5.636556185309336,280.4950801703634,2,40,1600,1,0,58,48
6.196436016172001,490.9960172094963,3,55,3025,0,1,44,64
5.328747610551815,206.1795952450531,0,51,2601,0,0,38,57
5.989392693960716,399.17211666358764,0,54,2916,0,1,26,60
7.637718214875764,2075.003698091048,17,28,784,0,1,59,51
5.858258277983117,350.11381172531077,3,32,1024,1,1,33,41
6.628678421698524,756.4817598475406,14,23,529,1,0,23,43
6.383778071272204,592.1607121523896,9,18,324,1,1,52,33
7.960316917380609,2864.9807708485505,16,42,1764,0,1,56,64
6.636784471127869,762.6387591419128,11,13,169,0,1,49,30
6.500338672391395,665.3669363016844,11,15,225,0,1,39,32
6.841385514564862,935.7847803967886,15,23,529,1,1,33,44
5.887603147905102,360.54008664902494,4,11,121,1,0,46,21
6.969257243731863,1063.4325859056287,15,12,144,0,1,32,33
7.029949480142884,1129.9735226434466,16,25,625,0,1,26,47
6.6240593491277036,752.9955733728523,14,41,1681,0,0,37,61
6.974108261622561,1068.6038492098066,12,29,841,1,1,57,47
6.7025701346605935,814.4965030482699,7,40,1600,0,0,58,53
5.4773443131543615,239.21059466045278,1,13,169,0,0,28,20
7.244663271168468,1400.6101907285129,7,26,676,0,1,42,39
6.43411345076265,622.7302570332905,9,24,576,0,0,50,39
6.9101187010477965,1002.3662171491432,6,17,289,0,1,21,29
6.3555592857704415,575.6842226330492,9,23,529,1,0,59,38
6.441508707954257,627.3525780051086,3,12,144,1,1,57,21
7.247021943891065,1403.9176708785953,10,32,1024,0,1,58,48
6.714983942394421,824.6705245571511,8,47,2209,0,0,24,61
6.642213983414777,766.7907771716181,3,39,1521,1,0,42,48
6.256266803482971,521.2693024377276,2,32,1024,1,1,51,40
6.758825499440163,861.6296168010382,10,21,441,0,1,58,37
5.3676405727916885,214.35651199783592,2,24,576,1,1,35,32
6.421416951476463,614.8737434187286,17,17,289,1,0,30,40
7.846886433643457,2557.7581563820977,18,21,441,0,1,33,45
6.610570600656807,742.906800908471,13,14,196,1,0,22,33
6.859170171586146,952.5762645704935,10,38,1444,1,1,27,54
5.820744094713492,337.2228860637424,1,31,961,1,1,34,38
6.332632380302162,562.6357173707607,1,25,625,0,1,28,32
6.0266498494362795,414.3246517296022,1,27,729,0,0,35,34
6.383385938538094,591.9285520750587,9,39,1521,0,0,45,54
6.563587763476183,708.8101814076725,14,10,100,1,1,51,30
7.2732054101696075,1441.162574389268,11,19,361,0,0,37,36
6.036352501984277,418.3642656613936,10,31,961,0,0,27,47
7.363508341166149,1577.3607866424627,16,40,1600,1,0,58,62
6.815474207432146,911.8488187622859,17,12,144,0,0,51,35
6.247023790799504,516.4734020917343,13,12,144,1,0,29,31
7.882415680655626,2650.2670318927635,16,31,961,0,1,31,53
7.3223154655784946,1513.7048465875182,14,33,1089,0,1,31,53
6.535138657542351,688.9293029455663,11,20,400,0,0,29,37
6.6179192547534775,748.3862747344502,15,15,225,1,0,53,36
6.718058591407454,827.2099989672327,5,51,2601,1,1,49,62
6.164591895456106,475.60700594373736,1,54,2916,0,0,50,61
6.199484484414581,492.4950867472084,1,17,289,1,0,57,24
7.340433667659715,1541.3804155828252,15,40,1600,1,1,44,61
6.299674186963597,544.3945103994922,1,14,196,0,1,43,21
6.695286636481718,808.5856711487628,7,38,1444,0,0,52,51
5.832310062272219,341.1458376579222,6,7,49,0,1,28,19
5.938088303347891,379.20930301521054,0,16,256,1,1,44,22
5.864362882840893,352.25765520205715,3,18,324,1,1,39,27
6.075407813482334,435.0268761714663,10,33,1089,0,0,36,49
6.912259257246799,1004.5141364197433,6,47,2209,0,1,25,59
7.104397314248019,1217.308209294945,17,35,1225,0,0,55,58
6.08788852533489,440.49034432761454,3,21,441,0,1,39,30
7.1667310390484555,1295.6023991311813,16,34,1156,0,1,45,56
6.471156119115172,646.2304145870855,10,6,36,0,1,59,22
5.967288528889262,390.44555232370897,10,11,121,0,0,31,27
5.992704967461529,400.4964759972267,10,11,121,1,1,26,27
7.565575419749737,1930.579352990587,14,35,1225,0,1,59,55
7.116978650107761,1232.7203219053474,13,25,625,0,0,49,44
7.337790985262134,1537.3124142758109,16,16,256,0,0,41,38
5.965202533569637,389.6319336264206,1,18,324,0,1,48,25
5.6154920259513705,274.6484801358022,17,0,0,1,1,41,18
7.289154140208519,1464.331554024225,15,24,576,1,1,43,45
7.104074527286237,1216.915341486228,11,39,1521,0,1,22,56
6.479145091721578,651.4138090964384,9,16,256,0,1,43,31
7.530851331738881,1864.6922997537204,15,17,289,0,1,45,38
6.118063345117253,453.9846310326047,2,39,1521,0,1,24,47
6.315572366105083,553.1185563209438,7,25,625,1,1,32,38
6.345114014693,569.7023404501363,1,19,361,0,1,56,26
5.525096295981449,250.9104985302576,0,28,784,1,1,41,34
6.040062884611553,419.9194405273128,13,3,9,1,0,53,22
6.677571648745978,794.387715505312,3,39,1521,0,1,58,48
5.797277574817189,329.40156698378706,3,48,2304,0,0,22,57
6.337762468168409,565.5295043818717,8,41,1681,1,0,51,55
6.516862761152528,676.4528587535226,2,52,2704,0,1,43,60
5.304899315691689,201.32073155462928,4,26,676,0,1,28,36
6.205856993802315,495.6435374220792,0,47,2209,0,1,22,53
7.151490117622517,1276.0059381577069,18,26,676,1,1,41,50
6.028082821422,414.9187929407118,0,24,576,0,1,43,30
6.448882583259772,631.9956955340208,9,16,256,1,0,57,31
6.384915794737589,592.8348106860309,11,33,1089,1,1,29,50
6.297611365919137,543.2726794130391,9,31,961,1,1,54,46
6.0125260645622784,408.5139506203245,1,53,2809,0,0,39,60
7.402188885615213,1639.5693348234224,15,32,1024,1,1,31,53
6.871074125420568,963.9834490429455,7,48,2304,0,1,31,61
7.160230374527802,1287.207438556735,13,8,64,0,1,36,27
5.878648775795133,357.3260876989391,14,28,784,1,0,23,48
6.96733358415578,1061.3888699653273,15,2,4,0,1,27,23
5.746817850681891,313.1924477632897,10,2,4,1,1,26,18
6.3931021836287325,597.7079063074692,11,7,49,0,1,37,24
5.999834600959134,403.36207227519844,1,37,1369,1,1,45,44
6.911836604561263,1004.0896655305268,3,29,841,0,1,50,38
5.554522063364338,258.40343453502726,2,37,1369,1,1,27,45
6.651820396870791,774.1923809241226,8,19,361,0,1,53,33
6.738597171287279,844.3753905850116,17,40,1600,0,0,35,63
6.109178370995222,449.96885578167115,18,16,256,1,0,39,40
5.779836980178641,323.70641555364887,6,25,625,1,0,29,37
6.468056665080076,644.2305539600279,3,46,2116,0,1,24,55
6.782588646973326,882.3498626040722,5,31,961,0,1,30,42
7.78005250378625,2392.400427320592,18,21,441,0,1,57,45
6.129220183645463,459.07802450634216,0,16,256,0,1,58,22
6.976122742147473,1070.7587005772205,15,17,289,0,1,41,38
5.770987005610471,320.85426136996324,10,19,361,1,1,30,35
5.6281848779879535,278.15677066135265,3,55,3025,0,1,37,64
7.360398023973618,1572.4623161165039,17,0,0,0,1,37,23
5.807045827742267,332.6350116457399,4,36,1296,1,1,50,46
5.817663360352998,336.18559056784665,5,25,625,0,1,39,36
5.452460415678009,233.33155284409307,1,43,1849,1,0,42,50
5.6557284982406815,285.9247025161794,11,1,1,1,1,59,18
6.389782329857919,595.7268936165609,8,48,2304,1,0,29,62
5.884951449805809,359.58530963619353,11,3,9,1,0,36,20
6.175736703888444,480.9372017492247,12,41,1681,1,0,27,59
7.291430391601935,1467.6685372299996,16,16,256,0,0,50,38
6.8797053577382155,972.3398251760406,4,42,1764,0,1,59,52
6.7972540213511765,895.3852041246237,12,40,1600,1,1,45,58
6.715314960897671,824.9435509457644,12,39,1521,0,0,28,57
6.084404633344112,438.95839366981465,9,5,25,0,1,51,20
6.57043967374396,713.6835620845653,14,22,484,1,1,42,42
7.2176189159312205,1363.2392059997067,14,42,1764,1,1,51,62
7.674202344638611,2152.1063616924807,17,32,1024,0,1,55,55
7.09197913184903,1202.2849279031695,17,39,1521,1,0,24,62
6.011097122300976,407.93062464078025,1,30,900,1,1,20,37
5.965594094533007,389.78452815479153,10,45,2025,1,1,50,61
6.750670229929946,854.631370138674,12,44,1936,1,0,50,62
6.765610785813705,867.4959001983474,10,35,1225,0,1,28,51
5.335102678094761,207.49405280820997,3,29,841,1,0,52,38
5.9801708168749235,395.50792181271885,14,20,400,1,0,54,40
5.806189556381768,332.3503077210722,10,7,49,1,0,45,23
6.11827141516817,454.07910146579223,17,7,49,1,0,21,30
7.418362560475532,1666.3028026039055,15,19,361,0,0,53,40
5.9068984933282715,367.56438233211463,9,11,121,0,0,36,26
7.253109801820484,1412.4905910861792,11,17,289,0,1,25,34
6.610712944225141,743.0125564400834,12,1,1,1,1,56,19
6.4277701376861565,618.79258619372,8,22,484,1,1,50,36
6.941111368609135,1033.918641402098,12,18,324,0,0,47,36
6.665819273809706,785.1064186941137,5,13,169,1,1,40,24
5.964799919641298,389.4750939580532,5,48,2304,1,1,30,59
6.778173381035632,878.4626411837271,10,43,1849,0,0,55,59
7.5376596460748,1877.4310264915157,18,13,169,0,0,58,37
6.062591035458838,429.486811990306,10,10,100,0,0,46,26
6.364370490111707,580.7791070257286,9,19,361,1,1,39,34
6.559608128525948,705.99498108693,14,24,576,1,1,39,44
7.103260267922677,1215.9248600838669,12,46,2116,0,1,21,64
6.434721379818607,623.1089479475067,7,6,36,0,1,56,19
6.498619649620904,664.2241379170905,4,43,1849,1,1,46,53
5.590838572951831,267.9602297253587,1,29,841,1,0,37,36
6.096659779363937,444.37099122519,15,13,169,1,1,32,34
7.146470150106515,1269.6164806503893,12,4,16,0,1,37,22
6.935657167013708,1028.2947914459874,18,32,1024,0,0,30,56
6.290352268731185,539.3432894003691,8,21,441,1,1,33,35
6.485774406686062,655.7465821999579,14,4,16,0,0,23,24
6.712206255441206,822.3830264479885,5,23,529,0,0,58,34
6.771965410172807,873.0260632219356,7,43,1849,1,1,32,56
6.433769961750025,622.5163927642865,13,34,1156,1,0,38,53
5.773403836650028,321.63064972984824,4,47,2209,1,0,58,57
6.233907667791897,509.74350497883387,16,40,1600,1,1,44,62
6.121617201483059,455.6008974918946,6,9,81,0,1,34,21
5.89192413424701,362.10134610034976,8,41,1681,0,1,39,55
6.822048557647018,917.8633814972735,15,21,441,0,1,36,42
6.225267147949324,505.35802978656346,17,0,0,1,1,20,22
7.6649698340715515,2132.328457309936,12,29,841,0,1,48,47
6.36088754840173,578.7598058450645,17,6,36,1,0,38,29
6.5860676822079,724.9246237496902,9,6,36,0,0,49,21
6.117218554208292,453.6012708958788,0,35,1225,0,1,44,41
7.504703068315495,1816.5657887437403,17,23,529,0,1,47,46
6.945491656118086,1038.4574356670948,18,2,4,1,0,56,26
5.688468881235132,295.4409190239266,1,14,196,0,0,30,21
5.8625276655907665,351.6117787198494,3,32,1024,1,1,35,41
7.110873003405371,1225.2166976867404,10,15,225,0,1,37,31
5.465630870948901,236.42496171034205,2,14,196,1,1,28,22
6.057012015872929,427.097368228803,8,21,441,1,1,47,35
6.224386747448848,504.91330811953446,9,44,1936,0,0,46,59
5.992188871293149,400.2898346285108,1,29,841,1,1,57,36
6.191432759205954,488.5455731784184,6,17,289,1,1,42,29
6.78756166396609,886.7487322253907,14,15,225,1,1,41,35
6.339993209140391,566.7924623604874,18,10,100,1,0,23,34
6.828392769558233,923.7050119725434,9,32,1024,0,1,51,47
7.219726775424296,1366.1157533151302,13,22,484,0,1,43,41
6.535251246239058,689.00687296458,3,19,361,0,0,57,28
5.321811831721029,204.7545268653044,10,36,1296,1,0,47,52
5.360218791168634,212.7714938810759,2,32,1024,0,1,25,40
7.22191836214467,1369.1129976193372,16,12,144,1,1,52,34
5.662134864330373,287.76232077735733,6,6,36,1,0,50,18
6.563227537012098,708.5548952055004,10,16,256,1,1,29,32
6.8757072587809365,968.4600753149031,17,26,676,0,1,31,49
6.615352736950328,746.4679907446972,13,7,49,0,1,26,26
6.5127245523224415,673.6593396295747,13,13,169,0,1,43,32
6.689439557370001,803.8716019592064,5,34,1156,0,1,47,45
6.244978176483401,515.4179765713452,8,27,729,0,0,30,41
5.798304965348791,329.74016494118547,2,44,1936,0,1,51,52
6.811553077305147,908.2803416914314,16,17,289,1,0,39,39
7.230511785000939,1380.9290620500644,11,27,729,0,1,47,44
5.713747807008751,303.0045454884072,3,27,729,0,0,20,36
6.981531041745053,1076.565372383441,15,41,1681,0,0,46,62
6.659998747588034,780.5499595560825,9,14,196,0,0,35,29
6.59813918131323,733.7285822755067,6,25,625,0,0,55,37
5.935639489221776,378.2818259901356,9,3,9,0,0,25,18
5.698440955728608,298.40181648539107,6,26,676,1,1,29,38
8.404929218491802,4469.041425848266,17,39,1521,0,1,58,62
5.9455651063378845,382.05520212155477,8,4,16,1,1,38,18
7.292280270166102,1468.9164074530595,17,4,16,0,0,29,27
6.842054908720516,936.4113989637412,16,42,1764,1,1,45,64
6.5947711591560765,731.2615250368906,10,33,1089,1,1,53,49
5.362508276229937,213.25918911022742,0,50,2500,1,1,20,56
6.555276855227056,702.943736533321,16,17,289,1,0,29,39
6.194335327730708,489.96567014940416,3,26,676,0,0,52,35
6.241345799720819,513.549180430834,3,54,2916,0,0,45,63
7.232098970415094,1383.1225928248712,13,30,900,0,1,53,49
7.049802822833307,1152.6314477723179,8,30,900,0,1,56,44
7.139913732146213,1261.319573072199,12,27,729,0,1,32,45
6.420770860990197,614.4766076494868,15,14,196,1,1,57,35
5.690704838956377,296.1022515081989,0,50,2500,0,1,49,56
5.831237846220575,340.7802516434549,2,38,1444,0,1,43,46
7.493883801194443,1797.0178162846767,18,11,121,0,0,53,35
6.891691675970338,984.0647285842601,7,48,2304,1,1,56,61
6.375363056571517,587.1985785497759,17,2,4,1,1,38,25
6.236928179590694,511.2855189132451,5,37,1369,0,0,21,48
6.4237442944710885,616.3064320502957,5,40,1600,0,1,49,51
6.439170576491242,625.8874586923192,4,14,196,0,1,41,24
7.813256292404477,2473.170704427167,11,36,1296,1,1,51,53
7.341998515790494,1543.7943300571567,8,21,441,0,1,52,35
6.91426930923909,1006.53529269503,8,41,1681,1,0,59,55
7.535550663321554,1873.4757291292292,16,4,16,0,1,34,26
6.873708362228464,966.5261573040991,18,2,4,0,0,25,26
7.348483087523666,1553.8377034258494,16,41,1681,1,0,55,63
6.251251450019498,518.6614976341126,15,4,16,1,1,35,25
6.911854300496367,1004.1074339933008,11,35,1225,1,1,40,52
6.032734048314819,416.85316951359897,2,27,729,0,1,53,35
7.087572402423864,1196.9984401494874,13,3,9,1,1,59,22
6.999414573137775,1095.9913478044284,16,9,81,0,1,57,31
7.419720457771027,1668.5670076040496,15,24,576,0,1,54,45
6.997275203157138,1093.6491231517975,11,30,900,0,1,52,47
5.596408201597506,269.45683258901755,1,14,196,0,0,27,21
6.421419155767176,614.875098780705,7,43,1849,1,1,31,56
6.532511617961958,687.1218335849069,11,20,400,0,1,58,37
6.585979687780403,724.8608372289156,15,21,441,1,0,37,42
7.347905730166282,1552.9408427250705,7,32,1024,0,1,59,45
6.990051870043969,1085.7777940672208,15,8,64,0,1,40,29
6.190732086827563,488.20338268541985,9,4,16,1,0,46,19
6.084816760233217,439.13933751039406,14,40,1600,1,1,31,60
5.503760219973378,245.61375980624996,3,22,484,1,1,25,31
7.447605006779851,1715.749013428775,14,19,361,1,1,50,39
6.205967141409627,495.69813437861296,3,39,1521,0,1,53,48
6.191615246100612,488.6347344781038,10,24,576,1,1,26,40
6.232323628595257,508.93669046832287,5,26,676,1,1,50,37
5.939132912414305,379.6056354614018,3,46,2116,0,1,23,55
4.9766911887252006,144.99382984545315,8,7,49,1,1,36,21
6.449222978735875,632.2108606282319,8,18,324,1,0,48,32
6.166972098434441,476.740395469275,2,33,1089,0,1,22,41
6.502787949581314,666.9986017464809,4,32,1024,1,1,43,42
6.3523295637243615,573.8279218889548,14,0,0,0,0,22,18
6.15093535026423,469.15600681369557,8,10,100,1,1,58,24
6.3504138920176745,572.7297082187649,1,41,1681,0,1,46,48
5.684826955298089,294.3669020103915,2,21,441,0,1,20,29
6.496723337507011,662.965755158348,11,42,1764,1,0,34,59
6.901282330129697,993.5479555522829,15,1,1,0,0,33,22
6.223847057549532,504.6408850257208,4,51,2601,0,0,23,61
5.973779749273903,392.9882641752561,9,44,1936,1,0,23,59
6.45670106667029,636.9563103678361,14,35,1225,1,1,44,55
6.493582469254283,660.8867337406472,13,10,100,1,1,30,29
7.125288557928959,1243.006794776454,13,37,1369,0,0,52,56
6.58497411961138,724.1323065990214,12,17,289,0,1,30,35
6.646036798750839,769.7276867690204,15,0,0,1,1,31,19
6.169111303729999,477.7613326556527,7,14,196,1,1,34,27
6.8571317416553565,950.6364823282057,7,19,361,0,1,45,32
6.1403206840925515,464.2024093213306,16,25,625,1,1,43,47
6.684491114354371,799.9035151679494,16,39,1521,0,1,45,61
6.496537867039696,662.842805991997,2,26,676,0,1,46,34
6.292567594353244,540.5394348450986,0,15,225,0,1,55,21
6.674451295768489,791.9128087314132,16,2,4,0,1,46,24
7.947636370059484,2828.8806152052566,15,37,1369,0,1,57,58
7.15610998839871,1281.9145587243206,16,26,676,1,1,21,48
6.063737483980386,429.97947886558103,1,49,2401,0,1,42,56
6.7393721838591425,845.0300457783218,13,32,1024,1,0,28,51
6.146003363567659,466.8478322513543,6,11,121,1,1,27,23
7.7749419248022935,2380.205065199411,18,31,961,1,1,59,55
5.7050794822881,300.38935473301774,0,56,3136,0,1,20,62
7.574994381677123,1948.8493133739332,16,29,841,0,1,40,51
6.72782202702552,835.3259659243116,9,46,2116,1,1,45,61
5.847293676488508,346.2959223692567,5,21,441,0,0,34,32
5.7769418637530885,322.7706030895822,6,19,361,1,1,44,31
5.975518761977979,393.67227033453094,5,12,144,0,0,58,23
6.379681703836843,589.7399658129204,4,44,1936,0,0,35,54
5.915151350053968,370.6103903623762,1,42,1764,1,1,54,49
5.967136949875727,390.38637345729916,17,0,0,1,1,42,20
5.8870398063781515,360.33703664470494,16,0,0,0,1,31,20
6.520132833330111,678.6685291530275,6,27,729,0,1,38,39
7.255483284916513,1415.8470953547774,18,15,225,1,0,53,39
5.754623023167428,315.6465336624078,6,15,225,0,0,27,27
6.210536708646834,497.9684435476973,6,8,64,0,1,42,20
6.631955189065445,758.964640281071,15,8,64,0,1,30,29
7.000368408349613,1097.0372416697355,11,29,841,0,1,53,46
6.303217790061916,546.3270505285849,14,14,196,1,1,24,34
6.660125976258221,780.6492742071528,14,4,16,0,1,56,24
6.635589778428735,761.7281842211992,10,14,196,1,0,44,30
5.919115533488279,372.0824738090562,1,12,144,1,1,43,19
5.201161526308846,181.482916681632,2,13,169,1,0,43,21
7.050793094830307,1153.7734317619684,18,3,9,0,1,53,27
6.8887845820907945,981.20811426953,14,36,1296,0,0,37,56
6.523464065646705,680.9331015037127,15,20,400,1,0,31,41
6.11672819990752,453.3789000865565,0,28,784,0,0,58,34
6.187993898508884,486.8684184116952,14,3,9,1,1,34,23
6.7028156373141865,814.6964886486039,11,19,361,0,1,31,36
6.202722225360564,494.0922424482262,6,10,100,1,1,48,22
6.226334664956581,505.8977961317319,6,37,1369,1,1,48,49
6.8598066531289135,953.1827547704056,10,11,121,0,0,39,27
6.888348636680641,980.780454320678,10,10,100,0,1,34,26
7.056783651910626,1160.7059213679963,16,22,484,0,1,22,44
6.2898164116811595,539.0543559167958,2,22,484,0,0,35,30
7.290250787977098,1465.938290806532,15,15,225,0,1,38,36
6.111145727185267,450.8549761668231,4,28,784,1,1,26,38
6.83878268778918,933.3522617996653,1,34,1156,0,1,55,41
6.862830620975078,956.0695113020157,6,43,1849,0,1,41,55
6.502216696173155,666.617685332255,9,6,36,0,0,34,21
5.616024456122764,274.7947502089985,4,31,961,0,0,28,41
7.181442177650126,1314.8030711923964,14,32,1024,0,1,36,52
6.064548231407407,430.32822497514576,11,3,9,1,1,52,20
5.403810155422271,222.25161821442117,9,6,36,1,1,21,21
6.672283434663161,790.1979112559354,16,32,1024,0,1,26,54
7.2754346333539965,1444.3788309575098,10,41,1681,0,1,50,57
6.1391144870888015,463.64282731698734,7,39,1521,1,0,33,52
6.913462209274084,1005.7232458410934,14,28,784,0,1,56,48
5.785647515370021,325.59279821192433,1,54,2916,0,1,23,61
6.580741666647449,721.0739274601654,16,20,400,1,1,29,42
6.090250604989494,441.5320474164951,5,46,2116,0,1,41,57
7.124444006040882,1241.9574542146809,12,12,144,0,1,43,30
5.908048450139749,367.98730862411276,7,8,64,1,1,37,21
7.066270088835997,1171.7692778284593,10,47,2209,0,1,30,63
6.162669338106541,474.69350261160434,14,11,121,1,1,20,31
6.156589412797916,471.8161574565855,12,12,144,0,1,51,30
6.731555130293448,838.4501518435851,17,21,441,1,0,35,44
6.964069420926217,1057.9299717190984,17,0,0,0,1,33,23
7.263675543933904,1427.4937224451405,16,12,144,0,1,52,34
6.643208719137381,767.5539108446702,12,35,1225,1,1,26,53
5.750084388277679,314.21717541314564,2,49,2401,1,1,38,57
6.5427210537670115,694.1728922548374,6,40,1600,0,1,44,52
6.1108054426727065,450.7015833011111,11,17,289,1,0,24,34
6.190366930413808,488.02514463338014,3,49,2401,0,0,29,58
5.838253812702537,343.1795613630688,10,3,9,1,1,23,19
6.284987356783392,536.4575080461468,13,11,121,1,1,43,30
6.581692016493641,721.7595256837029,17,0,0,0,1,25,19
6.419454876596072,613.6684978698197,6,33,1089,0,1,31,45
5.843182008124931,344.8749915807324,4,50,2500,0,1,39,60
6.357890664017624,577.0279260387657,15,22,484,1,0,45,43
6.71760609598462,826.8357749027012,10,23,529,0,1,31,39
6.358419135959137,577.3329496982701,2,56,3136,1,0,52,64
7.494659672315692,1798.4126115334107,15,39,1521,0,1,31,60
6.303133999516814,546.281275405005,10,4,16,1,1,57,20
5.975681824824739,393.7364688896796,9,37,1369,1,1,23,52
5.099823079095121,163.99289096251633,1,22,484,1,0,36,29
7.071571973553558,1177.998361806046,15,20,400,1,1,29,41
7.111425336967283,1225.8936129137783,16,0,0,0,1,38,22
6.871738344690982,964.6239581218476,9,22,484,0,0,52,37
6.967458222775386,1061.5211682535123,17,33,1089,1,0,56,56
6.586605098125885,725.3143144854557,11,39,1521,0,0,47,56
5.554632065912537,258.4318611347601,7,17,289,1,1,21,30
5.978573539600098,394.876690257308,2,50,2500,1,0,57,58
5.372401773174755,215.3795397924502,2,54,2916,1,0,57,62
6.2621044189238235,524.321171318199,5,18,324,0,0,40,29
5.879412734400276,357.5991743386411,1,23,529,0,0,42,30
5.816670695686355,335.85203659166865,2,19,361,1,0,52,27
7.436080138809011,1696.0887412089066,16,28,784,0,1,45,50
6.5633089758854055,708.612601467577,8,43,1849,1,1,49,57
6.275051014800717,531.1534777556842,3,24,576,0,0,23,33
5.799177265369355,330.02792278118295,1,55,3025,0,1,25,62
6.8498292054908045,943.7197107614645,8,38,1444,0,1,53,52
6.048848611289894,423.6249921047647,13,1,1,1,0,39,20
6.592221578391732,729.3994894326896,10,6,36,0,1,56,22
5.469629909139271,237.37232717416714,1,36,1296,1,1,34,43
6.277006953665821,532.1933981649996,1,21,441,1,1,59,28
5.314379817445857,203.23842910727006,4,14,196,1,1,42,24
5.6276222318367575,278.00031084479525,6,15,225,1,0,28,27
5.935813904814092,378.34780999303007,3,50,2500,0,0,53,59
6.211079713264029,498.2389161390483,13,32,1024,1,0,53,51
6.168663516500436,477.54744512373685,1,13,169,0,0,46,20
6.1781765518003136,482.1120480169518,11,8,64,1,1,35,25
6.456794934340243,637.016102778795,9,33,1089,1,1,23,48
6.034471973767296,417.57825914019685,0,22,484,0,0,47,28
7.317271687251073,1506.0892766562827,18,38,1444,0,0,36,62
6.9085313569804185,1000.7763792247313,15,3,9,1,1,31,24
6.981880088104421,1076.9412091957126,14,42,1764,0,0,24,62
6.3029202032744465,546.1644950050978,13,0,0,1,0,54,19
6.96548332803974,1059.4268444018178,8,9,81,0,1,57,23
7.080913806993846,1189.054588603423,14,38,1444,1,1,58,58
6.7302994028163985,837.3979477288519,6,37,1369,0,1,55,49
6.476413624346427,649.6369213893365,3,28,784,1,1,49,37
7.036587566097559,1137.4993348726102,17,28,784,0,0,33,51
6.065305928716694,430.65440707136275,7,20,400,0,0,33,33
6.353813572185832,574.6801195583438,11,25,625,0,1,21,42
6.515311216902824,675.4041259983492,14,9,81,0,0,47,29
6.634156042160399,760.6368494269504,14,4,16,0,0,40,24
7.630246008440283,2059.556625833309,16,34,1156,1,1,34,56
5.882475211803205,358.6959923623321,1,27,729,0,1,42,34
6.320052796522123,555.6023255475259,11,45,2025,1,0,29,62
6.117608430015101,453.7781535362293,2,20,400,0,0,45,28
6.2441775661182986,515.0054927383909,6,11,121,0,1,54,23
6.834381891436444,929.2537934469956,5,29,841,0,1,53,40
6.118176252557953,454.03589216923916,13,25,625,1,1,21,44
5.832570105381031,341.23456181765806,4,53,2809,0,0,50,63
5.862016209981474,351.4319908839974,3,14,196,0,1,24,23
6.8255264337665436,921.0611541380679,14,35,1225,0,1,38,55
5.594124358473565,268.8421376552934,6,7,49,0,0,49,19
5.549189071411463,257.02903917516113,2,31,961,0,1,36,39
6.919311474603279,1011.6232264078714,12,19,361,0,1,48,37
7.225177559158757,1373.5824861285496,9,27,729,0,0,31,42
6.12489132000537,457.09503348357384,1,25,625,1,1,27,32
6.286487843900276,537.2630598346268,11,29,841,0,1,34,46
6.386984784760708,594.0626497500818,11,8,64,0,1,53,25
7.5107466048098255,1827.5775117409657,18,30,900,0,1,47,54
7.163004081148613,1290.7827304646419,18,26,676,1,1,40,50
6.220720464306671,503.0655422558823,2,31,961,0,1,36,39
5.9826783587098555,396.5009189433237,5,53,2809,1,1,37,64
5.64973064014979,284.2148994296897,1,15,225,1,1,43,22
6.213372556689106,499.3826106171715,12,38,1444,1,1,43,56
6.2411906682784535,513.4695189849052,8,21,441,0,1,31,35
6.60365892398011,737.7897732904541,12,37,1369,0,1,20,55
6.6387701900162055,764.1546498992669,13,35,1225,0,1,55,54
6.881303851468965,973.8953472056281,18,23,529,1,1,51,47
6.850769484877627,944.6074882664664,10,32,1024,1,1,24,48
6.781502246138196,881.3917974920619,13,8,64,0,1,45,27
6.56681378546601,711.1005109799597,15,11,121,1,1,22,32
7.29881565917049,1478.547785711771,9,44,1936,0,0,52,59
8.06985395701952,3196.634948890454,15,40,1600,0,1,58,61
5.7058882226383085,300.6323899879254,1,28,784,0,1,39,35
7.223029909670176,1370.6356778929462,15,19,361,0,1,31,40
7.291418913161847,1467.6516907813113,13,31,961,1,1,57,50
6.4972724418849594,663.3298925224963,17,10,100,1,1,39,33
6.318419831864723,554.6957869605201,5,44,1936,1,1,36,55
6.159380146651662,473.1347097884973,6,40,1600,0,0,27,52
6.58517288406373,724.2762526655778,12,33,1089,1,0,32,51
5.892040803191462,362.14359454667687,1,38,1444,1,1,28,45
7.000040489318798,1096.677561256929,14,0,0,0,1,38,19
7.139133934091936,1260.3363819183928,16,25,625,0,1,45,47
6.153246085920813,470.24135582153133,12,12,144,1,0,24,30
6.889411252094575,981.8232006701783,6,46,2116,1,1,44,58
5.853709516685082,348.52484422536753,0,27,729,1,1,24,33
6.320639789481657,555.928555939027,2,14,196,0,1,42,22
6.994918064466418,1091.0742763172684,17,22,484,0,0,54,45
5.71395934414952,303.0686489834957,6,44,1936,1,1,51,56
6.785802982708148,885.1905943850352,16,40,1600,1,1,25,62
7.199316189092732,1338.5151601139696,11,20,400,0,1,33,37
6.7968750305384695,895.0459256541992,15,20,400,1,1,48,41
6.5737108662239585,716.0219810099308,9,29,841,1,1,56,44
6.39485823210023,598.7584324802228,15,26,676,1,0,41,47
6.640613156996493,765.5642602205215,17,39,1521,1,0,39,62
6.725418512754151,833.3206589013591,14,24,576,0,0,27,44
6.995336973172344,1091.5314325771121,10,27,729,1,1,46,43
7.071693984512576,1178.142099284487,17,1,1,0,0,26,24
5.8544202500843845,348.772640520766,5,48,2304,1,0,53,59
5.469579839856065,237.36044240942596,0,58,3364,0,1,47,64
6.18872580206137,487.2248895720654,6,43,1849,1,1,50,55
6.013053409483418,408.72943518975177,11,5,25,1,0,40,22
6.104408753390781,447.8277865055162,3,31,961,1,1,29,40
6.339702008114674,566.6274358431913,9,30,900,1,1,55,45
6.900876286978878,993.1446141024791,1,44,1936,0,1,32,51
6.24527033385552,515.5685817320558,8,18,324,1,1,45,32
6.797775368587836,895.8521324318555,9,34,1156,0,0,53,49
7.0111203934969,1108.8962092736679,10,27,729,0,1,38,43
6.2213048443350925,503.3596096269441,13,29,841,1,1,25,48
6.3134213222160405,551.930052750391,2,28,784,1,1,34,36
6.132818969792859,460.73312453072697,0,20,400,1,0,37,26
6.046533314526076,422.6453090975607,6,34,1156,0,0,39,46
6.086340813930928,439.80911970390736,3,47,2209,1,1,20,56
5.87588521575081,356.3399588409459,6,9,81,1,1,41,21
6.379153320362354,589.4284392707257,15,0,0,1,1,55,20
6.431342683482611,621.0072046038032,9,31,961,1,1,37,46
6.7825483485622176,882.3143060230091,14,8,64,0,1,29,28
6.8124815774963485,909.1240718035257,15,29,841,1,0,39,50
6.696725958185344,809.7503240084949,5,44,1936,1,1,59,55
5.922477208902725,373.33539909754785,3,19,361,0,1,25,28
6.279944324144176,533.7589455121774,3,35,1225,0,0,56,44
6.583555860613131,723.1060273761618,3,41,1681,1,1,41,50
6.746369638415824,850.9638416441172,16,16,256,0,1,23,38
7.032321989020504,1132.6575775704648,12,38,1444,0,1,23,56
5.715907884344216,303.6597661485404,1,41,1681,0,1,38,48
6.58638945894957,725.157925166549,5,44,1936,0,0,48,55
5.491724546767144,242.67535119195577,0,57,3249,1,0,47,63
6.031859723156685,416.48886358437227,7,6,36,0,1,32,19
7.126576939307277,1244.6092936771688,17,21,441,0,1,58,44
6.1942245219481595,489.91138212767027,3,44,1936,1,1,47,53
6.141746201128662,464.86460964080186,4,18,324,0,0,49,28
6.000406117515675,403.59266626564965,4,54,2916,1,0,41,64
6.348444825025576,571.603074627443,14,15,225,1,1,42,35
6.273554787497519,530.3593456692843,9,3,9,1,0,37,18
6.111902269644167,451.19619615652977,7,39,1521,1,1,36,52
6.35732522486496,576.7017440839173,6,40,1600,0,1,50,52
7.339485822384493,1539.9201176161878,11,31,961,0,1,47,48
6.3581351186525525,577.1690004322111,10,29,841,0,0,27,45
7.77125810900405,2371.4529586488943,12,38,1444,0,1,51,56
5.782972460501221,324.7229835315126,14,0,0,0,0,25,18
7.102303121112022,1214.761598277014,16,20,400,0,1,27,42
7.353200336083662,1561.1848576468033,17,37,1369,1,0,41,60
6.905045944164407,997.2943321174483,7,42,1764,0,1,59,55
6.261666687893589,524.0917098965604,5,26,676,0,1,50,37
6.31481859937119,552.7017910449232,10,4,16,0,1,25,20
5.87675541696346,356.6501812636328,8,5,25,0,0,23,19
6.110805332709324,450.70153374044327,4,25,625,1,0,26,35
6.993535683828499,1089.5670383914432,6,49,2401,1,1,53,61
6.499118069539969,664.5552829759431,14,7,49,1,1,46,27
5.33455766841341,207.38099735156447,3,13,169,1,0,21,22
6.412948462392494,609.6886776583091,18,2,4,1,1,33,26
6.154207069977112,470.69346746833685,12,1,1,1,0,48,19
6.212083211114884,498.7391487698127,0,45,2025,0,0,58,51
6.111556453329045,451.0401921265017,0,49,2401,0,1,41,55
6.12004733141887,454.8862244004257,13,29,841,1,1,24,48
5.8894488323360354,361.20614435076567,8,13,169,0,0,37,27
7.148453358667048,1272.1368933493402,11,12,144,0,1,35,29
6.867156515322879,960.2143255477055,17,30,900,0,1,25,53
6.282921678540643,535.350503195169,8,24,576,0,1,20,38
6.605514852281771,739.1603296451407,7,51,2601,1,0,31,64
6.580972584623304,721.2404556183686,13,4,16,0,0,43,23
6.275497698307751,531.390788251298,8,6,36,0,1,30,20
6.049952622812348,424.0929372381281,1,20,400,0,1,53,27
5.958268477903088,386.93954946773624,0,16,256,1,1,48,22
6.938446026767043,1031.1665640285787,12,45,2025,1,0,51,63
6.949330414406538,1042.4514839437186,9,28,784,0,1,40,43
6.480309651264172,652.1728611588749,7,25,625,1,1,59,38
6.507573495234226,670.1982038201738,6,50,2500,0,1,52,62
6.750411701884618,854.4104525190066,11,26,676,1,1,52,43
7.232728577781973,1383.993691194811,16,33,1089,1,1,47,55
6.059567492528721,428.1902013430929,11,44,1936,1,1,55,61
7.171897563438168,1302.3134820843177,15,22,484,0,1,20,43
6.734674164224669,841.0693889380988,9,10,100,0,1,31,25
6.425039702220604,617.1053175079403,11,5,25,0,0,52,22
6.097407942759049,444.70357773368636,10,16,256,0,0,24,32
6.424259542665154,616.6240646491849,13,14,196,0,1,21,33
5.790374141443987,327.13539639190753,12,0,0,0,0,55,18
5.931189198215938,376.60210218438795,1,26,676,0,0,43,33
6.387419878712175,594.3211790539706,6,42,1764,1,1,40,54
6.254834975020205,520.5234682944299,0,14,196,0,1,49,20
6.425025706677366,617.0966808442242,2,56,3136,1,0,34,64
6.5370569984376115,690.2521726531961,11,31,961,1,1,28,48
6.343174506052927,568.5984686690274,4,20,400,1,0,51,30
5.766228783409432,319.33119192524697,11,16,256,1,1,27,33
5.546559909279838,256.3541557363848,2,52,2704,1,0,42,60
6.569153972055725,712.7665675409623,4,28,784,1,1,46,38
5.734781687228446,309.4454074999582,0,13,169,0,1,27,19
7.542079051337708,1885.7465162761494,15,23,529,0,0,48,44
6.479510816458456,651.6520908104716,8,41,1681,1,0,30,55
7.405019954016804,1644.2176444961126,9,28,784,0,1,40,43
7.301777439879019,1482.9334114450312,9,40,1600,0,1,58,55
6.746316245174319,850.9184071391672,12,45,2025,1,1,49,63
7.2975737585318585,1476.7127159954298,15,21,441,1,1,52,42
5.4144765225324605,224.6349235741275,3,19,361,1,1,22,28
7.427464157074955,1681.5380458722314,13,6,36,0,1,32,25
6.542002341903523,693.6741612052912,16,3,9,1,1,55,25
6.197891392203175,491.7111212907919,4,40,1600,0,0,42,50
6.501524999730101,666.1567476832776,12,6,36,1,1,45,24
6.285701306335243,536.8406483987701,2,47,2209,0,1,29,55
6.56014030037522,706.3707917306454,4,28,784,1,0,57,38
6.581538728577289,721.648897149129,15,4,16,0,0,55,25
7.00074254140718,1097.4477563559956,18,14,196,0,1,42,38
6.916897077250113,1009.1837121310949,18,13,169,0,1,27,37
6.715005001674651,824.6878917076943,16,3,9,0,0,33,25
7.340779081427134,1541.912921561351,17,40,1600,1,1,43,63
7.4230433063379735,1674.1206248988162,17,25,625,0,0,37,48
7.008890035611278,1106.4257299196486,7,33,1089,0,1,59,46
7.119272982566819,1235.5518391316923,17,3,9,0,0,56,26
6.52246370900836,680.2522661512137,8,18,324,1,0,44,32
7.813812430652325,2474.546511783443,18,23,529,0,1,39,47
6.360670494224413,578.6341972439716,9,28,784,0,1,44,43
5.962788973766699,388.6926675968021,1,20,400,1,1,36,27
6.956500795036559,1049.9531205257877,16,24,576,1,1,23,46
6.2868230225245245,537.4431691105852,12,15,225,1,1,40,33
6.856890163422416,950.4068569839952,10,37,1369,1,1,39,53
7.105379691933211,1218.5046532994827,15,16,256,0,1,36,37
6.640349832102985,765.3626946330086,6,50,2500,1,1,54,62
5.551753340944321,257.6889766765752,2,46,2116,1,1,42,54
6.204551448218717,494.99687440663115,15,18,324,1,0,40,39
7.381485683067856,1605.9739646402413,18,0,0,0,1,40,24
6.915094084900182,1007.3658009508925,15,19,361,1,0,43,40
5.287012815674999,197.7518210935212,1,51,2601,0,0,56,58
6.478830733875045,651.2090642374715,13,38,1444,1,0,37,57
5.738334024829334,310.54661683207854,9,31,961,0,0,38,46
7.789052542121396,2414.0293072578015,18,9,81,0,1,24,33
6.800153449893204,897.9850767927226,10,39,1521,0,1,46,55
7.147700395371692,1271.1793814928603,17,22,484,0,1,25,45
6.245647645530487,515.7631484810342,10,39,1521,1,1,33,55
6.114738722800385,452.477809790445,8,34,1156,1,1,22,48
6.117172523334058,453.58039171337305,18,7,49,1,0,20,31
7.372156695576351,1591.0615207659664,9,35,1225,0,1,50,50
5.699524017026848,298.7251790232666,2,18,324,1,1,29,26
5.950614955376137,383.98940281697656,2,36,1296,1,1,50,44
6.521495297886369,679.5938211650957,7,28,784,0,0,36,41
5.649264330545141,284.0823981880031,5,19,361,1,1,58,30
5.858400324934826,350.16354785736706,0,37,1369,0,0,59,43
6.353439136150347,574.4649788934269,5,35,1225,0,1,35,46
5.469971031085673,237.45331389682366,1,53,2809,0,0,46,60
7.182923492740732,1316.7521520679811,18,21,441,1,1,35,45
6.349222741059318,572.047906822748,6,33,1089,0,1,23,45
6.6540003148019045,775.8818976122376,10,9,81,0,0,46,25
6.576307567463411,717.8836922833759,10,24,576,1,1,28,40
6.873991806407114,966.8001523462153,3,37,1369,0,1,44,46
6.503236552131094,667.2978861447772,15,1,1,0,1,43,22
6.286056552250153,537.0313927246366,4,49,2401,1,0,47,59
5.887916443328697,360.6530599042726,6,12,144,0,0,37,24
6.814532683561499,910.9906953682208,15,38,1444,1,0,45,59
7.28409697630225,1456.9448828885081,14,33,1089,0,1,29,53
6.63196559073923,758.972534824732,4,48,2304,1,1,53,58
6.299260839183383,544.1695326372902,0,38,1444,0,1,57,44
6.579001223057605,719.8200304503398,8,49,2401,1,1,30,63
6.516638491852204,676.3011681545955,4,9,81,0,1,33,19
6.085690452433766,439.52317777923895,5,31,961,1,0,57,42
5.551416982796626,257.60231546511807,2,18,324,1,1,20,26
5.90217706131648,365.83304250884936,5,33,1089,1,1,36,44
6.0103568461197705,407.62875506298917,7,5,25,0,1,36,18
6.169757337390678,478.0700822789052,5,29,841,1,1,29,40
7.008126828584357,1105.5816201840219,15,6,36,0,1,49,27
7.015297464380739,1113.5378347931385,15,38,1444,1,1,52,59
6.119406438673533,454.5947845200819,2,34,1156,0,1,21,42
6.772855421819544,873.8034124597327,16,0,0,0,1,39,20
5.883767590449134,359.1598630869863,5,12,144,0,1,51,23
5.4677304942225495,236.9218865573531,5,12,144,1,1,22,23
7.128337908128495,1246.8029427448612,18,0,0,0,0,55,19
6.980492336721623,1075.447719079633,14,15,225,0,1,24,35
7.120722035278167,1237.343516678294,18,16,256,0,1,39,40
5.2712540448592975,194.65992171962824,1,12,144,1,1,22,19
5.528502792770585,251.7666818027009,7,16,256,1,0,22,29
6.613780999749547,745.2956607731053,6,27,729,0,1,55,39
6.276368154829312,531.8535422028074,7,41,1681,1,0,25,54
7.1587702525440005,1285.3293301453455,12,19,361,1,0,58,37
7.5245501018934196,1852.9793866163907,14,36,1296,0,1,55,56
7.289669505956284,1465.0864148485389,11,24,576,0,0,43,41
7.182635709997761,1316.3732680426028,14,17,289,0,1,57,37
6.547014083151725,697.1594028814919,13,0,0,1,1,56,18
5.680119834386025,292.9845374411235,6,6,36,1,1,27,18
7.403697572737965,1642.0447988465355,16,12,144,0,0,57,34
6.085496976948603,439.4381490449309,4,8,64,0,0,35,18
6.3393268508111555,566.414901291698,9,47,2209,0,1,20,62
7.828319286770556,2510.706048443312,18,23,529,0,1,33,47
6.764096105241849,866.1829156392806,17,35,1225,1,1,29,58
5.915443678190518,370.7187460441125,9,49,2401,1,1,29,64
6.095701219505589,443.9452391178268,1,13,169,0,0,41,20
6.462474565094497,640.6444130047055,5,52,2704,1,1,59,63
6.307369441096973,548.5999246187828,2,20,400,0,1,50,28
6.901067893480769,993.3349252997078,18,17,289,1,1,23,41
6.080095343349334,437.07086453201083,4,29,841,0,0,42,39
6.112637868926149,451.5282178569461,6,49,2401,1,0,31,61
5.88853767273072,360.87717779611904,6,50,2500,0,1,27,62
7.520845900255495,1846.1282741222433,9,28,784,0,1,43,43
5.28202072706742,196.76708646661092,0,24,576,1,1,20,30
5.859158545633293,350.42914978691687,10,2,4,0,0,45,18
6.5274685578421465,683.66535979661,6,29,841,1,1,41,41
5.7834899929702654,324.89108171331674,5,16,256,1,1,44,27
6.661000989864867,781.3326518828826,5,41,1681,1,1,50,52
7.0667151381494575,1172.2908890038295,12,23,529,1,1,53,41
7.081630234000323,1189.9067646473904,15,24,576,0,1,56,45
6.573274921035046,715.709902701615,12,35,1225,1,1,30,53
6.252998156264853,519.5682385857594,1,26,676,1,1,23,33
7.27058502303957,1437.3911140281807,18,33,1089,0,1,27,57
6.74088937978148,846.3130949904266,18,9,81,1,1,54,33
6.86201354318283,955.2886471932898,18,10,100,1,1,44,34
6.844348627591383,938.561728643556,17,9,81,1,0,50,32
6.26985853069907,528.40261984059,5,22,484,0,1,42,33
5.871358413660582,354.73052391549413,1,25,625,1,1,59,32
7.79370108511784,2425.277149070911,18,27,729,0,0,57,51
6.338164575955632,565.7569539260402,5,17,289,1,0,23,28
6.868826501588327,961.8192099777518,14,0,0,0,1,55,18
6.021009183154353,411.9941635689288,5,21,441,0,1,26,32
5.587491845125936,267.0649387515595,2,35,1225,1,0,29,43
5.457826890236544,234.58708656784734,10,5,25,1,1,25,21
6.204841135390063,495.14028942274535,7,47,2209,1,0,50,60
6.710372338340609,820.8762262481843,17,0,0,0,0,23,22
6.774997246974284,875.6769522699583,16,30,900,1,1,40,52
6.179710568688662,482.8521835857763,18,6,36,1,1,39,30
6.942456472704377,1035.3103053574093,18,3,9,1,1,36,27
6.106320859822845,448.6849000815966,16,6,36,0,0,25,28
5.867139394459929,353.23706171220925,3,26,676,0,0,30,35
6.81105514129953,907.8281887870568,6,39,1521,1,1,37,51
6.346212816363433,570.3286743788382,4,46,2116,0,1,28,56
6.150889208004589,469.1343593948514,15,37,1369,1,1,31,58
5.906029237193223,367.245013564487,5,48,2304,0,0,50,59
6.317959683685004,554.4406034194757,13,21,441,1,0,50,40
5.558352086648589,259.39502339810286,1,17,289,1,1,53,24
6.527032217901058,683.3671143667209,17,33,1089,1,1,35,56
6.471506328503072,646.4567701786335,17,0,0,0,1,31,20
6.359436432217075,577.9205671874423,12,11,121,1,0,32,29
7.462756511001041,1741.9431308796206,17,1,1,0,1,55,24
6.016602848979613,410.1827733323483,16,21,441,1,0,32,43
7.597909591900156,1994.0232130435902,12,32,1024,0,1,21,50
6.902409119051726,994.6681053497787,11,37,1369,1,1,34,54
6.27387473080019,530.5290577376127,2,24,576,1,0,32,32
5.757285084387217,316.4879234775496,6,7,49,0,0,53,19
5.391716691136294,219.58001324719754,0,52,2704,1,1,45,58
6.320844184955434,556.0421968330511,4,14,196,0,1,25,24
6.029227516356098,415.39402032435044,0,43,1849,1,1,40,49
5.901798002315995,365.69439648058415,3,12,144,1,0,52,21
5.875134921328314,356.0726992315498,0,31,961,0,1,34,37
7.176879535116963,1308.8177595790787,12,35,1225,0,1,54,53
7.1701601460748865,1300.052784484423,13,30,900,1,1,47,49
6.582853189826512,722.5981003687306,14,25,625,0,0,25,45
6.528779497336347,684.5621914351533,16,8,64,0,0,56,30
6.806959256856304,904.117434030539,11,1,1,0,1,59,18
6.6485564374402575,771.6695678208855,6,40,1600,0,0,25,52
6.884996185768336,977.4979412980347,18,23,529,0,1,30,47
6.103977101538945,447.6345225265453,2,45,2025,0,1,33,53
6.413723725417557,610.1615300156883,17,19,361,0,0,40,42
6.43017425750499,620.2820273941015,3,24,576,1,1,39,33
5.277976384715685,195.97290006875096,2,28,784,1,0,24,36
6.3272867398581445,559.6360937225487,11,1,1,0,1,28,18
6.366719341993297,582.1448744888684,11,5,25,1,1,49,22
7.089910561674469,1199.80048766538,16,17,289,1,1,57,39
6.736615370609805,842.7036639255675,5,30,900,0,1,46,41
7.212493252951386,1356.2695785087378,14,40,1600,1,1,24,60
5.483041583629856,240.57733175739673,1,55,3025,1,1,24,62
6.800429620179885,898.2331078366408,7,41,1681,0,1,59,54
6.486969383341259,656.5306524369246,13,34,1156,0,0,34,53
5.613948133960053,274.22477970490525,4,43,1849,0,1,28,53
5.423603737587007,226.69460008698093,2,13,169,1,0,44,21
6.8267914218947015,922.2270228129081,9,38,1444,0,1,27,53
6.0715644301262355,433.35811002434525,6,23,529,1,1,33,35
7.107030195636755,1220.5174603583566,10,17,289,1,1,58,33
7.379395169334904,1602.6201608202819,14,38,1444,0,1,51,58
6.528419816804942,684.3160120179839,1,28,784,0,0,50,35
6.240097203451312,512.9083649830806,4,29,841,0,0,42,39
6.00880153800229,406.99525951940313,10,3,9,0,1,20,19
6.276651036657294,532.0040151870777,7,25,625,0,1,50,38
5.743065072439646,312.0193086020577,12,35,1225,1,1,26,53
6.0199467891764575,411.5566958732944,10,45,2025,1,0,34,61
7.269009449098256,1435.1281812225532,16,34,1156,0,0,25,56
6.624514429194372,753.3383246323016,14,44,1936,1,1,35,64
5.554720279493544,258.454659340218,0,50,2500,0,1,33,56
7.429134207834356,1684.348646031921,18,22,484,0,1,36,46
6.475894134583508,649.2995293025159,15,22,484,1,0,29,43
7.096598150003087,1207.8511491535792,18,14,196,0,0,48,38
6.37155368278251,584.9659747866708,12,16,256,1,0,27,34
5.8461258375201375,345.891740552101,3,24,576,1,1,30,33
6.864910810025524,958.0603866114938,10,32,1024,1,0,37,48
6.8475990697804985,941.6174327878741,17,3,9,0,1,39,26
7.157685341231609,1283.935617978674,17,25,625,0,1,35,48
6.627238605498421,755.3933488985178,9,16,256,0,1,46,31
7.090585828887189,1200.6109472040857,16,32,1024,1,0,42,54
6.289264670652686,538.7570195459393,12,1,1,1,1,33,19
6.470071446461763,645.5298461409851,13,44,1936,1,1,31,63
5.683048361879694,293.8438082992943,6,19,361,1,0,46,31
5.736728619388634,310.048463579788,9,35,1225,1,0,32,50
5.526976924084127,251.38281184869558,2,44,1936,1,1,35,52
6.541948084273292,693.6365251101834,1,49,2401,0,0,52,56
6.68210159919897,797.9944154153717,18,40,1600,1,0,43,64
5.870737958554776,354.5104978159625,6,25,625,1,1,31,37
6.1983881874155236,491.95546171025757,4,9,81,0,1,28,19
5.620124525142342,275.9237405386299,2,50,2500,1,0,32,58
5.924815312737855,374.2093172835759,1,29,841,1,0,27,36
6.630052932068963,757.5222668014814,5,43,1849,1,1,37,54
7.092742564851509,1203.2031423485228,13,16,256,1,1,46,35
6.233271913034029,509.4195361135371,6,21,441,0,0,52,33
4.657550630848225,105.37765701419642,1,14,196,0,0,26,21
6.029860328005973,415.656969689636,10,13,169,0,1,32,29
6.189890299813713,487.7925923410036,2,38,1444,0,1,34,46
6.775977229432961,876.5355209450597,8,10,100,0,0,53,24
6.424812498727777,616.9651249510823,7,18,324,0,1,59,31
6.493462021712574,660.8071363519709,10,13,169,1,1,39,29
7.542385843519175,1886.3251373172393,17,29,841,0,1,56,52
6.417574705373508,612.5157800129775,0,16,256,0,1,36,22
6.9493601374512615,1042.482469236284,14,14,196,0,1,48,34
6.514086323326365,674.5773342921985,3,50,2500,0,1,40,59
6.1828852521119995,484.3875222264871,3,40,1600,0,1,33,49
6.5651616171242395,709.9266232250206,9,12,144,0,0,48,27
6.722440615311082,830.8428066679818,10,44,1936,0,1,41,60
7.504936038338187,1816.9890434176766,17,11,121,0,1,52,34
5.944338183199435,381.58673719790073,14,2,4,0,1,32,22
5.539797993293428,254.62655799058336,2,54,2916,1,1,50,62
6.070575491611631,432.92975734087,6,47,2209,0,1,31,59
6.228834517560382,507.16404811688176,6,14,196,1,0,51,26
7.101976773154153,1214.3652279909531,16,28,784,0,1,25,50
6.433404793309109,622.2891109242994,15,32,1024,0,1,30,53
7.148496941507822,1272.192337897212,15,32,1024,0,0,42,53
5.597720210685919,269.8105944209325,7,22,484,1,1,26,35
6.390166934621829,595.9560570836906,2,18,324,0,1,39,26
6.582699659062548,722.4871678463377,14,26,676,1,0,23,46
5.107333172022917,165.22912913445077,0,25,625,1,0,40,31
6.829649857069169,924.8669201640107,9,27,729,0,0,49,42
6.523286922413606,680.8124894957041,1,25,625,1,1,44,32
5.7345787891557265,309.3826279923006,6,11,121,0,0,50,23
6.749782296404005,853.8728510998859,13,40,1600,0,0,21,59
7.365884363765339,1581.1130875291583,15,25,625,0,1,39,46
6.708287448777217,819.1665728098359,14,12,144,0,1,33,32
6.889300845847412,981.7148072389805,6,34,1156,0,1,57,46
6.079941974560599,437.00383664305076,12,3,9,1,1,42,21
6.05213054266485,425.01758420344373,9,20,400,0,1,24,35
6.566745999852813,711.0523102294553,8,47,2209,1,1,38,61
6.370938888647989,584.6064516641551,8,42,1764,0,1,26,56
5.717001409122143,303.9920072507144,5,22,484,1,1,40,33
7.03075511666551,1130.8842373861596,11,11,121,0,1,52,28
6.617906632220879,748.3768282639203,13,12,144,1,1,39,31
6.360135145450987,578.3245090392111,6,8,64,1,1,28,20
6.6869335629818485,801.8596262887063,7,46,2116,0,0,50,59
6.34252342651164,568.2283863284634,7,42,1764,0,1,27,55
6.6948522708580125,808.2345255976938,7,49,2401,0,1,30,62
5.510757940445279,247.3385239117771,1,52,2704,0,1,26,59
7.2936187706505455,1470.8838692065585,13,16,256,0,0,40,35
6.314844278301909,552.7159840181534,9,22,484,1,1,47,37
6.512538520446688,673.5340291752351,17,19,361,0,0,34,42
7.142002376067644,1263.956773659249,17,32,1024,0,1,27,55
6.854760490401483,948.3849549011208,17,7,49,0,1,31,30
6.500532199168213,665.4957150809373,15,0,0,1,1,24,21
5.794939106473271,328.632171800714,4,21,441,0,1,27,31
6.423492285473566,616.1511368529035,4,40,1600,0,1,56,50
6.529566658662225,685.1012644582919,9,30,900,0,0,33,45
7.217746191702252,1363.4127243628584,16,32,1024,0,1,23,54
6.988660394683124,1084.2680116755269,12,7,49,1,1,46,25
6.932907246074305,1025.470946521763,16,39,1521,1,0,34,61
6.7553249813771865,858.6187396532644,17,28,784,1,1,39,51
6.9443897516441995,1037.313784985412,12,43,1849,1,1,41,61
6.496292047390467,662.6798862311938,16,0,0,1,1,55,22
7.474968131611512,1763.3454923120191,14,2,4,0,1,49,22
7.050869726853532,1153.8618511422221,11,31,961,0,1,52,48
7.124740804806372,1242.3261203610048,9,47,2209,0,1,47,62
7.333625793657123,1530.9225302972186,12,8,64,0,1,57,26
6.792896214364327,891.4917777879157,10,43,1849,0,0,59,59
5.754864336205242,315.7227124774224,2,41,1681,0,0,23,49
6.599074217438325,734.4149658526609,9,35,1225,0,1,33,50
6.46422574717746,641.7672809084347,10,4,16,0,1,21,20
7.29822916992422,1477.6808875734212,5,36,1296,1,1,56,47
5.998147874331424,402.68228419677905,0,23,529,1,1,38,29
6.3111336903137385,550.668883049903,5,35,1225,0,0,33,46
5.431028923274318,228.3841143029458,4,10,100,1,1,26,20
6.311389736134844,550.8098975685393,6,31,961,1,0,28,43
6.851084046407454,944.904672181925,11,30,900,1,1,52,47
7.531646109409533,1866.1749046487912,11,9,81,0,1,43,26
6.904998807832434,997.247324428628,6,31,961,1,1,40,43
5.48646874734544,241.40324411963527,1,12,144,0,0,20,19
5.574475131098801,263.6111580209596,0,14,196,1,0,40,20
7.294092640989819,1471.5810426165447,17,40,1600,1,1,59,63
5.902778271821125,366.05305130612516,11,4,16,1,1,43,21
6.825577363789177,921.10806499807,6,30,900,0,0,57,42
6.478615896436681,651.0691751775131,18,6,36,1,1,23,30
6.734383646135812,840.8250785566394,2,48,2304,0,1,25,56
6.592775543678766,729.8036633690446,9,46,2116,0,1,22,61
6.641855453121407,766.5159087266015,10,36,1296,0,1,53,52
6.359727730314473,578.0889388710963,4,30,900,1,1,44,40
6.2048598829434045,495.1495721787472,1,19,361,1,1,46,26
6.140780426308636,464.4158718308074,7,6,36,1,1,37,19
7.086314639726131,1195.493846571414,13,39,1521,0,1,24,58
6.585890393390421,724.7961141123815,7,48,2304,0,1,43,61
6.720922893648358,829.5827749725547,5,37,1369,0,1,51,48
5.7399429791228025,311.04667432149853,0,55,3025,0,0,40,61
5.381393186340214,217.3248386091004,0,58,3364,0,0,53,64
7.06445773637755,1169.6475421442547,7,6,36,0,1,48,19
6.833475562481596,928.4119653717975,10,33,1089,0,1,24,49
6.922626820796228,1014.9826734080337,17,12,144,1,1,47,35
6.739126200293907,844.8222078383371,9,15,225,1,1,25,30
5.784659524003687,325.27127419598025,11,46,2116,1,0,30,63
7.807095666479963,2457.9812611495195,15,1,1,0,1,58,22
5.897342612147049,364.0687094858173,4,49,2401,0,1,27,59
8.009962337107988,3010.803715171758,15,40,1600,0,1,54,61
6.250771136789636,518.4124374732122,11,10,100,0,1,30,27
5.831522709900294,340.8773413879279,5,49,2401,1,1,39,60
6.405623098812662,605.238804790957,4,32,1024,0,0,41,42
5.596766887553756,269.55350030632286,0,45,2025,1,0,31,51
6.617428868635619,748.0193664652381,18,30,900,1,1,24,54
6.689616482857164,804.0138399163885,9,32,1024,0,1,53,47
6.770790975268315,872.0013527863897,13,5,25,0,1,53,24
6.331478779598351,561.9870346435767,2,15,225,1,1,49,23
6.04735376700678,422.99221177899113,5,9,81,1,1,42,20
6.216069718762697,500.731344514062,4,20,400,1,0,55,30
6.3014529799685155,545.363737317977,16,0,0,1,1,44,20
7.391083430098117,1621.4619022522998,17,20,400,0,1,25,43
6.555735187832911,703.2659924124029,11,24,576,0,1,48,41
5.880331428940266,357.92784970062445,4,13,169,0,1,40,23
6.648979729746767,771.9962787543454,8,46,2116,0,0,26,60
7.286411410034867,1460.3207904222165,11,42,1764,0,1,56,59
6.830605852798459,925.7515117553694,8,15,225,0,0,28,29
6.395353644618812,599.0551383931232,2,45,2025,1,1,55,53
4.979268700934555,145.36803526450748,0,13,169,1,1,20,19
7.320896439943782,1511.5583839097862,14,8,64,0,1,50,28
6.3460638470563815,570.2437192394354,9,41,1681,0,1,39,56
7.118276716809807,1234.3215141104597,13,32,1024,1,1,47,51
6.459341188966285,638.6401747502832,6,31,961,0,1,38,43
5.574094083006698,263.51072862756826,3,26,676,1,1,20,35
6.246576446289075,516.2424122204038,4,28,784,1,1,48,38
6.790869011117369,889.6863733405103,15,32,1024,0,1,29,53
6.006708951009886,406.14447701202585,2,49,2401,0,0,55,57
6.073604483005506,434.24308587629764,16,41,1681,1,0,42,63
7.408660706861898,1650.2147449191439,12,43,1849,0,1,37,61
6.449127868078425,632.1507334970412,5,28,784,0,0,48,39
6.220124003280751,502.7655727354003,4,37,1369,0,0,47,47
6.940059619404818,1032.831789941442,15,39,1521,1,1,26,60
6.633196623718086,759.9074303707065,10,31,961,0,1,50,47
6.649121300892548,772.1055788887578,16,3,9,1,1,57,25
6.37928818376396,589.5079369555929,4,41,1681,0,1,21,51
5.989234619523163,399.1090227426587,5,53,2809,0,1,34,64
6.6730646103028075,790.8154357808633,9,11,121,1,1,41,26
5.861354597047761,351.1995558330048,0,31,961,0,1,30,37
5.941256713562562,380.41269906382524,9,42,1764,0,0,38,57
7.224493302841011,1372.6429251214072,16,20,400,0,1,25,42
5.743342225085916,312.1057975638929,2,28,784,0,0,28,36
6.536672848715337,689.9870633968561,1,15,225,0,0,48,22
6.082937532539593,438.31486963005534,16,6,36,1,0,22,28
6.22688871864133,506.17816833323866,3,23,529,1,1,32,32
5.609602552342622,273.03569903794335,1,18,324,1,1,34,25
5.37437306509086,215.80453449482084,4,26,676,1,1,24,36
6.161245504352084,474.01809892495174,9,25,625,1,0,24,40
5.550634446518655,257.40081116047423,0,38,1444,1,0,21,44
6.311189546527645,550.6996421878628,0,51,2601,1,1,57,57
5.8232774511612115,338.07827488137605,3,40,1600,0,1,49,49
6.6063636875133795,739.788021340475,6,31,961,0,0,47,43
6.894932279547244,987.2588649331847,13,25,625,1,0,58,44
7.052965060350709,1156.2821112705979,13,17,289,0,0,51,36
6.184884550731763,485.35692627228235,17,36,1296,1,1,39,59
6.493631664742354,660.9192471858239,1,39,1521,0,1,39,46
5.693164693921685,296.831516677359,0,50,2500,0,1,48,56
7.202845697632407,1343.247807849323,15,37,1369,1,0,54,58
8.215466325290421,3697.700153700644,17,27,729,0,1,51,50
6.982048360662546,1077.1224440959365,15,15,225,1,1,36,36
6.147785451144571,467.6805377301844,5,43,1849,1,1,27,54
6.140986505825112,464.5115882913805,9,21,441,1,0,40,36
6.206320447561366,495.87329852035646,1,43,1849,0,1,42,50
6.170973353548733,478.651776826945,6,52,2704,0,1,46,64
6.9086500831780455,1000.8952046526175,16,11,121,0,0,25,33
5.5887144933658846,267.3916649237646,2,32,1024,1,0,27,40
6.3999136822195934,601.793090186301,11,7,49,0,1,54,24
5.404280869615149,222.3562598317199,1,36,1296,0,0,24,43
6.709627854633031,820.2653247031442,6,37,1369,0,1,52,49
6.140716705224235,464.386279690673,16,7,49,0,0,20,29
6.444389904729345,629.1627106516685,18,1,1,1,0,43,25
7.1521271784613685,1276.8190905573226,11,5,25,0,1,51,22
6.699294414295334,811.8328054119648,8,45,2025,0,0,52,59
6.895630047977655,987.9479833963732,13,26,676,1,1,57,45
5.048806498991387,155.83636259615201,1,15,225,1,0,21,22
6.195204938703267,490.3919349877708,3,34,1156,1,1,36,43
5.929320219359602,375.8988981595766,18,0,0,1,1,29,22
7.141370462873739,1263.158315002297,15,18,324,0,0,56,39
7.153575210492316,1278.669304759596,16,10,100,0,0,56,32
5.437447861296836,229.8548128897896,1,23,529,1,1,21,30
6.926355958282101,1018.7747495350382,16,23,529,1,1,31,45
7.980964993852682,2924.7520705042925,18,26,676,1,1,56,50
6.385119132308524,592.9553685329558,7,47,2209,1,0,49,60
6.563107083958667,708.4695527448325,5,29,841,1,1,34,40
7.323032007461537,1514.7898681939507,11,33,1089,0,1,42,50
7.776167274147931,2383.1234355649885,17,37,1369,0,0,37,60
5.668212922077622,289.51668293686663,1,28,784,1,0,50,35
6.580928106744193,721.2083770859718,18,23,529,1,1,57,47
6.261895614636122,524.2117022386996,9,28,784,1,0,48,43
5.558016251427902,259.3079240395096,2,25,625,1,1,33,33
6.818095302780925,914.2419964632817,11,13,169,0,1,59,30
6.881240662161351,973.8338093772367,15,35,1225,0,0,42,56
7.000650872287017,1097.3471588966563,11,33,1089,0,0,44,50
7.066402325801285,1171.9242392873678,7,30,900,1,1,57,43
6.560924290666806,706.9247967125094,4,8,64,0,1,47,18
6.827202000965124,922.6057476695825,10,39,1521,0,0,54,55
5.534276109190218,253.22441444758226,9,4,16,1,1,49,19
5.850366862769034,347.3617912147596,2,15,225,0,1,46,23
5.705522486521838,300.5224579694062,8,49,2401,1,1,27,63
6.955119526343042,1048.5038542942032,11,38,1444,0,1,38,55
6.4502118572849545,632.8363496021454,5,48,2304,0,1,20,59
7.719802969325944,2252.5157221522413,18,17,289,1,1,39,41
6.869193943854332,962.1726879451487,15,14,196,1,1,49,35
6.458138913529066,637.8728147364405,13,25,625,0,1,48,44
5.315117502216995,203.38841031395708,3,49,2401,1,1,27,58
6.6393356710650595,764.5868870716254,17,2,4,0,0,33,25
7.466069311166136,1747.7234095388574,9,30,900,0,0,57,45
7.213835976921958,1358.0918973441605,17,4,16,0,1,22,27
5.459163026120414,234.9007362847618,11,17,289,1,0,22,34
6.681261626166894,797.3244030622234,18,22,484,0,0,33,46
5.515223271829403,248.4454419237196,7,10,100,0,1,40,23
6.241860773954535,513.8137131344188,0,25,625,1,1,54,31
6.912283283777821,1004.5382716997469,13,20,400,0,1,46,39
5.8746981080314455,355.917195907306,5,12,144,0,0,47,23
7.539210097438018,1880.3441497302642,13,24,576,0,1,47,43
5.110135435781467,165.69279408720976,1,49,2401,1,0,24,56
6.437063238038442,624.56989075188,8,15,225,0,1,58,29
6.371198612840016,584.7583078219726,11,35,1225,1,0,29,52
6.108856012930048,449.82382806861534,4,21,441,0,1,28,31
6.451980760901076,633.9567667722112,1,32,1024,0,1,39,39
6.480171913091385,652.0830382468018,18,16,256,1,0,48,40
6.521610404536657,679.6720514357328,6,12,144,0,1,48,24
6.188774579437065,487.24865570317206,6,45,2025,1,1,47,57
6.614328210215583,745.7036059647311,9,27,729,0,1,30,42
7.018332309867449,1116.9223832584373,16,8,64,0,1,40,30
7.034305695667274,1134.9066679658572,13,19,361,0,1,54,38
7.216349426666975,1361.5096864985856,10,42,1764,0,1,42,58
6.248351414196108,517.1595396294181,5,16,256,0,0,48,27
5.6940448703319255,297.0928957891441,7,13,169,0,0,34,26
7.280434877398953,1451.6191642368544,18,8,64,0,1,36,32
6.922075738738583,1014.4234887603629,18,0,0,0,1,43,19
7.099417523107347,1211.2613372348042,16,20,400,0,0,54,42
7.143667576699943,1266.0632686595902,17,7,49,0,0,39,30
7.083770066082559,1192.455691482359,11,34,1156,0,1,55,51
6.671893185622533,789.8895974426597,8,37,1369,0,1,30,51
7.038493351831072,1139.6692318995304,15,31,961,1,0,49,52
7.278456165813334,1448.749668467179,17,32,1024,1,1,58,55
5.533482398332535,253.02350722207524,15,0,0,1,1,39,20
7.484956614956948,1781.0468973168765,15,38,1444,0,0,41,59
5.472282502453616,238.00281526680027,3,14,196,0,1,43,23
6.038917323156307,419.43867242921374,6,24,576,0,1,33,36
5.500401036153975,244.79008225517634,0,14,196,1,0,55,20
5.71568668805128,303.5926051621089,0,29,841,0,0,32,35
5.601723720770884,270.8929490198301,7,43,1849,0,0,20,56
6.579476515796598,720.162237001897,7,13,169,0,1,46,26
6.535839415771236,689.4122450167779,9,14,196,1,1,32,29
5.8019605827982526,330.9477747768984,0,16,256,1,1,54,22
6.133241416877376,460.92780101328657,13,1,1,0,0,27,20
7.229936980925576,1380.1355264829986,13,9,81,0,1,37,28
6.494615320616151,661.5696841360411,9,32,1024,1,1,53,47
5.987802052401733,398.5376816187772,18,0,0,0,1,25,21
6.96716758224137,1061.2126920043233,15,1,1,0,1,46,22
5.554115162811355,258.29831142339873,8,4,16,1,0,37,18
6.885653619749421,978.1407929541922,15,23,529,0,1,28,44
6.931258218701863,1023.7813103723191,7,32,1024,0,0,34,45
6.253281873822249,519.7156701307812,6,34,1156,0,1,42,46
6.020738752766674,411.8827628912962,10,19,361,1,1,22,35
5.651601290820858,284.74706381368145,5,18,324,0,0,28,29
6.594570367272048,731.1147083978492,14,10,100,1,0,41,30
7.284095780298921,1456.943140378621,18,34,1156,1,0,42,58
6.2251554046993585,505.3015625928918,13,0,0,1,0,39,19
6.761188990045009,863.6684787716558,14,34,1156,1,1,26,54
6.4616829548876416,640.1374730243102,5,51,2601,0,1,36,62
6.659241425512819,779.959055621442,9,18,324,0,1,22,33
6.714590448442641,824.3460855301098,13,22,484,1,0,26,41
7.591594849477707,1981.4711433228829,15,31,961,1,1,32,52
7.170141787328616,1300.0289173643,12,21,441,0,1,42,39
6.3357410990214635,564.3875150698487,10,37,1369,1,0,56,53
5.182616539508077,178.14833385211907,2,20,400,0,1,23,28
6.765777129717777,867.6402148557514,7,50,2500,0,1,28,63
6.276747184363611,532.0551686119919,2,38,1444,1,1,25,46
5.660836190518821,287.38885394569866,1,45,2025,0,0,37,52
6.9338076390372265,1026.3946891489647,13,13,169,0,0,54,32
7.1329548930073505,1252.5727223216445,14,28,784,1,1,42,48
5.496504355804758,243.83806960109243,2,51,2601,1,1,50,59
5.0379475559127895,154.15329908895689,0,52,2704,1,1,39,58
6.530850329810541,685.9812738856667,14,40,1600,1,1,26,60
5.536556287812363,253.80247012866118,1,26,676,1,1,31,33
7.347723475775609,1552.6578382282185,17,4,16,1,1,56,27
5.644129797419688,282.6275059965518,0,43,1849,0,0,23,49
6.532331687696311,686.9982106929416,8,5,25,0,1,31,19
5.20791309733168,182.71235714012465,2,33,1089,0,0,34,41
5.653394700421028,285.2581901239656,1,33,1089,1,1,21,40
5.746635845569733,313.13545032377743,3,10,100,0,1,30,19
7.5532886113576305,1907.0038249828383,15,34,1156,0,1,52,55
5.841197594398669,344.1912955058935,0,42,1764,1,0,33,48
6.44786237421558,631.3512565966583,8,43,1849,0,0,46,57
6.805069498482348,902.4104839081706,7,30,900,0,1,23,43
6.677223034065198,794.1108285516884,5,35,1225,0,1,57,46
6.279078343862593,533.2969208712332,17,0,0,1,0,59,20
6.721530769421089,830.0872115447883,15,10,100,0,0,39,31
5.409507136788787,223.5213950552893,7,29,841,0,0,21,42
6.193767803431417,489.687681615861,3,9,81,0,1,23,18
5.7714051955547,320.98846745549304,2,12,144,0,0,43,20
7.22802390446379,1377.4977456359277,14,23,529,0,1,28,43
6.574940977784121,716.9033098813843,5,24,576,1,1,38,35
5.176284539586156,177.0238624495585,0,20,400,0,1,27,26
6.693692576814884,807.2977641162494,17,32,1024,0,1,47,55
6.953648498164511,1046.9626094644534,10,24,576,1,1,32,40
5.531238610320771,252.4564125678929,2,30,900,1,1,27,38
6.4381137405777,625.2263477525627,12,0,0,0,1,33,18
6.7319978341812625,838.8214191602234,16,16,256,0,0,29,38
6.777641003494222,877.995091870013,17,21,441,1,0,39,44
7.288706831469783,1463.6766921973306,13,40,1600,0,1,20,59
5.535719890270276,253.59027911686016,6,11,121,1,1,31,23
7.2651677060625,1429.6253644988365,6,49,2401,0,1,54,61
7.04972645430394,1152.5434263648249,13,34,1156,0,1,39,53
7.288405659947877,1463.2359408345735,14,25,625,1,1,31,45
6.047483383752105,423.04704220617384,11,45,2025,0,1,31,62
6.7801437687930814,880.1952596218076,11,17,289,0,1,58,34
5.793574659406647,328.18407636866993,7,44,1936,1,0,48,57
5.886820115722526,360.25788265989206,15,0,0,0,0,22,20
6.612401716710496,744.2683957166142,8,15,225,0,0,26,29
5.558225907312388,259.3622951710931,1,49,2401,1,1,42,56
6.539389510059233,691.8640730251243,13,10,100,1,0,32,29
6.914209067567353,1006.4746591526869,15,0,0,0,1,30,19
6.473230031840261,647.5720307838185,4,53,2809,1,1,44,63
5.5590642692197,259.5798258115179,4,29,841,0,0,39,39
7.004470279920766,1101.5463891935256,17,17,289,1,0,46,40
7.069087980525173,1175.075853335913,17,24,576,1,0,25,47
6.093159943681884,442.81848411861677,4,12,144,1,1,25,22
6.2692428499482125,528.0773926471863,10,10,100,1,0,58,26
6.014254518023571,409.22065855220217,12,20,400,0,0,28,38
6.149250723341634,468.36631932488075,2,20,400,0,1,40,28
7.025007916846169,1124.4034606991538,16,0,0,0,1,37,22
7.0812951691269514,1189.5081354750164,17,29,841,0,1,20,52
6.985511240460872,1080.8588552855588,13,25,625,0,1,31,44
6.031132283964187,416.18600343129003,11,2,4,1,0,20,19
6.87549153852333,968.2511813901104,13,22,484,1,1,47,41
7.798594013545955,2437.172935462536,17,25,625,0,0,43,48
5.768781754788431,320.1474768513244,1,43,1849,1,0,38,50
6.114280679326386,452.27060274108237,6,44,1936,1,1,33,56
7.468946737825275,1752.7595976264042,14,27,729,0,1,33,47
7.089097094155328,1198.824885803226,9,48,2304,0,1,45,63
7.142218205343374,1264.2296019753715,14,34,1156,0,1,35,54
7.836813024179001,2532.122148942879,16,23,529,0,1,43,45
6.278161632416585,532.8082654919599,10,32,1024,1,1,51,48
5.361154114334996,212.97059708684952,1,21,441,1,0,25,28
8.074901344612362,3212.810391995133,17,17,289,0,0,49,40
6.089660227306156,441.27145368115396,3,10,100,1,0,42,19
7.035896086254536,1136.7130488928767,8,43,1849,0,1,38,57
6.51221112228896,673.3135514688831,16,36,1296,1,0,44,58
6.295124481189377,541.9233014516808,16,22,484,1,1,44,44
7.0927306984272125,1203.1888647142332,16,30,900,0,1,21,52
6.184111238557422,484.98173893945886,15,0,0,1,0,29,19
6.908985777292353,1001.2312556838784,7,43,1849,0,0,46,56
6.714642008913101,824.3885902978753,14,34,1156,0,1,27,54
6.102839986027135,447.1257996605061,0,32,1024,1,1,52,38
6.903490427099204,995.7442296827603,18,0,0,0,1,38,22
7.40054964566479,1636.8838889147405,14,42,1764,0,1,49,62
6.708758236982351,819.5523175652705,8,24,576,1,1,53,38
6.2228594518057365,504.14274481267205,4,36,1296,0,1,33,46
6.916872608351148,1009.1590188189163,15,16,256,0,0,55,37
6.79554614017787,893.8572977043374,12,37,1369,0,0,39,55
7.164377731236836,1292.55703263239,15,16,256,0,0,42,37
6.992782559336929,1088.7467676913711,10,26,676,0,1,34,42
5.95826615544896,386.93865081942596,12,1,1,0,1,21,19
5.842695199381232,344.70714427743025,5,38,1444,1,1,43,49
7.072524930506447,1179.1214785914005,16,21,441,1,0,43,43
5.836078512398208,342.43385412144386,4,13,169,0,1,50,23
7.1464815386050144,1269.630939758108,16,36,1296,0,1,35,58
5.408170612123368,223.22285274656917,0,14,196,1,1,23,20
6.330646253387063,561.5193604093732,4,40,1600,1,1,53,50
5.978277190541509,394.75968625976014,4,8,64,0,1,34,18
6.002907180559691,404.6033403210068,6,10,100,1,0,38,22
7.546349152652237,1893.8160615806628,15,9,81,0,1,38,30
6.995917755967647,1092.16555938083,17,13,169,1,1,54,36
6.018233506672428,410.8521866708148,5,18,324,0,1,39,29
6.05234991655025,425.1108321899665,1,35,1225,1,0,58,42
7.085032189944326,1193.9616684294856,12,34,1156,0,1,48,52
5.860545728135659,350.9155962888536,9,14,196,1,0,34,29
7.151792576176826,1276.3919354401987,10,31,961,0,1,39,47
5.680133881230065,292.98865297813217,1,15,225,0,1,51,22
6.091861763398162,442.24399886666055,7,38,1444,1,1,32,51
6.722032720105993,830.5039789787521,18,15,225,1,1,26,39
7.0149450195139025,1113.1454432514918,16,34,1156,1,0,35,56
6.889465672772943,981.8766336087106,15,9,81,0,0,29,30
6.332847120546782,562.7565508757847,9,49,2401,1,0,21,64
5.836212339970217,342.4796842793156,4,10,100,1,1,57,20
7.599960389693584,1998.1167475199748,13,18,324,0,1,37,37
6.913525058695213,1005.7864569512803,18,24,576,1,0,53,48
6.0765220278874565,435.51185952105465,3,13,169,1,1,40,22
6.679820054347581,796.1758307455676,15,20,400,1,0,40,41
6.152015961358953,469.6632560200141,14,37,1369,1,0,20,57
6.263911398401324,525.2694654303607,8,36,1296,1,1,34,50
5.948892878360129,383.3287125350453,2,17,289,1,1,29,25
6.554673688630888,702.5198721957134,8,27,729,1,0,54,41
7.040374793080784,1141.815470981716,17,14,196,1,1,44,37
6.575546226465001,717.3373460006527,3,24,576,1,1,51,33
7.29519113990445,1473.1984609981744,18,5,25,1,1,50,29
6.032088948101207,416.5843441638689,3,21,441,0,1,29,30
6.18710180573574,486.4342802886907,8,48,2304,0,1,22,62
5.363499030698485,213.47058130638698,0,53,2809,1,1,41,59
5.943042926249395,381.0928042785807,0,50,2500,1,0,57,56
7.505087360223311,1817.2640144290185,18,18,324,0,0,21,42
6.1721408303086855,479.2109179811426,2,55,3025,0,1,42,63
6.7820437616119635,881.8692140414139,9,34,1156,0,0,59,49
6.9947270708705,1090.8659080169593,11,24,576,1,1,43,41
6.9039646668248995,996.2165631439013,17,41,1681,1,1,51,64
6.6695508361451985,788.0415651706022,13,42,1764,1,0,52,61
6.266318556787277,526.5353952644881,9,11,121,0,1,46,26
6.949977317793861,1043.1260675114738,9,42,1764,0,1,32,57
7.155661706597901,1281.340028542786,17,17,289,0,1,56,40
6.352530115101913,573.9430154098633,0,24,576,0,0,58,30
6.585514105196931,724.5234331984756,14,29,841,1,0,48,49
7.052121579475926,1155.3072206324919,7,19,361,0,0,44,32
5.393535341077827,219.97971577477313,2,45,2025,0,1,38,53
6.579229822063662,719.9845994032737,17,0,0,0,0,20,22
7.003229426865906,1100.1803796752392,8,25,625,0,1,54,39
6.876611343118207,969.3360408139456,15,12,144,0,1,35,33
7.8284907518733,2511.1365838237093,14,38,1444,0,1,27,58
6.634722414861253,761.0677753945624,4,17,289,0,1,26,27
7.24045056259475,1394.7222389897252,12,23,529,0,1,40,41
6.219827232445481,502.61638871426294,6,23,529,0,1,30,35
6.637240741707152,762.9868081665571,15,14,196,1,1,45,35
5.4447122172248505,231.5306395936509,6,12,144,1,0,34,24
6.551650529673133,700.3992500551117,15,0,0,0,0,25,21
6.048265855611417,423.37819415350924,12,25,625,1,0,56,43
6.049071346780889,423.7193589344099,16,0,0,1,0,23,22
6.648075832634458,771.2987888243222,8,19,361,0,1,38,33
6.624826914002385,753.5737681983964,11,35,1225,0,1,40,52
7.179906905918381,1312.7860399460988,12,25,625,0,0,56,43
6.257880467644986,522.1111350647286,8,21,441,0,0,37,35
6.358976640966828,577.6549054464641,4,36,1296,1,1,55,46
6.71503165170494,824.7098699578466,6,28,784,0,1,56,40
5.5835710649370585,266.0198858806123,0,25,625,1,1,34,31
6.354985662513123,575.3540914685847,3,23,529,0,1,57,32
6.048221841593123,423.3595599880117,3,41,1681,1,1,21,50
7.132850876138379,1252.4424404047857,15,21,441,1,0,50,42
6.025988397565679,414.05068653106497,4,28,784,1,0,25,38
6.379238338424464,589.4785534646609,3,25,625,1,1,38,34
6.156201482748466,471.6331612884433,5,29,841,0,1,57,40
5.323366398737341,205.07307904040871,2,52,2704,1,0,34,60
6.355781183190892,575.8119796509977,7,21,441,0,1,52,34
6.523313252064638,680.8304152869601,16,9,81,1,1,59,31
7.358127531826016,1568.8961028370106,17,23,529,0,1,45,46
6.987760623184332,1083.2928569955534,17,14,196,0,1,49,37
6.409021890207513,607.2993849900206,11,30,900,1,1,30,47
5.37207166372084,215.3084527040903,0,30,900,0,0,20,36
7.37083509653483,1588.9601642663467,11,39,1521,0,1,33,56
6.522989373261121,680.609944451501,10,14,196,0,1,29,30
7.126391914066216,1244.3790308454545,12,17,289,1,1,36,35
6.442201396110169,627.7872882474103,2,32,1024,1,1,30,40
5.920397674710874,372.559842048286,7,50,2500,1,0,34,63
5.865770403070941,352.75381407285533,2,42,1764,1,1,31,50
7.482935357725305,1777.4505791622084,16,34,1156,0,1,22,56
6.363704148493531,580.3922386433167,12,39,1521,0,0,41,57
6.535773050020926,689.3664931740586,9,20,400,1,0,45,35
7.0890990491375,1198.8272294867966,16,4,16,1,0,58,26
5.7388131968620835,310.69545774308244,2,42,1764,0,0,42,50
6.8366334394160795,931.3484101282953,12,31,961,0,0,35,49
6.008673980212067,406.9433474144347,5,23,529,0,1,22,34
7.478068088398047,1768.820268538515,13,17,289,0,1,49,36
7.089121955423067,1198.8546904801742,9,29,841,0,0,32,44
6.216677931020799,501.03598809039863,15,2,4,0,1,27,23
7.56174610280847,1923.2006894049757,17,29,841,0,1,43,52
6.803892348956469,901.3488368161674,12,36,1296,0,0,24,54
6.597035551554119,732.9192642528699,9,36,1296,1,1,26,51
5.820743271827451,337.2226085678512,5,26,676,1,0,46,37
6.510263582881729,672.0035228741993,9,27,729,0,1,31,42
6.7181958330600935,827.3235344252897,4,11,121,0,1,44,21
5.666910695893442,289.1399121052543,5,16,256,1,1,52,27
6.141227772757337,464.6236730979054,6,15,225,0,0,34,27
6.254652535103223,520.4285126981962,10,25,625,1,0,50,41
6.948802573427587,1041.9013805282593,15,17,289,0,1,30,38
7.172941032132957,1303.673114677332,11,11,121,1,1,55,28
6.802475145175903,900.0723465740696,11,27,729,0,1,25,44
6.916163927741407,1008.444100744344,4,23,529,0,1,45,33
7.1928995649717695,1329.9539079941328,15,22,484,1,1,27,43
6.843253583387263,937.5345245819676,5,36,1296,1,1,58,47
6.09389557141748,443.14435352195954,8,19,361,0,0,56,33
5.927920421978127,375.3730839687554,4,14,196,1,0,56,24
7.612213207208136,2022.7499120512093,15,12,144,0,1,49,33
7.473439391371881,1760.6518545623544,17,29,841,1,0,57,52
7.274530921952174,1443.0741189697676,18,9,81,0,1,35,33
7.0124459598744,1110.367099470735,11,40,1600,0,1,34,57
5.525599197516596,251.0367135393538,1,22,484,1,0,57,29
5.791370146190792,327.46138711676707,9,37,1369,0,1,27,52
6.802827201865048,900.3892788501861,11,21,441,0,1,54,38
7.627047147226889,2052.978916225195,13,41,1681,0,1,28,60
6.855597921758032,949.1794948403306,17,30,900,0,0,40,53
6.542676203006534,694.1417587709026,18,10,100,1,0,24,34
6.73129281001306,838.2302382098261,5,38,1444,0,1,38,49
5.595030786443087,269.08593416354495,4,48,2304,1,0,35,58
6.655364412411722,776.940998448503,15,2,4,0,1,37,23
6.636627831414558,762.5193089808852,13,22,484,0,0,31,41
6.7589325176204165,861.7218317689318,12,26,676,0,0,35,44
5.943001611063849,381.07705968390945,1,30,900,1,1,24,37
5.919462307874199,372.21152485492837,1,35,1225,0,0,22,42
5.97482225608647,393.3981707459894,11,2,4,0,1,26,19
6.3513316220052545,573.2555607051659,0,20,400,0,0,51,26
6.9276404333591355,1020.0841810959973,18,21,441,1,0,50,45
6.438416393071754,625.415602703855,15,34,1156,0,1,33,55
5.595462657886954,269.20216979207424,6,8,64,1,1,43,20
6.552235395853905,700.8090097051069,6,25,625,0,1,52,37
6.394269330230498,598.4059263257716,15,2,4,0,1,24,23
5.898789902819374,364.5960042154719,5,45,2025,0,1,27,56
7.208767594811802,1351.225982904584,17,27,729,0,1,21,50
6.496540159762156,662.8443257083279,0,12,144,0,1,58,18
6.005658912476746,405.7182334863686,0,48,2304,1,0,57,54
6.347019785577357,570.7890978096615,13,4,16,0,0,54,23
7.210529997194641,1353.6094865258967,5,51,2601,0,1,57,62
6.936383961036392,1029.042421607624,5,40,1600,0,1,53,51
5.897227318122894,364.0267369588692,3,55,3025,0,1,49,64
6.280735686221198,534.1815092783443,11,15,225,0,0,42,32
6.831937045304907,926.9846858445986,17,39,1521,1,1,23,62
6.924043729990555,1016.4218310271253,9,28,784,0,0,54,43
6.036243619075209,418.31871542296426,2,23,529,1,0,33,31
5.338830930579472,208.26908688978617,2,16,256,0,0,41,24
6.667533089503955,786.4531000483283,7,50,2500,0,1,49,63
5.916394607697069,371.0714411058505,0,42,1764,0,1,22,48
7.131139334980693,1250.3006670098957,17,18,324,0,0,30,41
6.922475124452538,1014.8287159252587,14,28,784,0,1,29,48
7.259468213839136,1421.5004019264543,16,24,576,0,1,22,46
6.936977015786402,1029.65288110378,10,43,1849,0,1,24,59
6.070784691199121,433.0203355416485,12,31,961,1,1,34,49
6.304346581052442,546.9440877686234,9,19,361,0,0,25,34
5.554279683249844,258.34081027072364,12,13,169,1,1,23,31
6.7176184216953345,826.845966304079,16,35,1225,0,0,42,57
4.871865475742425,130.56425430510842,0,47,2209,1,0,20,53
7.034228500237015,1134.8190617387638,15,20,400,0,1,53,41
7.190172892561816,1326.3324988086376,15,41,1681,0,0,34,62
5.4262016258268835,227.2842929690378,2,36,1296,1,0,23,44
6.3120631338556965,551.1809366125873,1,35,1225,0,0,46,42
5.968290057878566,390.836790748715,5,38,1444,1,0,32,49
6.766675227274611,868.4197904279836,10,19,361,1,1,59,35
6.558636047881259,705.309030484235,2,55,3025,0,1,51,63
5.317591801321765,203.89227717711907,0,29,841,1,1,28,35
6.841647498975802,936.0299735382358,10,38,1444,1,1,56,54
6.751710425822162,855.5208166983809,12,25,625,1,1,44,43
5.733526306654451,309.0571794846118,4,16,256,1,1,22,26
8.153501937393367,3475.5288636358514,17,29,841,0,1,58,52
7.235551069338497,1387.9055196569414,14,5,25,0,1,59,25
6.596860025155993,732.7906288640822,17,14,196,1,1,35,37
6.931609868249222,1024.1413859131953,14,39,1521,0,1,36,59
6.349314568051222,572.1004386731404,6,27,729,0,0,46,39
7.460166937585894,1737.438076858793,16,14,196,0,1,29,36
6.133280118247525,460.94563989591774,7,34,1156,1,0,20,47
7.036687137089214,1137.6126024483797,12,27,729,0,0,48,45
6.639235320783869,764.5101644121478,15,31,961,1,1,37,52
6.560239249190821,706.4406897419677,9,45,2025,0,0,51,60
6.2596037568186045,523.0116592401332,13,9,81,0,1,56,28
6.667612641480941,786.515666435851,5,37,1369,1,1,52,48
6.471836391898443,646.6701771121307,6,44,1936,1,1,41,56
7.0585977072899055,1162.8134171675163,5,42,1764,0,0,30,53
7.657278728029056,2115.9913985851153,16,25,625,0,1,56,47
7.122174307895363,1239.1417822554993,7,27,729,0,1,48,40
6.458737019424121,638.2544443433121,11,19,361,1,0,39,36
6.008164980516834,406.7362660812622,3,20,400,0,0,41,29
6.749895219566784,853.9692785671879,9,17,289,0,0,51,32
6.032267232006505,416.6586210686238,5,37,1369,1,0,27,48
6.305154723968135,547.3862754097726,6,48,2304,0,0,41,60
6.773738178046105,874.5751084224676,7,41,1681,0,1,34,54
6.66510469797777,784.5456010190588,2,46,2116,1,1,54,54
6.028347923566163,415.0288033837318,7,19,361,1,0,35,32
7.320635383493736,1511.1638333462704,14,26,676,1,1,48,46
6.49680943648923,663.022838292478,0,54,2916,0,1,53,60
6.803258497461817,900.7776965369303,12,25,625,1,1,39,43
7.306503411671028,1489.9582995535131,17,38,1444,1,1,32,61
5.928467971000972,375.5786754146456,14,0,0,0,1,32,19
6.011699279046036,408.17633678911363,6,25,625,1,0,50,37
6.7715629688718515,872.6747921650164,14,12,144,0,0,40,32
5.95832562867128,386.96166399215707,2,13,169,1,1,49,21
6.797118938762098,895.2642613418435,13,20,400,1,0,44,39
5.924271012408053,374.00569045086695,3,46,2116,1,1,49,55
5.709631961947402,301.75998868469696,3,31,961,0,1,29,40
5.857242889726937,349.7584906974863,2,35,1225,1,1,26,43
6.01616917022729,410.0049243464358,4,18,324,0,1,53,28
5.950670199849169,384.01061669515434,10,29,841,1,0,23,45
5.545983364974989,256.20639880617165,7,6,36,1,1,41,19
6.620777789887409,750.5286237256604,1,18,324,0,1,48,25
7.150306921978395,1274.4970663111314,15,25,625,0,1,23,46
5.653286580212456,285.22734961622365,9,13,169,1,0,20,28
7.016190499471787,1114.532707316738,17,31,961,0,0,42,54
6.086199314289535,439.7468912739422,6,23,529,1,1,42,35
6.444281437398281,629.0944707526061,4,21,441,0,0,25,31
5.406151364134722,222.77256522422647,6,15,225,1,1,24,27
6.186695662025185,486.23675817904973,5,41,1681,0,0,42,52
6.232750329189917,509.15390039529706,0,20,400,0,1,57,26
6.0635593271915225,429.9028819256841,10,36,1296,1,1,26,52
5.6965793810013095,297.84683593439775,12,10,100,1,0,24,28
6.5333381992477815,687.6900304317182,11,44,1936,0,0,52,61
5.910626146492738,368.9370917678677,0,23,529,1,1,45,29
6.886024368093451,978.5035042665623,14,0,0,0,1,40,20
6.291309388178349,539.8597524703489,0,50,2500,1,1,53,56
5.877458868948036,356.90115580536224,2,23,529,0,0,45,31
7.2466129575524025,1403.3436051311253,14,25,625,0,1,29,45
6.453376237688468,634.842056281267,8,14,196,0,0,21,28
7.065068462491901,1170.3620946185465,13,37,1369,0,0,39,56
6.300313454575352,544.7426354386834,7,29,841,1,1,33,42
5.471505010772327,237.81784197472265,3,29,841,1,0,26,38
5.9120959761837835,369.47976518052417,5,16,256,0,1,29,27
6.30714071585656,548.4744603181072,0,54,2916,0,0,50,60
6.291068764822152,539.7298652324122,17,9,81,1,0,27,32
6.174163370568701,480.18112216357616,5,25,625,0,1,20,36
8.05273662444204,3142.3827365876436,13,20,400,0,1,48,39
6.640892552859391,765.7781855911498,10,22,484,0,0,50,38
7.140499892600565,1262.0591254532394,16,39,1521,0,1,27,61
6.762582837328562,864.873140096604,8,35,1225,0,1,35,49
5.718173027784885,304.34837868467946,6,28,784,1,1,38,40
6.776589249286058,877.0721422805283,13,11,121,0,1,45,30
6.077071711900552,435.75131923530574,16,0,0,1,1,29,22
6.020063394269941,411.6046882783154,7,8,64,0,1,37,21
7.120281713930451,1236.7988078457072,15,24,576,1,1,21,45
6.485593353731671,655.6278680910133,11,14,196,0,0,56,31
6.168987761983263,477.70231283187434,11,8,64,1,1,48,25
5.972847157881993,392.6219375460454,4,16,256,0,1,21,26
5.900268157177594,365.1353684082076,4,42,1764,0,1,22,52
6.727642877966163,835.1763314670961,13,35,1225,1,1,43,54
6.178255425440805,482.1500754489651,5,27,729,0,1,28,38
6.046149139920079,422.48297068760576,6,23,529,1,1,33,35
6.385135136988921,592.964858670062,16,28,784,1,1,30,50
6.753017580351998,856.6398458219558,8,11,121,0,1,43,25
6.733908105999134,840.4253275402206,12,16,256,0,0,33,34
6.328444647679562,560.2844760436545,8,46,2116,0,0,37,60
7.158989027866998,1285.6105592465778,15,27,729,1,1,55,48
5.827681630755395,339.57051595763664,3,42,1764,0,0,32,51
5.9094152741492465,368.49062640778743,1,16,256,1,1,53,23
5.7301684725698445,308.02115712227993,12,21,441,1,0,38,39
6.908282991995768,1000.5278522786396,12,13,169,0,1,30,31
6.26884639968277,527.8680777189184,18,0,0,1,1,45,20
6.280067824721116,533.8248691206132,11,12,144,0,0,24,29
6.3996110792108825,601.6110133364798,3,44,1936,0,1,40,53
6.792133714091202,890.8122741576377,9,14,196,1,1,28,29
7.527596696429048,1858.6332716647785,15,41,1681,0,1,31,62
5.841336556554584,344.2391283937677,18,0,0,0,0,20,19
5.450599891180775,232.8978373682935,7,6,36,1,0,33,19
6.1127271148490205,451.56851670767855,5,21,441,1,1,45,32
6.019329540790742,411.3027415516467,3,31,961,0,1,26,40
5.428340907354406,227.77103851572727,6,34,1156,1,0,35,46
7.198596041190303,1337.5515782314233,13,15,225,0,1,34,34
6.642430251420957,766.9566274175587,12,31,961,1,1,23,49
5.837625937617289,342.96415509791257,4,14,196,1,1,49,24
6.567689396217173,711.7234309104265,8,33,1089,0,1,42,47
6.262526624259632,524.5425892530344,2,37,1369,0,1,41,45
6.572283622915089,715.0007723584903,9,16,256,1,1,34,31
6.949524401333922,1042.6537255195121,14,41,1681,1,1,36,61
6.703433313353736,815.1998625941559,16,25,625,0,0,21,47
6.1774926219077475,481.78242990643474,5,23,529,0,1,27,34
6.014299251771415,409.2389649354078,2,41,1681,0,0,25,49
7.821546287096717,2493.7584948704607,17,40,1600,0,1,58,63
5.403084323143318,222.09035934639724,4,13,169,1,0,47,23
6.516720708695168,676.3567737873625,12,23,529,0,1,24,41
6.0822384672182634,438.0085659804775,0,17,289,1,1,40,23
7.022122030723237,1121.1632380609242,16,22,484,1,0,39,44
6.33708454536924,565.1462489607209,2,27,729,1,1,53,35
7.524089839350784,1852.1267258514129,18,17,289,0,1,26,41
6.2630236668040915,524.8033740414727,11,37,1369,1,1,49,54
5.810831958202703,333.89679833275824,7,28,784,1,1,49,41
6.354188620158811,574.895692594884,7,42,1764,0,1,34,55
7.608081353059505,2014.4094470936757,14,31,961,0,1,46,51
6.353851611211636,574.7019802460177,10,41,1681,1,1,28,57
5.586423362848102,266.7797369911193,0,58,3364,0,0,46,64
7.19584667564188,1333.879210656729,15,11,121,1,0,21,32
7.110519481545954,1224.78363335495,13,9,81,0,1,55,28
6.548342591627644,698.0862005502538,6,27,729,0,1,46,39
6.335998161834444,564.5326167614089,5,30,900,0,0,59,41
6.040903226533573,420.2724647468102,3,9,81,0,0,44,18
6.683120564661926,798.8079585801144,7,22,484,0,0,55,35
7.845304679834328,2553.7156106742987,18,37,1369,0,1,59,61
5.372861428740757,215.47856295324868,2,21,441,0,0,26,29
6.062634757330444,429.5055903680662,3,51,2601,0,0,32,60
6.992282345826786,1088.2022980359393,12,27,729,0,1,56,45
5.543665828887786,255.61331873884683,1,50,2500,1,1,39,57
6.543955388791436,695.0302632013913,10,8,64,0,1,41,24
6.934660991833351,1027.2709397491524,15,19,361,1,1,37,40
6.257952472912105,522.1487311700176,9,23,529,1,0,30,38
8.02668976896463,3061.5903096017014,14,31,961,0,1,25,51
6.335848347883084,564.4480482343511,9,13,169,0,0,23,28
5.375949720046394,216.14505215244566,1,32,1024,1,0,22,39
5.756852343592399,316.35099587121124,5,48,2304,1,1,25,59
6.782706606640829,882.4539504394489,13,33,1089,0,0,34,52
5.609845112001874,273.10193451676855,1,39,1521,1,1,22,46
7.317440656171468,1506.3437804363869,9,44,1936,0,1,36,59
6.9190330780253175,1011.3416331625698,16,23,529,0,0,49,45
6.449099134773809,632.1325699784028,7,22,484,0,1,41,35
7.413583726283909,1658.3588144166433,15,10,100,0,1,21,31
6.6626438081836366,782.6172944046608,13,16,256,1,0,35,35
6.085896204705673,439.61361997564757,9,30,900,1,0,41,45
7.182329047610824,1315.9696477648663,12,23,529,1,1,30,41
5.240782282239695,188.81775342079297,0,19,361,0,0,55,25
6.616787779048785,747.5399727222347,9,44,1936,0,1,31,59
6.930310127097789,1022.8111318892562,11,45,2025,0,0,59,62
7.079774439536754,1187.7005899979122,16,3,9,0,0,54,25
6.312122837708802,551.2138452206372,13,2,4,0,1,34,21
5.944222911367959,381.5427535309244,4,34,1156,1,1,40,44
7.241838325866196,1396.659126946995,18,29,841,0,1,23,53
5.631564492586736,279.0984236600602,4,12,144,1,1,26,22
7.723389211239526,2260.608290727037,14,30,900,1,1,48,50
7.087306136134342,1196.6797622447398,12,33,1089,1,1,25,51
6.543951465862815,695.0275366526274,16,25,625,1,0,58,47
5.854805027916963,348.9068663233488,0,19,361,0,1,36,25
6.443291570999653,628.4720593773203,13,37,1369,0,0,55,56
5.507200931867863,246.460301508969,3,55,3025,1,1,21,64
6.29375798263421,541.1832697844941,8,29,841,1,1,36,43
7.016441661783714,1114.8126710849278,16,32,1024,0,0,48,54
5.456937332003437,234.3785004821001,2,43,1849,1,0,46,51
6.045479560213766,422.2001793504065,12,6,36,1,1,26,24
6.45816169557525,637.8873469499019,11,40,1600,0,1,30,57
7.446520303882637,1713.8889444964736,15,24,576,0,1,45,45
6.301573303579275,545.4293614000125,3,47,2209,1,1,58,56
6.771434534330343,872.562717775464,17,33,1089,0,0,51,56
6.168439075209342,477.440275785657,2,37,1369,0,0,42,45
6.959837893446387,1053.4627701808095,16,9,81,0,1,59,31
5.649608333527107,284.18014019091015,0,49,2401,1,1,26,55
5.930572414913243,376.3698919150708,18,0,0,1,1,20,21
6.480807209732873,652.4974360297937,3,50,2500,0,0,44,59
7.376087749903273,1597.3283796527007,16,13,169,0,1,50,35
6.255069241541369,520.6454238010199,6,49,2401,0,0,25,61
5.471192999954218,237.74365180995625,1,35,1225,0,0,47,42
6.7085404728468125,819.3738678939822,11,7,49,0,1,50,24
6.590642687244354,728.2487557166157,4,45,2025,0,0,55,55
8.159810196167987,3497.522697548806,15,24,576,0,1,35,45
6.313353970218427,551.892880410625,7,9,81,1,1,34,22
6.778558524843331,878.8010407923475,7,7,49,0,1,41,20
7.033783341091414,1134.3139990798002,12,43,1849,0,0,37,61
6.603858540856198,737.937063280503,13,29,841,0,1,27,48
6.112416633451038,451.4283348463824,10,48,2304,1,0,29,64
7.178304951229796,1310.684699769554,5,48,2304,0,1,56,59
7.372687810626951,1591.9067819316706,15,16,256,0,1,58,37
6.6927884175880425,806.5681682791229,14,16,256,1,0,25,36
6.0414327731810875,420.4950775582913,15,7,49,1,0,29,28
6.799410331855921,897.318015768184,12,39,1521,1,1,58,57
5.8262475915280625,339.0839075085014,11,3,9,0,1,26,20
8.121599105358795,3366.399670952794,17,17,289,0,1,54,40
6.2441062467768145,514.9687641955314,17,1,1,1,1,47,24
6.853923318423307,947.5913258407113,13,21,441,0,0,44,40
5.936828242976127,378.7317773186629,1,17,289,0,1,47,24
5.316869719629512,203.74510343870352,1,56,3136,1,0,28,63
5.374043595078174,215.73344508366074,2,43,1849,1,1,24,51
5.892203744180762,362.20260738991567,7,46,2116,1,1,35,59
6.341730648329932,567.7780857793647,10,20,400,1,1,48,36
6.676422845788122,793.475644543273,11,9,81,1,1,42,26
6.153433159441799,470.3293337565926,3,26,676,1,1,37,35
6.221040550853414,503.226592541728,8,44,1936,0,0,45,58
7.6797314929565506,2164.038634215613,16,40,1600,1,1,24,62
6.750247894928482,854.2705056059411,15,38,1444,0,0,27,59
6.629441930472853,757.0595608588064,16,20,400,1,1,59,42
6.626808709217723,755.0686778997898,14,11,121,0,1,38,31
6.809511722774408,906.428110674035,6,49,2401,0,1,56,61
6.053640510057153,425.6598316610785,9,27,729,1,0,47,42
6.409914951877432,607.8419830436194,3,27,729,0,1,23,36
6.106140436729516,448.60395426646033,13,37,1369,1,1,39,56
6.816731783764117,912.9962596010942,13,13,169,1,1,41,32
6.549425904661444,698.8428562034927,13,14,196,0,1,31,33
7.273137757337859,1441.0650789580593,13,25,625,0,1,20,44
6.963997198021895,1057.8535677030648,17,34,1156,0,1,27,57
6.469883788780803,645.4087188726545,14,7,49,1,0,46,27
7.376587116187456,1598.1262307836653,18,0,0,0,1,40,21
6.785530237791435,884.9491960716724,12,18,324,0,1,52,36
7.00657125338139,1103.8631417885294,11,28,784,0,1,57,45
6.805535223158838,902.830856620224,18,14,196,1,1,52,38
7.561404703832414,1922.544222723766,18,40,1600,1,1,56,64
5.9657588757593825,389.8487626195348,1,24,576,0,0,24,31
5.076697907351431,160.24404066180182,2,42,1764,1,1,34,50
6.200567382255664,493.02869748420267,9,12,144,1,0,49,27
5.848551575455579,346.7318017409367,4,26,676,1,1,22,36
7.05788547796423,1161.9855222120505,11,30,900,0,1,47,47
6.551375452190039,700.2066124885888,6,27,729,1,0,49,39
6.419964594669122,613.9813755269695,8,6,36,0,0,55,20
5.3320513205541635,206.8618792498242,1,47,2209,1,1,22,54
6.595404170707694,731.7245685699828,9,43,1849,1,1,50,58
6.729022074531183,836.3289984891244,5,24,576,1,1,33,35
6.690233170682555,804.5098183791323,11,11,121,0,1,25,28
5.221541276086368,185.21943847757228,5,8,64,1,0,38,19
5.643254277463561,282.38016826526075,2,21,441,0,1,24,29
6.642085921657732,766.6925868847521,9,8,64,0,1,45,23
6.3682064484709135,583.0112299243613,8,46,2116,0,1,37,60
5.924187736856439,373.9745462174823,4,47,2209,1,1,56,57
6.369088607309935,583.5257653517078,2,53,2809,0,1,55,61
6.904337595609779,996.5881502597309,4,36,1296,0,1,50,46
6.347077339476218,570.8219498930414,7,34,1156,0,1,37,47
5.464684945936499,236.20142716563018,7,6,36,1,1,28,19
6.312720877405537,551.5435915723451,13,7,49,1,1,45,26
6.545930693147094,696.4045163448757,16,42,1764,1,0,21,64
6.605404305995561,739.0786227320662,10,3,9,0,0,51,19
6.98327948225163,1078.4493294019314,15,25,625,1,1,25,46
5.791621060416049,327.543562146028,5,39,1521,1,0,39,50
6.010436581894775,407.66125895353264,10,11,121,1,0,27,27
5.70197681245564,299.4587901080013,9,36,1296,1,1,23,51
6.09591995466741,444.04235617261526,8,47,2209,1,0,44,61
6.244871965991712,515.3632366816552,14,5,25,1,1,50,25
6.030751179994259,416.02742351279164,6,42,1764,0,1,38,54
7.713164658082483,2237.6123430713774,17,27,729,0,1,26,50
5.411719327321156,224.01641430578556,0,58,3364,1,1,56,64
6.856470865396347,950.0084367991354,14,3,9,1,1,49,23
6.373700275850343,586.2230073791045,1,54,2916,1,0,46,61
5.641875617748878,281.9911303401257,1,50,2500,0,1,36,57
6.676443560048239,793.4920809744042,9,47,2209,0,0,51,62
6.537366135663057,690.4655882803659,14,16,256,1,0,38,36
6.767960214829953,869.5364163230391,9,34,1156,1,0,44,49
7.360285361552023,1572.2851686832207,18,20,400,1,1,48,44
6.36728326876168,582.4732541490077,12,0,0,0,0,44,18
7.01276836647298,1110.7251468657707,10,44,1936,0,1,51,60
6.023335813463488,412.95383764756434,1,43,1849,0,1,56,50
7.291059395942239,1467.1241395636443,12,39,1521,0,1,30,57
5.847009868692415,346.1976548319391,0,43,1849,0,0,23,49
6.38969778747317,595.6765315732091,4,12,144,1,1,50,22
6.110726066383361,450.66580970163295,6,22,484,1,0,55,34
6.425530738204917,617.4084128342132,12,7,49,0,0,23,25
6.7441998300027,849.1194148912375,12,41,1681,1,1,21,59
6.0214039154112085,412.1568230562867,5,40,1600,1,1,58,51
6.938709485611357,1031.4382697699016,11,9,81,1,1,52,26
6.651720160048655,774.1147822293252,7,27,729,1,1,46,40
6.3424864250154736,568.207361416984,8,38,1444,0,1,45,52
6.512046498752797,673.2027173342977,17,1,1,0,1,38,24
7.062071444377971,1166.8597491390792,10,16,256,0,1,58,32
7.20996825883141,1352.8493256742267,10,21,441,1,0,52,37
6.958826134445393,1052.3974587509563,14,22,484,1,1,57,42
6.304813403027412,547.1994728929295,8,6,36,0,0,29,20
5.535296357179516,253.48289798349603,2,55,3025,1,1,20,63
7.280541905716308,1451.7745369079316,16,19,361,0,0,54,41
7.2130940236266845,1357.0846303043993,16,29,841,1,1,30,51
6.179934725144224,482.9604301514391,2,55,3025,0,0,33,63
6.970724787009525,1064.9943649571971,18,15,225,0,1,25,39
6.6948573620465,808.2386404824807,8,14,196,0,1,58,28
6.881574379989538,974.1588493139118,16,3,9,0,1,59,25
7.246789214368378,1403.5909758064283,17,33,1089,1,1,44,56
7.341007725475813,1542.265511081659,14,40,1600,0,1,42,60
5.09111164428538,162.57048218971562,0,46,2116,1,0,24,52
6.8256485872482315,921.1736718369677,9,48,2304,0,1,45,63
6.75241816905667,856.1265200843336,7,42,1764,0,0,37,55
6.220085338593433,502.74613383753837,9,10,100,1,0,51,25
5.345785046364902,209.72246184634417,1,47,2209,1,0,40,54
7.662308855674171,2126.6619199592906,18,20,400,0,1,45,44
6.751040739685588,854.9480780668538,13,26,676,1,1,54,45
6.278316822988899,532.8909587280544,7,44,1936,1,1,29,57
7.07412610677918,1181.0109722280956,18,27,729,0,1,47,51
6.212711427574606,499.05256334796843,0,43,1849,1,1,50,49
7.325314444660484,1518.2512296050581,15,11,121,0,1,34,32
7.00445014147885,1101.5242059889176,14,41,1681,0,1,59,61
6.052268792666106,425.0763469468747,4,24,576,1,1,27,34
5.796967914036564,329.2995800289109,2,42,1764,0,1,29,50
7.553406813397086,1907.2292500467902,16,42,1764,0,1,29,64
7.120565157601451,1237.1494203271884,9,48,2304,0,1,57,63
6.473222154015218,647.5669293447514,4,23,529,1,1,37,33
6.898557362947025,990.8442553991011,10,30,900,1,0,47,46
6.051437116711976,424.7229681391471,5,15,225,0,0,47,26
5.893239839610085,362.5780783341971,3,41,1681,1,0,39,50
7.024438609542628,1123.7635117779325,6,34,1156,0,0,43,46
5.857809773637095,349.95681936765885,18,6,36,1,1,25,30
5.963817470533989,389.0926424000329,6,26,676,1,1,51,38
6.6202853123240475,750.1590962172868,13,19,361,1,0,25,38
6.187140467523396,486.4530870710937,16,0,0,0,0,30,22
7.045378813993918,1147.5434590108882,16,5,25,1,0,49,27
5.932247548165038,377.00088999136983,12,5,25,0,0,22,23
5.878243792238174,357.18140580781943,0,24,576,1,1,27,30
5.896918271779474,363.9142532091459,1,11,121,0,0,52,18
7.241541926026367,1396.245218749665,17,14,196,0,1,38,37
6.155436009113315,471.2722766794625,3,55,3025,0,1,29,64
7.1112472655351775,1225.675335717561,12,45,2025,0,1,38,63
5.818138251556915,336.3452800622581,0,19,361,1,1,28,25
6.322243768766392,556.8209693415218,3,18,324,1,1,26,27
6.192511407621907,489.07282639635173,1,19,361,0,1,33,26
6.411130495352286,608.5812906390825,3,49,2401,0,1,21,58
6.6839860903181565,799.499646656374,15,0,0,0,1,41,20
5.461100821597417,235.35636718625275,3,19,361,1,1,39,28
6.075615466940618,435.11722038656933,8,15,225,0,0,45,29
7.166190775510188,1294.9026214440446,16,5,25,0,0,23,27
7.041203310570462,1142.7618770722709,1,35,1225,0,1,58,42
5.865975811079785,352.8262799736995,2,34,1156,1,1,59,42
6.669428992687541,787.9455533108513,14,8,64,0,1,42,28
6.397054693516494,600.0750276707769,6,41,1681,0,1,35,53
6.088321577951548,440.68114113338436,3,47,2209,1,1,44,56
7.276074209071901,1445.3029160649426,11,26,676,0,1,28,43
6.01824819528591,410.85822156410495,0,25,625,0,0,30,31
7.0737270373807855,1180.5397609191718,16,34,1156,0,1,44,56
5.733458486910152,309.0362200164664,3,48,2304,1,1,50,57
5.586328678237044,266.7544782513101,3,9,81,0,1,46,18
6.04385985219195,421.51689184560786,8,7,49,0,0,55,21
6.267459210910023,527.1363326995937,9,32,1024,0,1,33,47
6.8061190137705205,903.3580746757583,18,5,25,1,0,42,29
6.8424739082652355,936.8038371235411,18,28,784,0,0,35,52
6.429915268839621,620.1214021806272,14,10,100,1,0,39,30
6.060734339296546,428.6901253061525,16,26,676,1,0,22,48
7.132202897601416,1251.6311474632148,6,43,1849,1,1,25,55
6.174185405981055,480.19170326918646,2,52,2704,1,1,48,60
6.2834475782327415,535.6321179040178,4,30,900,0,0,23,40
6.4140036549825385,610.3323561758848,15,0,0,0,1,20,21
6.579309118947706,720.0416942022559,6,21,441,0,1,27,33
6.312932968813398,551.6605816350335,15,3,9,1,1,39,24
6.723423147712769,831.6595378129442,8,25,625,1,0,35,39
5.628078680815688,278.12723276731,0,40,1600,1,1,50,46
6.252403523786133,519.2593782744717,2,20,400,0,1,51,28
6.234293934460474,509.94043993658755,7,37,1369,1,0,53,50
6.637669380162659,763.3139237557343,17,23,529,1,1,48,46
7.312739973667564,1499.2795529359703,17,33,1089,1,1,31,56
6.195496054489423,490.53471660343234,18,5,25,1,1,23,29
5.644448188428339,282.7175063801548,6,12,144,1,1,53,24
6.509342588814331,671.3848965356837,5,45,2025,0,1,25,56
6.222168899802749,503.7947282060619,10,43,1849,0,1,28,59
6.216718733694523,501.05643211542736,4,33,1089,0,0,24,43
7.0827200002582344,1191.204191707279,11,40,1600,0,0,35,57
5.3392448123889995,208.35530351685284,0,20,400,0,1,20,26
7.166337258622148,1295.0923167029557,18,34,1156,1,0,39,58
6.383863528933242,592.2113189841488,10,35,1225,1,1,54,51
6.972384404162389,1066.7633153571742,14,42,1764,0,1,29,62
6.848970599245912,942.9097748821359,15,9,81,0,0,44,30
5.845461663859288,345.6620846426662,2,45,2025,0,1,47,53
6.404802847323758,604.7425603106448,10,26,676,0,0,54,42
7.418324928000096,1666.2400966845141,10,25,625,0,1,52,41
5.647230785852594,283.50529092050846,9,46,2116,1,1,34,61
5.998999481805785,403.02535750095495,1,27,729,0,1,40,34
6.346235188098843,570.3414337637623,4,9,81,0,1,54,19
6.877713825172819,970.405305718211,7,17,289,0,1,56,30
7.077265129420816,1184.7240170269247,12,30,900,1,1,29,48
7.036377564597223,1137.260483386119,14,26,676,1,1,35,46
6.0134346010329445,408.8852690958859,1,38,1444,0,0,39,45
6.199073049437697,492.2924987213346,11,27,729,1,0,27,44
6.242542869328337,514.1643026452925,7,19,361,1,1,50,32
7.272359302268568,1439.9437110660544,18,24,576,0,1,27,48
5.779507285612056,323.59970889854105,0,51,2601,0,1,32,57
6.502052617593543,666.508316622078,7,19,361,0,0,43,32
6.562346590233541,707.9309709155353,9,35,1225,0,1,31,50
6.838874723832895,933.4381678023967,12,19,361,1,1,36,37
6.362076455314587,579.4483065796592,4,49,2401,0,0,55,59
6.073611597175878,434.24617516658225,8,15,225,0,1,31,29
7.015473171642876,1113.7335086675332,9,39,1521,0,1,55,54
6.693738997294977,807.3352401358582,13,7,49,0,1,32,26
6.375127221923243,587.0601131076528,10,24,576,1,0,54,40
6.725109480003405,833.0631753133655,13,6,36,0,1,24,25
5.340360454019223,208.58788308093258,2,41,1681,0,0,32,49
6.357196899237998,576.6277432192429,15,10,100,1,1,27,31
6.96039320044929,1054.047927890438,16,22,484,0,0,30,44
6.070938789132953,433.08706822221467,4,32,1024,0,1,27,42
6.6518679555078,774.2292013340995,6,18,324,0,1,50,30
6.793043178407306,891.6228046517447,16,16,256,0,0,31,38
6.617969110538531,748.4235870498098,10,46,2116,0,1,30,62
6.91545282454259,1007.727247826885,11,31,961,0,1,36,48
5.636528243131692,280.4872426365042,1,47,2209,0,0,46,54
6.627229158486351,755.3862127221407,18,36,1296,1,1,32,60
6.791071282218029,889.8663493838507,4,12,144,0,0,55,22
6.1102314680526675,450.44296625799444,10,14,196,1,1,32,30
7.247229493861951,1404.2090841906788,18,21,441,0,0,41,45
6.679021422245935,795.540233006741,6,48,2304,1,1,43,60
6.224105356739799,504.7712501935824,5,31,961,1,0,49,42
6.56646870061423,710.855163300846,10,36,1296,0,1,32,52
5.960959930789383,387.9823817724652,13,45,2025,1,1,27,64
5.320291164489691,204.4433999860122,3,47,2209,1,1,24,56
5.865700880055091,352.72929041633756,7,11,121,0,1,25,24
6.097606320311675,444.791805692015,8,41,1681,1,1,26,55
6.350106674914072,572.553782881679,1,42,1764,0,1,41,49
6.038925022323625,419.441901770164,10,4,16,0,0,49,20
5.816481887630637,335.7886310075618,6,50,2500,1,1,34,62
6.621280243734063,750.905824474723,3,47,2209,0,0,56,56
7.181885938706571,1315.3866590694956,13,35,1225,1,0,39,54
6.169600516286086,477.9951166787776,0,33,1089,1,1,50,39
6.069072628438283,432.2796118141687,11,8,64,1,1,24,25
6.914947064228012,1007.2177082403275,18,10,100,0,0,31,34
6.014986501215941,409.5203108530775,4,34,1156,1,1,56,44
6.891727286933616,984.0997727011464,7,37,1369,0,0,49,50
7.0935978916441815,1204.2327144807477,10,47,2209,0,1,58,63
5.715299929558969,303.4752108469473,3,25,625,0,1,22,34
6.555337737027332,702.9865343162837,14,39,1521,1,1,32,59
6.749605556352405,853.7219509035696,11,12,144,0,0,30,29
5.81059598437406,333.81801672244853,9,48,2304,1,0,29,63
7.146094128806109,1269.1391675558875,15,23,529,0,1,49,44
6.9638722870209495,1057.7214384074423,7,12,144,0,0,28,25
6.161205599334143,473.9991836016206,7,27,729,1,1,49,40
6.403712608675361,604.0836058731319,5,48,2304,0,0,48,59
6.0947094592281505,443.50517012185725,2,38,1444,0,0,57,46
7.141259477850339,1263.0181311264478,7,24,576,1,0,53,37
7.1799682983216995,1312.8666375101475,9,18,324,0,1,45,33
5.981193106813511,395.91245232032315,4,24,576,1,1,21,34
6.632421287444019,759.3184749237718,10,17,289,0,1,55,33
5.807101580533715,332.6535574931589,3,27,729,0,1,26,36
7.717507886570184,2247.351940081489,16,3,9,0,1,55,25
5.695235807729528,297.44692560112856,2,47,2209,0,0,59,55
7.17257254958334,1303.1928223792681,17,32,1024,1,1,33,55
6.913539729817757,1005.801213075888,7,33,1089,0,1,46,46
7.467300444056584,1749.87641435733,11,41,1681,1,1,45,58
6.791956979525276,890.6548507485317,15,32,1024,0,1,39,53
7.239954265260267,1394.0302137995031,13,24,576,0,0,54,43
6.76025325235218,862.8606896202808,15,27,729,1,0,30,48
5.989533617092508,399.22837321222346,3,52,2704,1,0,45,61
5.866643638337008,353.0619856771169,0,23,529,1,0,54,29
5.972979349744325,392.6738424017862,0,28,784,1,0,24,34
6.961618844023347,1055.3406069800926,14,12,144,0,1,35,32
5.532738123664625,252.83525829840667,2,18,324,1,1,30,26
6.564588010013322,709.519521035227,13,37,1369,0,0,52,56
6.504274184340311,667.9906552822109,8,45,2025,0,1,28,59
6.34595579171032,570.1821046859648,18,5,25,1,0,41,29
6.576663152793042,718.1390065830526,7,36,1296,0,0,24,49
5.472474399966854,238.04849179765978,1,35,1225,1,1,39,42
7.1907810016422795,1327.1392989312546,3,47,2209,0,1,53,56
6.158494860266869,472.7160354224508,0,29,841,0,1,49,35
6.76419062631865,866.2647920506358,10,16,256,0,0,29,32
6.473195422035806,647.5496188303013,4,39,1521,1,0,56,49
5.776371051708186,322.586414315185,1,16,256,0,1,51,23
6.855709339486435,949.2852561552252,12,43,1849,0,0,43,61
7.409508536343272,1651.6144388975504,16,38,1444,1,1,36,60
7.4719736775045345,1758.0731330191757,16,30,900,0,1,22,52
7.808601048634783,2461.684248783385,17,28,784,0,1,58,51
6.679741233802909,796.113078206061,8,41,1681,1,1,45,55
5.644776546110851,282.8103540881502,5,11,121,1,1,31,22
5.810995578447658,333.951435078408,2,27,729,0,1,56,35
6.660322317048003,780.802562550078,7,20,400,1,1,31,33
5.7867346377986815,325.94694991372074,2,17,289,0,0,52,25
5.743066408497135,312.0197254780701,0,36,1296,0,1,46,42
7.236512858183228,1389.2410338416605,12,31,961,1,1,33,49
6.085857892085478,439.59677754863384,4,33,1089,1,1,26,43
6.481456531527686,652.9212544184351,15,18,324,0,0,57,39
6.741083532050363,846.4774245499661,15,27,729,0,0,46,48
6.680213508877133,796.4891513671608,11,43,1849,0,0,29,60
6.423953296941449,616.4352550787901,12,9,81,0,1,28,27
6.2870461206716035,537.5630850617899,3,20,400,1,1,53,29
6.734021411866173,840.5205580556253,8,31,961,0,1,48,45
6.654672189744854,776.403368379886,15,2,4,0,1,37,23
6.1177045392613785,453.8217679083817,0,31,961,1,1,48,37
5.341886535705994,208.90644824579064,4,12,144,1,0,49,22
5.806990877008579,332.6167336100001,4,30,900,0,1,32,40
6.696629578216667,809.672284058435,18,2,4,1,0,41,26
6.425486479093123,617.3810874909491,8,32,1024,1,1,35,46
7.136743311789911,1257.3269922459988,7,20,400,0,1,51,33
6.964849227400175,1058.7552741062896,18,39,1521,1,1,59,63
6.777621840754148,877.9782672394848,17,16,256,1,0,45,39
6.610144595888007,742.5903864703254,14,5,25,0,1,50,25
6.268488069236809,527.6789604004905,3,28,784,0,1,38,37
7.227694528005766,1377.044105020904,14,11,121,1,1,53,31
7.15666527000167,1282.626579963199,12,38,1444,0,1,25,56
7.459723070683993,1736.6670567301892,17,31,961,0,1,54,54
6.301728648924369,545.5140978939231,4,41,1681,0,1,30,51
6.5541480312344875,702.1506844704061,17,5,25,1,0,56,28
6.127963174025036,458.50132154952956,7,44,1936,0,0,41,57
5.716881338903887,303.95550905527267,0,44,1936,0,1,32,50
7.200786195301946,1340.484232630293,18,24,576,0,1,35,48
7.408109166242445,1649.3048354055952,16,39,1521,1,1,45,61
6.051239611467206,424.63909140868486,1,44,1936,0,1,41,51
6.624588094153022,753.3938213128906,18,0,0,0,0,32,24
7.0804523123091085,1188.5059728322883,15,19,361,0,1,42,40
8.10071387823003,3296.820763989024,17,40,1600,0,0,51,63
5.5206136033256525,249.7882610832506,1,17,289,0,1,42,24
6.150010842921515,468.72246907580774,5,31,961,1,1,51,42
5.930511744606695,376.347058131026,6,8,64,1,0,57,20
6.241611088015836,513.685437090167,5,44,1936,1,1,47,55
6.8593068943760205,952.7065123586715,5,26,676,0,1,52,37
7.865948104542921,2606.980944488399,8,37,1369,0,1,59,51
5.747574138802097,313.4294010820671,7,48,2304,1,1,45,61
6.398114990844341,600.7116230496739,8,47,2209,0,1,49,61
6.377083882033882,588.2099147321682,11,30,900,1,0,36,47
6.831241800197419,926.3404282614658,17,11,121,1,0,48,34
5.21554033324159,184.11127555025288,5,16,256,1,0,21,27
6.60114629455432,735.9383079932031,3,43,1849,0,1,57,52
6.213538682919669,499.46557805922544,6,25,625,0,0,53,37
7.409737074018234,1651.9919381561083,17,12,144,0,0,57,35
5.942105137123168,380.7355871140107,4,52,2704,1,1,31,62
7.1996025736474945,1338.898545077287,17,38,1444,1,1,40,61
6.537923266020908,690.8503747988202,9,29,841,1,0,46,44
6.8928690705517095,985.224043414988,7,40,1600,0,0,59,53
5.1502098977153965,172.46768709141145,0,34,1156,1,1,22,40
7.111840954577583,1226.4032217815338,14,29,841,1,1,56,49
6.303739732926975,546.6122764639426,2,19,361,0,0,45,27
6.86527255426271,958.4070221281472,14,8,64,0,1,24,28
6.521126179244152,679.3430167077162,13,36,1296,1,1,39,55
5.533668048982601,253.07048556131753,0,17,289,0,0,27,23
6.668684364166101,787.3590449710331,7,45,2025,0,1,47,58
6.304197357797975,546.8624770810923,6,52,2704,0,0,48,64
5.90880984756742,368.2675999073044,8,37,1369,1,0,21,51
7.204623465857206,1345.637915018952,17,30,900,0,1,21,53
7.406771243444745,1647.0996683665207,11,37,1369,0,1,57,54
5.923535731862982,373.7307924189049,7,21,441,1,1,57,34
6.199599082434336,492.55152894290865,7,44,1936,1,1,42,57
5.558852215502232,259.52478678029667,5,46,2116,1,0,29,57
6.499544500996024,664.8387306841063,2,21,441,0,1,47,29
5.59606001601283,269.3630279358792,1,31,961,1,0,38,38
6.500751742567184,665.6418363116155,13,38,1444,1,0,47,57
6.31086242636006,550.5195266899335,7,23,529,1,1,50,36
5.541981956137939,255.1832606201147,5,9,81,0,0,21,20
6.607275738116645,740.4630532364579,3,26,676,0,0,48,35
6.020512657676811,411.78964874772936,4,26,676,0,0,33,36
7.058368409087132,1162.54681670747,12,46,2116,1,1,47,64
5.8620795130455585,351.4542383099955,8,9,81,0,0,20,23
7.329063716093623,1523.954249973591,12,15,225,0,1,35,33
6.848993152495651,942.931040801577,8,11,121,0,0,56,25
7.1147212910683075,1229.9407679495077,15,14,196,0,1,40,35
7.119400512526229,1235.7094190554535,11,43,1849,0,1,33,60
5.906084826516687,367.26542903377253,1,49,2401,1,1,36,56
6.649039144802019,772.0421483185603,18,5,25,1,1,34,29
7.345269339553586,1548.852076226312,15,41,1681,0,1,50,62
6.96953957112277,1063.7328644394456,12,9,81,0,1,55,27
5.896394225777919,363.7235953609475,4,14,196,0,0,33,24
6.043041635319524,421.172140672534,5,52,2704,1,1,55,63
7.066070632730818,1171.5355845986808,16,0,0,0,1,46,18
6.151389096898962,469.368933076586,16,31,961,1,0,22,53
7.082733737816034,1191.220556056117,16,16,256,1,1,55,38
5.500685765479404,244.85979109377294,2,46,2116,0,0,25,54
7.2084959298024405,1350.8589519422806,12,23,529,1,1,46,41
6.879918378711521,972.5469760149364,11,25,625,1,1,41,42
6.382664183311629,591.5014786886687,5,13,169,0,1,41,24
7.249541054687856,1407.4587533580457,12,41,1681,0,0,55,59
6.731064452930822,838.0388442522991,13,15,225,1,0,51,34
6.661200169475279,781.4882929158325,6,34,1156,0,0,46,46
5.68221935151062,293.6003096807114,4,37,1369,0,1,26,47
6.553392956667577,701.6207084573077,13,5,25,0,0,58,24
6.933147058583245,1025.7168967720877,17,27,729,0,0,31,50
5.819912975824436,336.9427301908585,3,15,225,0,1,35,24
6.439221283429122,625.9191963334594,0,35,1225,1,0,57,41
5.713217908632824,302.84402640501133,6,16,256,1,0,24,28
6.906155170007071,998.4011705167666,12,8,64,1,1,54,26
5.797156024428293,329.36153052849005,3,20,400,1,1,28,29
6.3569245652447695,576.4707292644148,12,34,1156,1,0,48,52
5.939280865049084,379.66180327033055,3,12,144,1,1,46,21
5.971216399282402,391.9821877255427,2,45,2025,0,0,51,53
6.688057398502139,802.7612911856354,7,32,1024,1,1,29,45
5.990054592924421,399.43641573393836,7,17,289,0,1,44,30
7.365397010272873,1580.3427142812614,16,18,324,1,1,57,40
6.55202164389784,700.6592264172601,14,16,256,1,0,44,36
5.749682260612595,314.0908453961672,3,50,2500,1,1,23,59
6.450104837819408,632.7686274180934,5,43,1849,0,1,42,54
6.460794432621659,639.5689492366633,5,45,2025,0,1,29,56
6.568650437015325,712.4077549435193,9,26,676,0,1,25,41
6.28403995881624,535.9495099697293,3,24,576,0,0,32,33
6.2427198039725225,514.2552841718888,8,36,1296,0,1,50,50
6.404217362974286,604.3885966363305,15,8,64,0,0,24,29
5.800894811374086,330.59524798550854,6,39,1521,1,1,23,51
6.026218547867866,414.145991388491,13,5,25,0,1,22,24
6.274776636018377,531.0077605029974,5,17,289,1,1,49,28
6.351574748205112,573.3949510952287,0,42,1764,0,0,42,48
7.558049054876528,1916.103651401959,17,23,529,0,0,56,46
6.052687907780116,425.2545402076242,11,13,169,1,0,37,30
7.072005410673528,1178.5090606932483,14,28,784,1,0,54,48
5.611932113848306,273.67249393055124,0,13,169,0,0,24,19
6.628404166487513,756.2743192300034,14,36,1296,1,1,47,56
6.609560337489793,742.1566485204548,14,12,144,1,1,57,32
6.957629307157744,1051.1386741789902,15,7,49,1,0,37,28
5.930092521186441,376.1893176966663,0,45,2025,1,0,27,51
6.204610889958872,495.02629875672574,2,48,2304,0,1,31,56
6.406152726512805,605.5594409285707,11,4,16,1,0,49,21
6.5633725663566205,708.6576639095689,6,16,256,1,1,41,28
6.425580779168833,617.4393093193596,4,36,1296,1,1,25,46
5.863285066224299,351.87819058132993,0,13,169,1,0,49,19
5.215120652828336,184.0340238656886,0,27,729,1,0,27,33
7.423306234307751,1674.5608559078703,14,36,1296,0,1,48,56
6.955360705707221,1048.7567622839897,7,17,289,0,1,50,30
6.243643744372633,514.7306449736137,10,38,1444,1,0,24,54
6.453762479607761,635.0873062553947,13,15,225,1,1,30,34
6.7717424479399435,872.8314330799237,12,20,400,0,1,36,38
6.9954849679825415,1091.692985518505,18,37,1369,0,1,32,61
6.303043884116761,546.2320492673801,11,19,361,1,1,39,36
6.502287319953198,666.6647660555262,18,0,0,0,0,50,24
6.431567357566347,621.1467445034034,3,46,2116,0,1,45,55
6.044340002490991,421.7193319042162,3,16,256,0,1,47,25
5.769228290074582,320.29046591896713,2,22,484,1,0,44,30
6.298169984228859,543.5762462600366,5,43,1849,0,0,37,54
6.331137931330109,561.7955149774715,4,9,81,0,1,51,19
6.494175518927232,661.2787886444737,10,42,1764,1,1,48,58
5.893137972667457,362.54114549504294,8,14,196,1,1,22,28
6.427023102079211,618.3304987179079,2,33,1089,0,1,54,41
6.658587954262599,779.4495412968572,8,9,81,0,1,57,23
6.830663792043903,925.8051506533128,11,26,676,1,1,34,43
5.4540334960949215,233.6988909909919,2,16,256,1,0,22,24
6.835516872494831,930.3090776515006,16,34,1156,0,0,40,56
6.270998535784178,529.0053450037927,11,19,361,0,0,22,36
6.2061200075526015,495.7739156325414,17,0,0,1,0,54,23
5.484573579641493,240.94617773328096,3,51,2601,1,0,27,60
6.799159761005413,897.0932021968364,9,31,961,0,1,22,46
7.6288950976625705,2056.7762270483477,17,37,1369,0,1,30,60
6.480371707736637,652.2133339618629,7,43,1849,0,1,21,56
5.779606066734718,323.6316760199272,8,5,25,0,0,52,19
6.9580317767517705,1051.5618106785282,18,12,144,0,1,27,36
6.364093455769131,580.6182335523996,12,3,9,0,1,31,21
5.943603963595028,381.3066715620899,5,12,144,1,0,38,23
6.01807207350228,410.78586685311143,6,42,1764,0,1,37,54
5.85732255509229,349.7863554453461,5,34,1156,1,1,40,45
6.774622792844175,875.349112802792,10,31,961,1,1,41,47
6.749176498431129,853.3557333078653,16,2,4,1,1,49,24
7.114200030395635,1229.2998152636858,18,2,4,1,1,37,26
7.096870013489372,1208.179564417939,11,25,625,1,1,25,42
6.1600900657102535,473.4707163908909,12,32,1024,1,1,20,50
6.377705457481668,588.5756452260827,17,0,0,0,1,28,18
5.948755542543317,383.27607138804194,6,11,121,0,1,35,23
7.3007620497914445,1481.42841976464,4,25,625,0,1,48,35
6.845155822742581,939.319636968827,15,6,36,0,1,48,27
6.357121236315719,576.584115529644,3,36,1296,0,0,24,45
6.011323572570239,408.0230111006455,0,22,484,1,0,38,28
5.420503336829486,225.99284440120974,3,41,1681,0,0,41,50
5.681548647189199,293.40345670668785,2,10,100,1,1,27,18
6.246070780106365,515.9814318804903,3,21,441,0,1,37,30
5.851835452449841,347.872297927536,0,48,2304,1,0,33,54
7.154713292755043,1280.1253640156822,11,20,400,0,1,23,37
6.4975790895211505,663.5333322566158,12,0,0,1,0,59,18
6.078552868067253,436.39721320577644,1,13,169,0,1,46,20
6.425134773546175,617.1639893174514,8,21,441,1,0,43,35
5.76405572146194,318.63801889017464,6,46,2116,0,1,49,58
5.912573463175152,369.6562290882291,12,13,169,1,1,31,31
5.81159479114476,334.1516029841084,1,41,1681,0,1,32,48
5.992978439667393,400.60601562929804,0,38,1444,1,0,59,44
5.938828149687467,379.4899634399711,17,11,121,1,0,23,34
6.387386671157322,594.3014434285043,6,51,2601,1,1,45,63
7.584006991833435,1966.492920537173,17,23,529,0,1,20,46
6.468665488535667,644.6228960535025,18,29,841,1,1,46,53
7.386722616024431,1614.4064034093594,7,41,1681,0,1,42,54
6.810932615890414,907.7169635809151,11,26,676,0,1,57,43
6.6650470476635055,784.5003730223218,10,18,324,0,0,30,34
6.581583307996578,721.68106855498,8,25,625,0,1,58,39
5.93407504054469,377.6904861689089,3,33,1089,1,0,40,42
5.319004037703287,204.18042468716814,6,7,49,0,0,41,19
7.750265660051948,2322.1892455893703,16,17,289,0,1,47,39
5.9200359759351535,372.4251119768542,10,6,36,1,1,57,22
5.488250605004041,241.83377379637034,1,14,196,1,0,25,21
7.456862619649142,1731.7065037423813,17,30,900,1,1,44,53
5.8676730466631435,353.4256177556483,11,6,36,1,1,23,23
6.075251649886051,434.9589461142428,8,24,576,1,0,53,38
5.825689835903058,338.89483428496845,10,14,196,1,1,45,30
6.41386718572135,610.2490702532715,4,44,1936,1,1,58,54
6.6900989393254795,804.4018351819582,6,30,900,0,1,46,42
5.739674171474527,310.96307383319896,0,37,1369,0,0,58,43
6.117243925987687,453.61277971325615,4,46,2116,1,1,40,56
5.706278786364843,300.7498290266975,5,26,676,1,1,40,37
6.726092863316321,833.8827986744909,12,32,1024,0,1,48,50
6.591977180267569,729.2212473476094,10,15,225,1,0,53,31
6.167100748783564,476.8017322330062,7,40,1600,1,0,46,53
5.750788062746814,314.43835982903414,1,27,729,0,1,45,34
7.099241741821657,1211.0484388719606,14,18,324,0,0,24,38
6.374085107932967,586.4486482140476,9,48,2304,1,1,39,63
6.514498307062166,674.8553064385369,7,20,400,0,1,27,33
5.879012177192873,357.4559640958607,1,56,3136,0,0,37,63
6.451052002839154,633.368247652404,14,13,169,1,1,24,33
5.718637795541142,304.4898628738589,5,26,676,1,0,23,37
6.154167923789639,470.6750419742633,4,36,1296,1,0,24,46
5.482629866100551,240.47830224025174,2,37,1369,1,1,35,45
5.190481830852884,179.55504725390057,10,9,81,1,0,28,25
6.336145895167072,564.6160232070649,10,25,625,1,1,44,41
6.778180643912112,878.4690213725514,15,0,0,0,1,57,20
5.279329256188614,196.23820563642334,2,34,1156,1,1,27,42
6.0581877432127165,427.5998135928776,8,22,484,1,0,20,36
6.057788329354723,427.4290584049172,2,42,1764,1,1,50,50
7.181163727049906,1314.437014454776,18,0,0,0,0,52,19
6.302633035458831,546.0076766577691,10,16,256,0,0,24,32
6.547914320135069,697.787294142314,13,20,400,0,1,37,39
5.552458750615519,257.87081710134055,1,20,400,1,0,55,27
6.2579732885476265,522.1596001408153,6,23,529,1,1,39,35
6.978004499180765,1072.7755052660664,9,24,576,1,1,43,39
6.532262420684557,686.9506260278494,9,48,2304,0,0,38,63
6.179816421955019,482.90329777183035,0,38,1444,0,1,47,44
6.872043977974955,964.9188243681416,5,19,361,0,1,49,30
7.529302699029122,1861.8068111224054,13,31,961,0,1,58,50
5.662836655500422,287.9643407127639,1,15,225,1,1,34,22
5.612470844346033,273.8199693706124,5,32,1024,1,0,28,43
6.91039090999088,1002.6391073375854,0,24,576,0,1,58,30
5.964098311912368,389.20193105971214,2,36,1296,0,1,50,44
5.563488110651367,260.7307095864963,3,22,484,0,0,20,31
5.986616080261311,398.0653071982876,12,23,529,0,0,32,41
6.6167138400913545,747.4847024393526,2,12,144,1,1,55,20
6.5579282040073394,704.8099584611618,14,44,1936,1,1,21,64
7.281442931840988,1453.0832131800487,12,29,841,1,1,56,47
6.585686748885968,724.6485283949143,10,36,1296,1,0,54,52
6.6524137726712596,774.6519042694034,3,22,484,0,1,56,31
6.798246998468979,896.2747427165815,16,7,49,0,1,30,29
5.1320494634145035,169.3638676486875,4,35,1225,0,0,37,45
6.648370721149442,771.5262695178413,7,48,2304,1,1,39,61
6.246897058376246,516.4079523133311,9,31,961,1,1,21,46
6.355555188670927,575.6818640023318,6,48,2304,1,1,43,60
6.984241328320134,1079.4871306720227,16,12,144,0,0,35,34
6.086163482663668,439.73113471015114,6,45,2025,1,1,42,57
7.870698088187455,2619.393517758284,18,14,196,0,1,57,38
6.121016963992358,455.3275108090992,8,26,676,0,0,48,40
6.060112216479544,428.4235103400022,1,30,900,0,0,49,37
6.717917702084652,827.0934621202545,18,4,16,0,1,23,28
6.306985104381129,548.3891180383918,5,40,1600,1,1,48,51
6.329431791396218,560.8378304189339,9,12,144,1,1,46,27
7.108322276669975,1222.0954870692522,12,9,81,0,1,52,27
5.428214642390693,227.74228082939652,1,53,2809,0,1,37,60
5.522847922431514,250.34699172624374,9,8,64,0,1,25,23
6.8745303186375315,967.3209262615997,9,38,1444,0,1,51,53
7.309026642137507,1493.7225547733026,4,31,961,0,1,50,41
6.445403353608791,629.8006581047315,3,20,400,1,1,31,29
5.9105181795881405,368.8972609223237,1,53,2809,0,1,42,60
6.5459060447266655,696.3873512851153,6,28,784,1,0,48,40
7.67673135183352,2157.5559422750907,17,21,441,0,1,22,44
7.174612005902835,1305.8533392982363,16,40,1600,0,1,52,62
7.202101649935304,1342.248739134733,10,38,1444,0,1,58,54
5.561532765243964,260.22138910194957,17,0,0,1,0,47,23
6.01714176735972,410.40388794411325,7,5,25,0,1,37,18
6.334571927852368,563.7280350566641,11,6,36,0,1,41,23
6.039018910721404,419.48128434703716,0,33,1089,1,1,39,39
6.785754880439799,885.1480157335972,11,41,1681,0,1,35,58
5.896117951088093,363.6231216172721,5,30,900,1,1,26,41
6.47823963299689,650.8242477316302,2,34,1156,0,1,23,42
5.568520988489546,262.0462430793322,4,22,484,1,1,57,32
6.567704329596142,711.734059425501,13,24,576,0,0,53,43
7.043154463904831,1144.9937573814002,11,8,64,0,1,55,25
6.764059253833399,866.1509961670063,12,23,529,0,1,37,41
7.366122907210851,1581.4902966813986,12,37,1369,0,1,52,55
6.633116608781868,759.8466288586807,16,1,1,1,1,20,23
7.190011397406127,1326.1183198301462,14,32,1024,1,1,44,52
6.782416501802868,882.1979834095806,5,48,2304,0,1,33,59
6.388534891314318,594.9842242415117,11,1,1,0,1,30,18
5.263088237790152,193.07683872662656,1,56,3136,0,0,27,63
5.594994136537002,269.0760723700471,3,44,1936,1,1,35,53
6.52494745351911,681.9439389550538,11,12,144,0,0,58,29
6.41676852434327,612.0221804024646,2,47,2209,0,0,56,55
6.84808693658577,942.076928753897,16,6,36,1,1,50,28
6.726923551879732,834.575783365955,5,18,324,0,1,37,29
7.724076110910394,2262.161635252743,16,37,1369,0,1,26,59
6.8530927484883835,946.804611730643,16,34,1156,0,1,23,56
6.444115876641814,628.9903260175175,10,8,64,1,0,51,24
6.418448849299582,613.0514410500119,6,16,256,0,1,50,28
5.379152088342791,216.83833770023142,1,46,2116,1,1,29,53
8.199106832439796,3637.6997804781913,18,24,576,0,1,49,48
6.005406048307189,405.61565485196115,1,43,1849,0,0,54,50
6.914521806577008,1006.7894722654381,12,12,144,1,1,50,30
7.775074942820899,2380.5216964194196,15,14,196,0,0,50,35
7.034753128739069,1135.41457636154,16,36,1296,0,1,52,58
6.673812404037096,791.4070237740483,10,25,625,0,1,24,41
5.852165009951024,347.9869607457302,8,12,144,0,0,29,26
6.375722282795355,587.4095535694021,8,34,1156,1,1,42,48
6.844697925923596,938.889623953358,13,39,1521,0,0,26,58
6.216857364908953,501.12589899213685,12,9,81,1,1,47,27
6.121134960787127,455.38124116588733,10,3,9,1,0,40,19
6.948849259074443,1041.950023503625,11,38,1444,1,0,50,55
6.225270776757459,505.35986363722077,2,24,576,1,1,46,32
5.969700359484589,391.3883773627216,0,14,196,1,1,48,20
6.390139517333936,595.9397178088926,7,47,2209,0,1,29,60
6.919926598297758,1012.2456912511303,18,24,576,0,0,27,48
6.470220036631876,645.6257726573284,12,5,25,0,1,28,23
5.640359660063825,281.5639675811098,6,8,64,1,0,30,20
6.360187139014943,578.3545789732742,12,10,100,1,1,41,28
6.40206609684677,603.089793457072,5,21,441,0,0,59,32
5.629209346323798,278.44187948284,2,54,2916,1,1,45,62
6.745929734137248,850.589581334656,5,34,1156,1,1,56,45
6.298866964195003,543.9552400739572,2,19,361,0,1,59,27
7.211386236014826,1354.7689958532403,12,37,1369,0,0,21,55
7.391905280271255,1622.7950487457015,12,46,2116,0,1,38,64
6.387603401578757,594.4302605895928,12,6,36,1,0,35,24
5.442060760391513,230.91755923440155,0,26,676,0,0,23,32
6.4489368893683965,632.0300176928555,7,22,484,0,0,57,35
5.905171868472253,366.93028411579667,4,25,625,1,1,26,35
7.059564623224749,1163.9383037375596,16,36,1296,1,1,33,58
6.7683923633658925,869.9122664179838,8,27,729,0,1,31,41
6.21895854460294,502.1799615548535,12,1,1,0,0,40,19
7.969578708122552,2891.638883596252,12,39,1521,0,1,53,57
5.9623425441223015,388.51918239477675,4,27,729,1,1,40,37
6.07691534429469,435.68318717172843,13,32,1024,1,1,55,51
6.256995290591932,521.6491787555508,10,44,1936,1,0,59,60
7.002745197007289,1099.6477684490717,13,24,576,0,1,26,43
5.990020347024013,399.422736908449,6,12,144,0,0,40,24
7.4732145263456085,1760.2559900465324,16,33,1089,0,1,29,55
6.3369744586907455,565.0840373117087,3,38,1444,0,1,40,47
6.42280043698773,615.7250010495285,9,44,1936,0,0,35,59
5.861590907283059,351.2825576893881,9,7,49,1,1,44,22
6.885121603630272,977.6205446880458,14,8,64,0,0,32,28
6.121964650842204,455.7592232352504,11,1,1,0,1,46,18
6.353421824593489,574.4550340963618,8,37,1369,1,1,56,51
6.306149355063363,547.9309936723502,2,10,100,0,1,27,18
6.4668158446824044,643.4316752828483,14,16,256,1,0,49,36
5.600603974517983,270.5897874189374,11,2,4,0,0,50,19
7.219853591398667,1366.28900960109,14,18,324,0,1,26,38
6.746457287937677,851.0384314867857,0,31,961,0,1,49,37
6.012549467589508,408.5235111953075,14,20,400,1,0,37,40
6.284420564979959,536.1535344806962,10,22,484,1,0,42,38
7.140812881986736,1262.4541983878182,4,31,961,0,0,57,41
6.639006165101908,764.3349926356266,6,9,81,0,0,49,21
7.122952862536045,1240.1068974892594,11,12,144,1,1,49,29
6.1166411116082084,453.3394178084514,5,28,784,0,1,27,39
5.546927650541713,256.4484450730794,2,29,841,1,0,31,37
6.7354240734756505,841.700351206233,9,20,400,1,1,29,35
5.477416567140204,239.2278792038038,3,9,81,1,0,26,18
7.153583902836044,1278.680419441014,12,29,841,1,0,58,47
7.191413544750913,1327.979037306352,18,26,676,0,0,36,50
6.848792075807476,942.7414584116539,4,31,961,0,1,51,41
6.796203731809686,894.4452840896203,17,8,64,0,1,24,31
5.652995064734925,285.1442135475093,0,47,2209,0,1,40,53
6.585450650343695,724.4774601289786,15,1,1,1,1,50,22
6.428032451454532,618.954925299808,15,7,49,0,0,34,28
6.208684338899643,497.0468756735516,15,20,400,1,1,32,41
6.1323367533443145,460.5110049988391,18,24,576,1,0,26,48
7.268789885350296,1434.813113690251,15,9,81,0,1,43,30
5.810602448944505,333.82017471950877,0,27,729,0,1,23,33
6.454647780920987,635.6497988326063,9,26,676,0,1,38,41
6.306044328608327,547.8734494443664,1,23,529,0,1,54,30
7.409393711150794,1651.4248028394115,13,22,484,0,1,48,41
6.7606048268522,863.1641027688588,7,30,900,0,0,55,43
6.008061169710238,406.6940446529669,5,8,64,1,0,53,19
5.992032504645039,400.22724754219115,2,25,625,1,1,27,33
6.916847751746604,1009.1339348640162,15,34,1156,0,1,21,55
7.2141799994036955,1358.5591918644138,16,41,1681,0,0,23,63
5.271322394530312,194.67322711594207,11,1,1,1,0,21,18
7.371059931642446,1589.3174584605101,18,4,16,0,1,49,28
6.004272094282389,405.15596602987256,2,44,1936,0,1,48,52
5.8868259050403235,360.2599683133011,12,42,1764,1,1,23,60
6.275153245760782,531.2077808613393,15,25,625,1,1,40,46
5.769780287971261,320.4673143879817,10,38,1444,1,1,28,54
7.077161357734298,1184.601082596287,15,13,169,0,1,21,34
6.289252397725335,538.7504074607535,1,49,2401,0,0,39,56
6.811020069924453,907.7963505624508,3,50,2500,0,1,52,59
5.929427103720449,375.9390780203104,3,36,1296,1,0,25,45
7.403579919607658,1641.8516185002065,16,24,576,0,1,48,46
5.131425484141948,169.25822106982037,0,54,2916,0,0,35,60
5.795648631020111,328.8654271338945,0,14,196,1,0,55,20
5.871050292504681,354.6212407735206,4,17,289,1,0,24,27
6.788046060814702,887.1783745670884,11,42,1764,1,1,56,59
6.379774423855368,589.7946490485518,5,20,400,0,0,28,31
6.2156470030535536,500.51972223985626,5,18,324,0,1,51,29
7.490729644005512,1791.358669232251,16,42,1764,1,1,56,64
6.510377330406721,672.0799659592356,12,41,1681,1,0,53,59
6.9141747216850185,1006.4400914861027,7,34,1156,0,0,58,47
7.669799672330893,2142.6521697364437,11,32,1024,0,1,59,49
6.400691532108692,602.2613769795665,14,29,841,1,0,48,49
7.5607445456524225,1921.2754582674347,18,35,1225,0,1,50,59
6.539105147119317,691.667360493499,16,27,729,1,1,22,49
7.1731149173929385,1303.8998239259352,8,29,841,0,1,44,43
7.5113797942627105,1828.7350809873737,17,0,0,0,1,55,18
5.634487469037292,279.9154152216695,1,52,2704,1,1,32,59
6.8725022959025885,965.3611653227124,10,3,9,0,1,58,19
6.345524933194723,569.9364897871549,16,12,144,1,0,38,34
6.899551855000561,991.8301322794953,17,24,576,0,0,35,47
7.550041079229712,1900.8208139906399,14,36,1296,0,1,49,56
6.487840833742256,657.103035702847,6,12,144,1,1,58,24
6.699455868353635,811.9638896948201,15,23,529,1,1,54,44
5.310546437575213,202.46083037207964,0,20,400,1,0,21,26
6.801787385557926,899.4535259851369,17,16,256,0,0,20,39
5.785748403755379,325.6256484006935,7,38,1444,0,1,22,51
5.857229703406328,349.75387870030005,6,51,2601,1,0,45,63
5.79837605836154,329.7636079962442,1,11,121,0,0,47,18
6.160718786000086,473.7684906354729,11,9,81,1,1,46,26
6.794590068379674,893.0031143457658,15,16,256,0,1,33,37
6.3988362557335465,601.1450515415037,8,22,484,1,1,43,36
6.756889023311964,859.9627061040413,10,37,1369,1,1,54,53
7.478520380372311,1769.6204726992096,14,37,1369,0,1,53,57
5.912654285985672,369.6861069509807,2,54,2916,1,1,43,62
6.691016169805505,805.1399955432149,12,3,9,0,1,25,21
7.125598805178437,1243.39249404359,12,8,64,0,1,50,26
6.435861562677884,623.8198112694946,1,51,2601,0,1,48,58
6.565647330501126,710.2715278381405,5,28,784,1,0,55,39
6.65376848357154,775.7020448058505,5,24,576,0,0,48,35
5.8480472679022615,346.55698635840736,11,12,144,1,0,32,29
5.424729729930118,226.95000023322373,3,50,2500,0,0,27,59
6.47400403576154,648.0734480994075,4,50,2500,0,1,34,60
6.970903245441101,1065.1844391408708,7,43,1849,1,1,52,56
6.116214602656386,453.1461057161417,5,15,225,0,1,44,26
6.060229155219132,428.4736125747005,2,15,225,1,1,35,23
6.916350068731697,1008.6318309995144,7,23,529,1,1,40,36
7.285250532605543,1458.6265205871205,18,40,1600,1,1,56,64
5.845166022608341,345.55990777615,10,8,64,0,0,36,24
7.867074569663385,2609.919272243232,17,10,100,0,1,53,33
6.27719005010353,532.2908498016275,9,7,49,1,1,32,22
6.49527835717424,662.0084744732894,11,16,256,1,0,53,33
6.435396563111508,623.529802759899,7,5,25,0,1,34,18
7.060395283525255,1164.9055427466192,18,30,900,1,1,41,54
7.686005189794047,2177.6578332441313,15,35,1225,0,1,23,56
7.479049448361074,1770.5569699570906,17,13,169,0,1,58,36
5.809206095164851,333.35436894732544,8,40,1600,1,1,42,54
6.040438096597676,420.0770288972785,3,25,625,0,1,32,34
5.905545907802221,367.06755614438055,8,29,841,0,1,27,43
5.710484727942746,302.0174290944154,1,32,1024,0,0,20,39
6.970026791866147,1064.251263433529,8,11,121,0,0,36,25
5.991726785916236,400.10490927834246,8,36,1296,1,1,36,50
6.611550202263135,743.6349101742708,17,0,0,0,1,27,19
5.631525465704035,279.08753153116237,10,31,961,1,0,22,47
6.518299741977425,677.4256072836039,12,46,2116,1,0,48,64
6.541214233035361,693.1276858165655,5,26,676,0,1,41,37
5.739140597364617,310.7971962457921,8,21,441,0,1,21,35
7.355474748694113,1564.7396772050859,15,39,1521,0,1,21,60
5.831001957638539,340.69987495345316,3,18,324,1,1,36,27
5.9420051821377085,380.697532595838,1,34,1156,0,1,28,41
5.814398559331279,335.0898012486459,6,9,81,0,0,52,21
7.163187122847159,1291.0190191527613,14,34,1156,0,0,48,54
6.385194096436892,592.9998205814527,5,10,100,1,0,48,21
6.483409311899752,654.1975119483269,10,14,196,1,1,25,30
7.020539738692247,1119.3906331630353,16,20,400,1,1,25,42
5.739335659242063,310.85782684356366,3,21,441,1,1,56,30
7.928383001423523,2774.936107034854,18,11,121,0,1,20,35
6.058093806369575,427.5596481028,6,29,841,1,1,35,41
6.536988639757811,690.2049895386504,10,3,9,0,1,30,19
7.145779929486665,1268.7404675320797,12,32,1024,0,1,41,50
5.993392919282983,400.7720930721389,2,28,784,1,0,53,36
6.877614948685901,970.3093601941513,13,7,49,0,1,20,26
6.431370721543697,621.0246166858402,1,38,1444,0,1,32,45
6.37047143760058,584.3332406273703,17,29,841,1,0,47,52
5.5463555987439745,256.30178523156053,4,46,2116,0,0,32,56
6.930943701797086,1023.4593644747797,12,9,81,0,1,57,27
6.444054414836032,628.9516683242587,12,0,0,1,1,49,18
7.1436919767366,1266.0941610266416,13,40,1600,0,0,55,59
6.034025188918425,417.3917331723859,11,21,441,1,1,23,38
6.368903688959352,583.4178707058137,12,8,64,1,0,33,26
8.220842701469596,3717.6339184174926,17,41,1681,0,1,55,64
6.8581609554328455,951.6153941615627,12,14,196,0,1,42,32
6.059423653790372,428.128615434084,3,43,1849,1,1,24,52
5.3090650328708575,202.1611259920679,9,7,49,1,0,34,22
6.017451295684131,410.5309392338522,4,48,2304,0,0,42,58
7.417713342646233,1665.2213601992742,17,16,256,0,1,27,39
6.544810690576561,695.6249781203347,7,45,2025,0,1,30,58
6.254801625452071,520.5061093510171,13,21,441,1,1,26,40
5.69038168903583,296.0065815478528,1,17,289,0,0,42,24
6.499675102133713,664.925565048923,7,27,729,1,0,46,40
6.94458597308219,1037.5173481590255,15,40,1600,1,1,50,61
6.11152175639753,451.0245426873405,6,30,900,1,0,59,42
5.9421438552393795,380.7503287641012,2,36,1296,1,1,21,44
6.339540365921721,566.5358523439522,3,49,2401,0,1,50,58
6.50828084446052,670.672435705115,6,11,121,0,1,27,23
5.654404032205199,285.5462556343349,3,42,1764,1,1,20,51
6.469951133572505,645.4521852519906,8,12,144,0,0,44,26
6.918394821382939,1010.6963435995706,16,28,784,0,1,36,50
6.408826075941479,607.1804787488351,16,1,1,1,0,49,23
7.48437594650575,1780.0129997783927,13,35,1225,0,0,43,54
5.916293885480207,371.03406784987834,13,29,841,1,0,50,48
7.1442013453824,1266.739233970918,12,33,1089,0,1,32,51
5.8255681553220535,338.85359987339785,3,49,2401,0,0,34,58
7.106999000723836,1220.4793870163155,12,28,784,0,1,45,46
6.480335020779172,652.1894066779341,16,9,81,1,0,51,31
7.04579718564192,1148.0236591030362,14,33,1089,1,1,54,53
7.3960377661374705,1629.5151020476144,17,30,900,0,0,35,53
5.909155613299073,368.39495623988955,10,16,256,0,0,28,32
5.8767569046253625,356.6507118389145,3,16,256,1,0,38,25
7.675134596262667,2154.113601824372,10,27,729,0,1,59,43
6.9746142209217945,1069.144656066103,9,38,1444,0,1,59,53
6.561715312381445,707.4842108025023,12,20,400,0,1,22,38
6.363206707873699,580.1035997646838,7,32,1024,1,1,45,45
6.893802688046672,986.1442953331792,12,3,9,0,1,56,21
5.984968761782401,397.41010667205984,8,19,361,0,0,27,33
5.6889941766488805,295.59615355214675,0,33,1089,1,0,25,39
6.492372822348586,660.0877774730723,0,23,529,0,1,24,29
7.005744268157241,1102.9506406452747,14,13,169,1,0,40,33
6.443664878237637,628.7067163428034,3,48,2304,0,0,46,57
6.30203266347138,545.679967327365,0,49,2401,0,0,57,55
7.019906987350843,1118.6825612786874,11,42,1764,0,0,27,59
6.386234993218633,593.6173935453643,10,38,1444,1,0,41,54
7.042711122528979,1144.4862467821963,18,22,484,0,1,42,46
7.243056217699827,1398.3611429173682,14,15,225,0,0,44,35
5.581073999593341,265.3564455145442,9,12,144,1,1,26,27
5.252839706349134,191.1081897856512,0,53,2809,1,0,33,59
6.231256355434461,508.39380575271684,2,48,2304,0,0,48,56
6.655714459336771,777.2130118619062,13,16,256,0,1,36,35
7.188311565448758,1323.866056307915,14,0,0,0,1,25,18
5.779945462136997,323.7415337643522,0,50,2500,1,1,51,56
5.987299171815893,398.337315140394,9,23,529,1,1,38,38
5.814862764080608,335.2453876350133,0,12,144,1,1,46,18
6.246980843298554,516.4512213261153,14,12,144,1,0,49,32
5.798802827097404,329.9043708288145,2,13,169,1,1,52,21
7.053301280459141,1156.6709419301073,11,20,400,0,0,56,37
7.276914333548479,1446.5176606176667,18,3,9,0,1,30,27
6.878913885931918,971.5705500882029,15,19,361,1,1,29,40
6.466218075864197,643.0471668257501,7,45,2025,0,0,48,58
6.700114733376412,812.4990405782387,13,32,1024,0,1,41,51
7.675611278928647,2155.140675213507,17,40,1600,0,1,39,63
5.866687433978866,353.077448591997,0,44,1936,1,1,38,50
6.1994980753776225,492.50178027521605,1,44,1936,0,1,43,51
6.857843115175436,951.3129805418848,11,39,1521,0,1,47,56
6.442189916077744,627.7800812703533,16,5,25,1,1,21,27
6.162669399253652,474.6935316377413,1,30,900,0,1,59,37
6.492161898102068,659.9485636382755,16,0,0,1,1,37,18
5.5620745898631245,260.3624216610032,6,18,324,0,0,37,30
6.1954440510026965,490.50920775108887,5,7,49,1,1,21,18
6.099792699164013,445.7653529734504,5,11,121,0,0,42,22
6.058020019629649,427.5281010341345,7,20,400,1,1,34,33
5.7913342058295125,327.4496182476991,4,22,484,1,0,44,32
7.235039337329251,1387.1954656708958,14,25,625,1,1,37,45
5.957572506243252,386.6703441977225,6,36,1296,1,1,40,48
6.163990106317871,475.3208769167972,2,32,1024,0,1,51,40
6.027008732451325,414.4733724949046,9,47,2209,1,1,38,62
5.698155849835454,298.31675249568195,2,52,2704,1,0,37,60
6.843453862777027,937.7223122288037,13,15,225,1,1,43,34
6.191332932592627,488.49680576257566,2,43,1849,1,1,49,51
6.053203060508637,425.4736676815403,0,24,576,0,0,48,30
6.211402224639404,498.3996297717518,0,25,625,1,1,40,31
7.103736499122463,1216.5040593442673,18,4,16,0,1,40,28
5.562833844178041,260.5601780172747,3,36,1296,1,1,21,45
5.4705132045455445,237.5820896878307,1,52,2704,0,1,20,59
6.651582118091437,774.0079292849395,10,33,1089,0,1,41,49
7.0738367679207235,1180.6693092921323,11,35,1225,1,0,59,52
7.17854304408721,1310.9968015880231,12,30,900,1,1,57,48
5.595458542403514,269.20106189728216,15,13,169,1,0,38,34
6.758890225727566,861.6853886921841,15,43,1849,1,0,38,64
6.367468936028909,582.5814104065673,18,2,4,1,0,21,26
6.065137258433901,430.5817745963781,8,13,169,1,1,48,27
6.776693747224716,877.1637993003521,15,4,16,0,1,42,25
5.996736017192564,402.1141554918004,6,26,676,1,1,46,38
5.850042398485978,347.24910300285046,12,12,144,1,0,42,30
5.5527237995775485,257.93917455238653,3,13,169,1,0,47,22
6.956687982933727,1050.149677438507,12,5,25,1,1,47,23
5.7275674585740965,307.2210308025858,7,34,1156,1,0,24,47
6.020694051592931,411.86435165985534,1,41,1681,0,1,37,48
5.798616226856626,329.84281633700414,6,22,484,1,0,49,34
5.803067182994674,331.3142043576018,10,12,144,0,0,43,28
6.72814906034597,835.5991900228628,16,15,225,1,0,56,37
6.855015853811477,948.6271686421392,13,7,49,0,0,35,26
6.429162555506478,619.6548041623436,12,1,1,1,1,48,19
6.792262137896755,890.9266830061714,14,34,1156,1,1,49,54
6.23214916564654,508.84790761747763,8,4,16,1,1,44,18
5.852782621892843,348.20194803080756,2,13,169,0,0,57,21
6.618235258730686,748.6228051440613,12,35,1225,0,0,58,53
5.674684902962237,291.3965059021585,12,24,576,1,1,20,42
6.205036520386546,495.2370418581323,8,6,36,1,1,59,20
8.061991438651974,3171.599896141933,17,3,9,0,1,58,26
6.189682013951197,487.69100262039774,4,29,841,0,1,58,39
6.715030008162629,824.7085145133949,10,24,576,0,1,50,40
6.1900630120144555,487.87684734885744,1,22,484,1,0,58,29
6.343731772046579,568.9154175638772,16,5,25,1,1,50,27
6.276726265642578,532.0440388147567,3,42,1764,1,1,52,51
6.636145749649427,762.1518009180502,17,37,1369,1,1,31,60
5.750413027064728,314.32045633467243,7,14,196,0,0,44,27
6.445211371899316,629.6797595032916,18,23,529,1,0,42,47
7.014817423303421,1113.0034191722777,11,22,484,0,1,47,39
7.338039748343258,1537.6948884193866,10,7,49,0,1,52,23
6.919756612545512,1012.0736385295146,15,0,0,0,1,57,19
6.563851579665012,708.9972016767372,4,37,1369,0,0,45,47
5.4886452469295754,241.92923037686597,2,11,121,0,0,43,19
6.580279716334108,720.7409040594872,11,32,1024,0,0,24,49
6.738159075468439,844.0055542746508,14,39,1521,0,1,36,59
7.200671742974406,1340.3308198692293,15,12,144,0,1,56,33
6.204708429866936,495.0745859313209,12,11,121,1,1,34,29
6.370856690311408,584.558399961186,6,6,36,0,1,21,18
6.680122049188121,796.4163080482401,14,5,25,0,0,53,25
6.119996189097873,454.86296105799613,2,22,484,0,1,39,30
6.993305057917453,1089.3157849744564,11,15,225,1,1,49,32
6.483421245089175,654.205318657736,7,48,2304,1,1,35,61
6.141041574405096,464.53716898927377,11,8,64,1,0,23,25
6.028895466015463,415.2561114960078,17,4,16,1,0,50,27
6.577115458777527,718.4638986231904,2,55,3025,0,1,45,63
6.983694322014506,1078.8968058751134,11,5,25,0,1,31,22
6.253553801303857,519.8570143209262,1,29,841,0,1,21,36
6.844210072280201,938.4316949398178,13,45,2025,1,1,27,64
6.647031507673332,770.4937226951619,13,36,1296,1,0,33,55
6.54717240024535,697.2697838693175,3,19,361,0,0,43,28
7.4411510340064835,1704.7112729619935,16,38,1444,0,0,59,60
7.279113136268258,1449.701766911972,14,17,289,0,0,44,37
7.048744073736315,1151.4117460608027,15,16,256,0,0,26,37
6.201490210746228,493.4838884121815,4,28,784,1,0,51,38
6.955323331117922,1048.7175661631989,16,13,169,1,0,42,35
6.154241618831829,470.7097296694795,6,15,225,1,0,58,27
7.635527206732282,2070.462325000232,14,31,961,0,1,45,51
7.454857713840166,1728.2380734134665,16,21,441,0,1,26,43
6.366210142898882,581.8485223034959,11,30,900,1,1,23,47
6.311335742504763,550.7801581455622,10,10,100,1,0,44,26
7.013727549969951,1111.7910472116032,18,39,1521,0,1,37,63
6.971652064476165,1065.9823682397168,10,32,1024,0,1,26,48
4.956145540437128,142.04523176508127,1,52,2704,1,1,41,59
6.760056608171153,862.6910297684883,14,1,1,0,0,23,21
5.5520419115544755,257.76334887210356,4,13,169,0,0,48,23
6.9145786818418005,1006.846735311673,17,8,64,0,0,43,31
7.026754517363644,1126.3690604245196,15,0,0,1,1,59,21
6.708846565677734,819.6247107494305,3,34,1156,0,1,57,43
6.119296189789148,454.5446687148981,9,49,2401,1,1,31,64
5.579212230492329,264.86287268541986,1,49,2401,0,0,28,56
7.0553147983129305,1159.002265816129,14,14,196,0,0,34,34
5.464779444500453,236.22374891597138,3,27,729,1,0,32,36
6.5979987350669145,733.6255400864254,15,2,4,1,1,49,23
6.041586882567825,420.55988479039297,6,34,1156,1,0,54,46
7.072845996948268,1179.5001157095905,11,11,121,0,1,54,28
6.431414753587085,621.051962270744,2,25,625,0,1,45,33
6.5841216775076346,723.5152887555515,16,25,625,1,0,38,47
6.411181242594596,608.6121752449513,8,28,784,0,1,40,42
6.217316379327867,501.35597580571346,7,44,1936,0,0,40,57
5.577693812500011,264.4610053125739,5,17,289,0,0,32,28
6.323660654144223,557.6104800220379,14,4,16,0,1,40,24
7.1615508704892985,1288.9083135330734,9,28,784,0,1,43,43
6.410528672833382,608.2151429028198,5,28,784,1,1,45,39
6.448198069037408,631.5632335220402,14,22,484,1,0,50,42
7.223685346930182,1371.5343380616384,13,17,289,1,1,49,36
7.336356533018923,1535.1087939065842,18,24,576,1,1,43,48
7.116449931491181,1232.068731991158,12,25,625,0,0,51,43
7.648727445039649,2097.9741026228244,13,40,1600,0,1,49,59
6.333075720638994,562.885211780595,2,50,2500,1,1,45,58
6.506002014972231,669.1458276819853,3,44,1936,1,1,57,53
7.017607745454201,1116.1133941649152,13,21,441,0,1,37,40
7.023447203309747,1122.6499577115007,13,45,2025,0,1,31,64
5.679033870726596,292.6665395790007,7,17,289,0,0,40,30
6.937062872603813,1029.7412876182864,9,27,729,0,1,42,42
6.398312036453079,600.8300022997864,8,5,25,0,0,47,19
6.537088200910453,690.2737105638837,13,0,0,0,1,36,19
5.253644513275136,191.26205688875638,7,20,400,1,0,34,33
5.684556953549251,294.28743316089566,10,10,100,0,0,42,26
5.884168908895434,359.30402949159776,9,30,900,1,1,53,45
6.709199703976983,819.9142027381528,17,7,49,0,1,47,30
5.927871700750923,375.35479577696003,3,43,1849,1,1,23,52
5.91892235858159,372.01060375386675,3,49,2401,0,0,31,58
6.201967265616619,493.7193634674031,11,13,169,1,1,21,30
7.39175154203268,1622.5455822700999,17,25,625,0,1,44,48
6.078452278469561,436.35331839338386,7,25,625,1,1,43,38
5.9469919952634935,382.6007415779774,2,41,1681,1,1,50,49
6.998868073616411,1095.3925526929575,17,28,784,0,0,23,51
6.526372564301302,682.9164774382508,6,13,169,0,0,53,25
6.031455038981283,416.3203512314899,0,52,2704,0,1,25,58
6.700038346257434,812.436978487759,12,1,1,0,1,50,19
5.752007741725572,314.8221076636439,2,47,2209,0,1,58,55
5.988942469905137,398.99244022471174,2,41,1681,1,1,43,49
7.157545589656354,1283.7561984909053,14,37,1369,0,0,44,57
6.568071581472325,711.995493097233,18,21,441,1,1,24,45
6.391346709837128,596.6595661789434,3,45,2025,1,0,29,54
6.459122312183003,638.5004065397254,12,40,1600,1,1,37,58
6.266078956471595,526.4092523301118,12,0,0,0,0,48,18
6.422067987883933,615.2741789466019,14,38,1444,1,0,30,58
6.557084805980168,704.2157737349988,18,3,9,0,0,49,27
5.966933350892924,390.3068992794682,15,0,0,0,1,24,21
6.192179199836706,488.9103795804347,6,40,1600,0,1,25,52
4.548786621487064,94.51765301893198,2,19,361,1,0,33,27
5.531329658481115,252.4793993062586,1,57,3249,1,0,35,64
6.8487902726814776,942.7397585315526,17,5,25,0,1,33,28
6.646939763552164,770.4230376682254,10,15,225,0,1,52,31
6.105030569760162,448.1063397493369,0,49,2401,0,0,56,55
5.923605896024578,373.75701584657935,15,8,64,1,0,24,29
6.902512547235107,994.7709873853407,16,40,1600,1,1,59,62
6.41108769080264,608.5552411485359,15,13,169,0,1,33,34
6.17542843139244,480.78896488746796,9,18,324,0,0,59,33
6.96658801389938,1060.5978249198797,16,30,900,1,0,28,52
5.787710930850032,326.2653250444562,2,11,121,0,1,46,19
6.820271176887689,916.2334377277491,17,5,25,0,1,22,28
6.606133986846478,739.6181110536075,18,34,1156,1,0,29,58
6.731571468436624,838.4638506741185,13,1,1,0,1,30,20
5.798706421481214,329.8725677276842,1,39,1521,1,1,53,46
6.274005107701527,530.598230981428,11,18,324,0,1,20,35
5.785282346712794,325.47392363295455,10,21,441,1,1,29,37
6.8793232608902635,971.9683681644985,16,42,1764,1,1,25,64
6.488281118014135,657.3924115336099,5,20,400,0,1,27,31
7.203939120816585,1344.7173494135181,18,27,729,1,0,50,51
7.224210993457728,1372.255469837453,12,30,900,0,1,25,48
6.687507850944926,802.3202568748025,6,45,2025,0,1,50,57
7.234789190737396,1386.8485068500136,10,43,1849,0,1,53,59
7.0262039512284185,1125.749090446982,6,23,529,0,1,59,35
6.572090565251987,714.8627493038954,12,29,841,0,0,48,47
6.636666226228278,762.5485863297565,12,24,576,1,0,22,42
5.994703139750194,401.297537019708,0,30,900,0,0,41,36
7.290218352117491,1465.8907426090761,18,1,1,0,1,31,25
7.515362489197965,1836.0328977749148,18,21,441,1,1,57,45
5.8671096981997595,353.22657204827595,14,5,25,1,1,38,25
7.247497575312192,1404.5855770615321,13,29,841,0,1,26,48
6.098766421156578,445.30810846534143,2,12,144,0,1,42,20
5.796088651354039,329.01016645074543,3,11,121,0,1,32,20
6.250594381096323,518.3208132211972,6,49,2401,0,0,23,61
5.881096779249272,358.20189474784814,0,33,1089,1,0,40,39
7.715055888637925,2241.848188123075,18,10,100,0,1,33,34
6.778044592898148,878.3495129012663,2,45,2025,1,1,55,53
6.454021780851324,635.2520065362488,14,14,196,1,0,26,34
6.568256978272272,712.1275070203311,12,13,169,1,1,32,31
7.2229338708578394,1370.5040499910901,13,7,49,0,1,54,26
6.263580735587466,525.0958070636522,6,35,1225,1,1,52,47
6.101825915264914,446.6726122809075,0,32,1024,1,1,30,38
6.470522094893921,645.8208187123022,12,11,121,1,1,58,29
6.036889381931279,418.58893735163525,3,45,2025,1,1,44,54
7.020134745868316,1118.937379777808,11,32,1024,0,1,58,49
5.688400687960733,295.42077262719914,6,16,256,1,0,43,28
6.295486785791809,542.1196783299373,1,30,900,1,1,41,37
7.462363027511334,1741.2578398518058,16,30,900,0,1,41,52
5.753073398772576,315.15777888466306,0,58,3364,1,1,34,64
6.900994230062017,993.2617555481451,13,44,1936,1,1,37,63
5.5659451249323695,261.3721163135137,0,22,484,1,1,51,28
5.599027959424728,270.1636697020611,2,17,289,1,1,55,25
6.975184747297912,1069.7548053288474,10,5,25,0,1,29,21
5.895260159701033,363.3113425752189,6,32,1024,1,1,28,44
6.331346814412893,561.9128768135583,8,47,2209,1,0,44,61
5.682890648006688,293.7974687085229,2,49,2401,1,1,23,57
5.988123312200407,398.6657363224507,0,49,2401,1,1,57,55
7.778819243522932,2389.4517935297986,18,40,1600,0,0,55,64
5.790781693960964,327.26874841823053,1,40,1600,0,0,56,47
5.927692953664722,375.2877081969567,4,51,2601,1,0,58,61
6.976295127063025,1070.9432991359422,16,22,484,1,0,26,44
7.438466120079926,1700.1404088586573,18,14,196,0,1,45,38
6.59630034097352,732.3806122906407,4,27,729,1,1,39,37
6.296886271209964,542.8788980492031,13,2,4,1,0,40,21
6.137432220145111,462.863512006895,9,13,169,1,0,24,28
6.397406955789931,600.286448699897,6,18,324,1,1,49,30
7.421917341283064,1672.2366844020967,7,13,169,0,0,57,26
5.971594094657298,392.130265547282,7,8,64,1,1,55,21
5.783346153350978,324.84435286462366,6,17,289,1,1,57,29
6.112670191059336,451.54281244800416,12,8,64,1,1,42,26
6.470090602243272,645.542211888113,13,11,121,1,1,42,30
7.971543255488795,2897.325228867615,18,19,361,0,0,25,43
6.656161809529238,777.5607760327355,10,39,1521,1,0,42,55
6.156469683886441,471.7596708032471,1,52,2704,1,1,34,59
5.668874030326455,289.7081480867524,16,8,64,1,1,20,30
6.2227148032743465,504.0698265789088,5,45,2025,1,1,55,56
6.883144157101199,975.6892624681872,8,31,961,1,1,58,45
7.049141068089095,1151.868940767567,18,12,144,1,1,47,36
5.478038866070467,239.37679678794223,4,31,961,1,1,29,41
6.946677930381089,1039.6900619681287,8,22,484,0,1,52,36
6.218126423043548,501.76226059523793,6,18,324,0,1,43,30
5.947963348900334,382.9725627554582,3,21,441,0,0,25,30
6.666822086883439,785.894128571921,17,22,484,0,0,33,45
6.628241570870603,756.1513623369118,17,0,0,1,1,51,19
7.439150454900119,1701.304272330386,16,5,25,0,1,38,27
5.550804527240629,257.44459379945914,3,30,900,1,0,25,39
6.880345136967697,972.9621070404658,15,9,81,1,0,39,30
5.871212131252336,354.6786368753505,4,16,256,0,1,44,26
6.590688150826938,728.2818652666965,8,36,1296,0,1,39,50
6.458969707396721,638.4029757560359,1,24,576,0,1,57,31
5.596061537882603,269.3634378716414,1,30,900,1,1,30,37
6.269573013017361,528.2517730852968,3,23,529,0,1,51,32
6.658463365620563,779.3524367861567,16,27,729,1,1,48,49
6.406516725167051,605.7799038718075,18,26,676,1,0,49,50
6.196355974628372,490.9567187031409,2,26,676,1,1,48,34
6.074464965321342,434.6169051818534,4,31,961,0,0,41,41
7.116874117980742,1232.5914697627904,9,32,1024,0,1,30,47
5.959768907578889,387.5205608248377,5,19,361,0,1,39,30
5.814055229982814,334.9747748326081,2,56,3136,0,1,33,64
6.339209643751339,566.34851735689,16,11,121,1,0,46,33
6.253723982898524,519.9454919450402,9,4,16,0,1,57,19
7.109578550286607,1223.631738160474,11,17,289,0,1,23,34
5.528176625801509,251.68457721781266,0,43,1849,0,1,26,49
7.186741837651485,1321.789577139376,17,37,1369,1,1,49,60
6.989473291296348,1085.1497678097776,18,1,1,0,1,29,25
5.530381935257655,252.24023206616576,3,11,121,0,1,26,20
6.643326517529378,767.6443327868134,14,9,81,1,1,24,29
6.075371194195011,435.01094608897034,8,23,529,0,1,23,37
6.766508870196265,868.2753346648229,5,22,484,0,0,55,33
6.487375488581764,656.7973271207592,11,14,196,0,1,34,31
7.146884479296222,1270.1426288098,17,10,100,1,1,58,33
8.206148586138346,3663.405968460942,14,40,1600,0,1,57,60
7.8690618483887755,2615.1110663502845,18,26,676,0,0,55,50
5.768216913132391,319.9666952816099,8,33,1089,1,1,21,47
5.844905822893982,345.4700048837135,12,11,121,0,1,34,29
7.142077160185035,1264.0513010855175,15,11,121,1,1,39,32
6.944161084906617,1037.0766129440622,12,17,289,0,0,53,35
6.506945353397446,669.7773564791682,0,39,1521,0,1,32,45
7.044463356869711,1146.4934128854366,17,17,289,1,0,44,40
5.645243419411778,282.94242151867934,2,23,529,1,0,33,31
7.66727864296229,2137.2572838799847,16,25,625,0,1,28,47
6.20125815611684,493.36938647721263,4,40,1600,1,1,54,50
6.528892245452852,684.6393788841557,5,51,2601,1,0,41,62
6.780183382076843,880.2301277370084,16,10,100,0,1,24,32
6.550624125580309,699.6807262092327,16,2,4,1,1,56,24
6.148684355952488,468.1011270206662,0,26,676,0,1,33,32
6.363214363572023,580.1080408798402,6,47,2209,0,1,36,59
7.4025557609918,1640.1709627950722,15,42,1764,0,1,24,63
5.730449983516768,308.10788065613315,4,45,2025,1,0,32,55
7.384892879512436,1611.4551658847488,15,42,1764,0,0,50,63
6.2904621528932925,539.4025579420904,3,52,2704,1,1,29,61
6.737805366487315,843.7070747205465,10,12,144,0,1,42,28
6.94145217930634,1034.271071987774,13,27,729,0,0,48,46
6.575089994967182,717.0101487533659,12,30,900,1,1,35,48
6.368669251705571,583.2811118537096,7,29,841,1,0,36,42
7.395717890937706,1628.993943936049,14,21,441,0,1,26,41
6.349718839705862,572.3317694211848,17,13,169,0,0,33,36
6.025843757554608,413.99080256609443,6,7,49,1,1,28,19
6.8755021163491365,968.2614234366132,18,15,225,0,1,26,39
6.129273612756484,459.1025532923505,8,23,529,1,1,33,37
6.538931163013383,691.5470318341205,10,34,1156,1,1,35,50
5.867174860856234,353.2495899799946,9,10,100,1,0,29,25
6.269746627901933,528.343493417683,13,23,529,1,0,24,42
6.640167014618228,765.2227857395346,15,42,1764,1,0,26,63
6.249359741582636,517.681268749106,7,13,169,0,1,41,26
6.035519757822133,418.01602028129247,0,45,2025,0,0,43,51
7.095141494701203,1206.0930071875614,11,23,529,0,1,59,40
5.943290225300395,381.1870598215948,2,14,196,0,0,41,22
5.966175988160362,390.01140729112666,1,35,1225,1,1,54,42
6.3775785643848115,588.5009637781058,15,4,16,0,1,22,25
5.288791933234268,198.10395798438526,3,24,576,1,0,26,33
5.415304845524797,224.82107093063007,1,55,3025,1,0,38,62
5.736503661419364,309.97872355162735,11,15,225,1,0,27,32
6.794078204984961,892.5461357054644,16,0,0,1,1,42,18
6.389113311794896,595.3284748536377,9,24,576,1,0,39,39
5.8151582720621375,335.34446996191843,7,7,49,0,0,52,20
6.065487315698232,430.73252925930717,17,32,1024,1,0,25,55
7.389801533867693,1619.3846880230203,17,8,64,0,1,34,31
6.8661721365135024,959.2695759851899,17,30,900,1,0,24,53
5.58646236888496,266.79014321432487,1,28,784,0,1,33,35
6.597820635697752,733.4948934749193,11,47,2209,0,1,28,64
7.102026547276031,1214.4256734581136,9,43,1849,0,1,45,58
5.34601415167585,209.77051588068522,7,22,484,1,0,51,35
6.33833485969673,565.8533013396731,18,0,0,1,1,50,20
6.193800179243094,489.7035359086679,9,12,144,0,1,25,27
6.721929040733292,830.4178773107462,10,40,1600,0,0,20,56
7.005500953118597,1102.6823088134322,13,45,2025,0,1,38,64
6.891845202931243,984.2158206494297,14,0,0,0,1,34,18
6.493083645505408,660.5571499514851,9,29,841,0,0,53,44
6.442854806462203,628.1976250049697,3,35,1225,0,1,38,44
6.0749433599236395,434.8248733048071,6,16,256,1,1,30,28
6.198260330881715,491.8925660110339,10,6,36,0,1,37,22
5.731002503814664,308.2781635521837,2,16,256,1,1,43,24
6.346564798401407,570.5294551615026,4,26,676,0,1,28,36
5.612293430265872,273.7713941617072,1,39,1521,1,0,30,46
6.19511344876926,490.34707111432914,11,15,225,1,0,23,32
6.6425604501977125,767.0564907331726,4,42,1764,0,1,37,52
6.400161029805723,601.9419606651257,6,52,2704,0,1,42,64
5.516228809137841,248.69538872904397,3,45,2025,0,1,56,54
6.04011261075125,419.94032201924784,10,13,169,0,1,20,29
6.038439788794857,419.23842386719804,8,33,1089,0,0,44,47
5.637324277143445,280.7106089132873,3,28,784,0,1,28,37
6.6801666953974035,796.451865811159,8,40,1600,0,0,58,54
6.2142520139629065,499.82198946563074,11,3,9,0,0,20,20
6.211514394862406,498.4555385049565,15,5,25,0,0,36,26
5.987574146015188,398.4468626853579,0,52,2704,0,1,22,58
6.942229473504592,1035.0753174186104,7,43,1849,0,1,42,56
6.335522883983906,564.2643706635199,0,37,1369,1,1,20,43
6.720738456557724,829.4297832482068,18,0,0,1,0,43,19
6.35455926514858,575.1088142967894,3,31,961,1,1,32,40
7.127877500278611,1246.229037008254,13,21,441,0,1,39,40
6.4897135141775575,658.3347326291967,13,19,361,0,0,39,38
6.419292023647202,613.5685682824477,8,19,361,0,1,31,33
6.818760844620174,914.8506652879435,8,12,144,0,1,36,26
6.603257602482192,737.4937417993631,16,8,64,1,1,40,30
7.504431839780214,1816.0731510773342,14,25,625,0,1,59,45
6.618671585024429,748.9495202300492,9,29,841,1,0,43,44
6.909933576163861,1002.1806713946308,16,12,144,1,1,49,34
6.375418441502116,587.2311014029259,8,41,1681,1,1,42,55
5.8711788032079415,354.6668163269739,3,44,1936,0,0,42,53
7.268591802996417,1434.5289306780633,13,0,0,0,1,36,18
6.102161778804847,446.82265852177943,2,27,729,0,1,21,35
6.329381166270471,560.8094386519194,11,9,81,0,1,43,26
5.502572754482057,245.32227504058795,0,24,576,1,0,52,30
5.659474883568031,286.99789566872823,0,51,2601,0,0,34,57
7.049057879810537,1151.7731227587828,12,44,1936,1,1,51,62
7.049641244021986,1152.4452219985706,13,13,169,0,1,53,32
6.598683198146181,734.127851569843,15,39,1521,0,0,41,60
5.9505366337190795,383.95932930837427,6,49,2401,0,1,50,61
6.066335939362094,431.09821421894094,9,48,2304,0,1,34,63
6.496738011229547,662.9754834052645,14,1,1,1,1,39,21
6.240628926548779,513.1811627276296,7,37,1369,1,0,42,50
6.191631705928527,488.6427773879388,10,25,625,1,0,50,41
7.4257491481427556,1678.65666460727,13,34,1156,0,0,21,53
6.7451479216651125,849.9248396768185,12,40,1600,0,0,32,58
5.749573582792496,314.05671254255225,12,9,81,1,0,51,27
6.629966342588212,757.4566761815109,8,39,1521,0,1,35,53
6.894807462320624,987.1356457098083,16,15,225,1,1,34,37
7.1632340091742535,1291.0795517118422,17,35,1225,0,0,44,58
7.422061911747832,1672.4784579129969,18,38,1444,0,1,31,62
7.139621733464016,1260.9513231858898,12,43,1849,0,0,47,61
6.1293400575349715,459.1330592732773,11,11,121,1,0,31,28
6.712010371563871,822.2219506487041,7,16,256,0,1,40,29
6.934838381587887,1027.4531832525838,10,19,361,0,1,31,35
5.974526502545006,393.2818390473896,6,35,1225,0,1,35,47
5.78514783302893,325.43014588090426,0,55,3025,1,1,29,61
6.690403759699221,804.6470706244772,9,39,1521,0,0,29,54
6.569645645416812,713.1171020420724,14,17,289,1,1,21,37
6.060182381589364,428.4535717772744,3,33,1089,1,0,46,42
5.608434627444736,272.7169999915276,0,23,529,1,1,49,29
7.294063666161129,1471.5384044256527,10,22,484,0,0,52,38
6.304354975935728,546.9486793196766,4,32,1024,1,1,35,42
7.254599728232252,1414.5966666834381,18,4,16,0,1,29,28
7.054529293808697,1158.0922217845493,18,2,4,1,1,34,26
6.453188455440095,634.7228554048319,3,33,1089,1,1,45,42
6.128838238289612,458.9027152683144,1,45,2025,0,0,34,52
5.0533703588017485,156.54920332366933,6,37,1369,1,0,25,49
5.454050266513413,233.7028102520585,12,13,169,1,1,36,31
6.17372961736126,479.9728872262357,11,1,1,0,1,20,18
5.817517756786785,336.13664431041184,1,27,729,1,0,42,34
6.776345691311185,876.8585503777987,8,28,784,0,0,53,42
7.162417167545271,1290.0253747940858,15,4,16,0,1,54,25
6.494489948660878,661.4867470502924,7,9,81,0,1,44,22
6.316436822068991,553.5969096836235,17,0,0,1,1,20,22
6.026418403119989,414.22876891150173,3,49,2401,0,1,44,58
6.299199954245548,544.1364019177153,10,36,1296,1,1,57,52
6.691800900577646,805.7720616420223,16,14,196,1,1,35,36
6.013249606570091,408.8096345813597,7,27,729,1,1,31,40
6.360615580223364,578.6024229974903,18,2,4,1,1,29,26
6.147319504378834,467.46267425656293,7,34,1156,0,1,46,47
6.307808596098591,548.8408979280105,5,22,484,1,1,58,33
6.046840229425726,422.7750451481352,1,43,1849,0,1,26,50
5.6131443549086235,274.0044521308018,14,0,0,1,1,25,19
6.047215854284037,422.9338797938194,0,25,625,0,1,30,31
5.932143417370022,376.96163463285455,5,52,2704,0,1,43,63
6.756378779082768,859.5240270221802,18,0,0,1,0,59,18
6.088731029107529,440.8616154812344,3,34,1156,0,1,44,43
7.363855633525343,1577.9086871266752,12,24,576,0,0,56,42
6.5426900793188265,694.1513909655519,14,13,169,0,1,22,33
6.035894267112795,418.1726004830734,8,18,324,0,1,23,32
6.016974035963023,410.3350560995705,2,35,1225,0,1,23,43
5.629667213768484,278.56939814578675,1,57,3249,1,1,20,64
7.364960794691996,1579.6534945012984,15,40,1600,1,1,49,61
7.349516481571022,1555.4442600191653,17,10,100,0,1,34,33
6.945377975548179,1038.3393899438638,17,8,64,0,1,50,31
6.514913728026008,675.1357137198909,5,35,1225,1,1,56,46
6.535144488512455,688.9333200834475,17,18,324,0,0,24,41
6.86071225070834,954.0463457398025,10,48,2304,1,1,40,64
6.87994390513119,972.571801974052,6,20,400,0,0,54,32
6.852087218664326,945.8530499480446,13,17,289,0,1,23,36
6.7291360486699485,836.424323798659,17,2,4,0,1,26,25
6.7271807503106595,834.7904625543183,6,39,1521,1,0,48,51
6.716604596126528,826.0081135120321,9,4,16,1,1,55,19
5.900687872394558,365.2886534443611,7,31,961,0,0,54,44
7.122696194789012,1239.7886428903932,13,8,64,0,1,51,27
6.850295269867672,944.1596474118353,17,29,841,1,1,30,52
5.755822766176039,316.02545564340943,4,30,900,1,1,52,40
7.273240843973539,1441.2136411661027,13,6,36,0,1,36,25
6.065665895186034,430.8094561223373,9,30,900,1,1,31,45
6.820533699441762,916.4740012452407,14,20,400,1,1,20,40
5.987725562978989,398.5071988673873,5,10,100,0,1,42,21
5.973231491258542,392.77286426223907,8,17,289,0,1,26,31
6.419771468773529,613.8628112732258,9,44,1936,1,1,33,59
6.785581026133245,884.9941423152902,16,24,576,0,0,59,46
6.174284955605266,480.2395085522559,0,12,144,1,1,26,18
6.574180476504974,716.3583112595368,13,2,4,0,0,33,21
6.020096103744165,411.6181518714496,3,40,1600,1,1,53,49
5.8374556545338185,342.9057590761312,1,43,1849,0,1,21,50
5.880979928823109,358.1600411491477,2,35,1225,0,1,39,43
6.314878530804516,552.7349162480731,6,22,484,0,0,36,34
6.316374142154028,553.5622113638559,13,37,1369,0,0,29,56
6.179071841283344,482.54387113768905,11,23,529,0,1,24,40
7.759075562812176,2342.73788990731,18,25,625,0,1,52,49
7.490505953263136,1790.9580036959246,17,9,81,1,1,56,32
6.203508137593698,494.4807082158674,14,10,100,1,0,55,30
5.268059195748013,194.0390050374193,0,13,169,1,1,30,19
5.826730178097342,339.2475843390672,2,28,784,0,0,40,36
6.741020821639404,846.4243432671976,14,21,441,0,1,23,41
5.886933154805298,360.29860818225393,3,53,2809,0,0,44,62
7.066778147165685,1172.3647562266044,14,21,441,1,1,54,41
6.435750086075068,623.7502738321355,9,13,169,0,0,54,28
5.765537423632719,319.11049548281227,5,28,784,1,1,54,39
6.945601466766445,1038.5714756126847,12,14,196,0,1,58,32
6.371665164773482,585.0311915933731,6,15,225,1,1,52,27
5.548216060178672,256.77906866466924,0,52,2704,0,1,32,58
6.844200902722441,938.4230899756391,10,28,784,0,1,23,44
6.75842017482029,861.280447872299,13,7,49,1,0,59,26
6.3064716545512125,548.107620012748,5,34,1156,1,0,57,45
5.6251548886138885,277.31523416907316,4,8,64,1,1,49,18
7.866802456245988,2609.2091748088355,18,10,100,0,1,46,34
7.84632919576899,2556.3332736998054,18,24,576,0,0,54,48
6.855678001741043,949.2555081616838,12,43,1849,1,1,47,61
5.865565813093114,352.68165155997076,6,15,225,0,0,27,27
7.058696451295189,1162.928243690847,7,41,1681,0,1,45,54
6.800918887698331,898.6726916485699,13,27,729,1,0,53,46
7.308977479482997,1493.6491212125175,18,11,121,1,1,48,35
6.803019449541367,900.5623932367134,18,40,1600,1,1,21,64
6.318995296275744,555.0150865088103,11,38,1444,1,1,25,55
5.8524102985375475,348.0723284448931,8,42,1764,0,0,35,56
7.104730804847908,1217.714237839501,13,4,16,0,1,26,23
6.298647301463834,543.8357665027147,5,46,2116,1,0,30,57
6.267770764801623,527.3005896615693,14,9,81,1,1,35,29
6.147875245503525,467.72253468978187,12,13,169,1,0,25,31
6.6523992171935005,774.640628922899,6,49,2401,1,1,56,61
6.7233390360379115,831.589588478127,10,11,121,0,1,28,27
6.416307747747748,611.7402398665831,9,22,484,0,0,22,37
5.736863378949412,310.090248389948,0,26,676,0,0,48,32
5.821062511035612,337.33028043201,6,36,1296,1,0,27,48
6.985443334618745,1080.7854611467435,17,1,1,0,0,59,24
5.753755039134005,315.37267638005164,2,50,2500,1,1,36,58
7.384181891702724,1610.3098481076431,8,13,169,0,1,57,27
6.025358742171278,413.7900593440032,4,17,289,0,1,25,27
6.910236376835932,1002.4841783241973,12,38,1444,0,1,30,56
6.6301120673301455,757.5670644031259,15,24,576,1,1,29,45
6.453200372583409,634.7304195331357,15,26,676,0,0,21,47
7.044427994461137,1146.4528708337793,11,37,1369,1,1,48,54
6.16140306063912,474.0927893404243,17,0,0,0,1,25,20
6.862306667652163,955.568706715202,10,44,1936,0,1,28,60
6.44614377108711,630.2671461965059,16,10,100,0,1,21,32
6.221069258737682,503.2410393198745,6,26,676,1,1,23,38
7.854895769154616,2578.326358475552,14,34,1156,0,1,59,54
6.203636543121336,494.5442063487812,5,18,324,1,0,49,29
5.731478013657252,308.42478771106045,5,10,100,0,1,23,21
6.691872897073625,805.8300764954265,17,41,1681,0,0,20,64
6.9363457803007895,1029.003132761044,18,2,4,0,1,30,26
7.024239466844685,1123.539744761871,18,32,1024,0,1,26,56
5.533109096697297,252.92907076081488,1,52,2704,1,1,37,59
5.494486692595306,243.3465824934575,2,37,1369,1,0,27,45
6.789601071470516,888.5590195737898,13,21,441,1,0,49,40
6.8748445632079775,967.624949376861,3,53,2809,0,1,34,62
7.356148505891257,1565.7942870598547,16,35,1225,0,1,29,57
5.953943400474218,385.2696198466343,5,50,2500,0,1,21,61
7.737783645241036,2293.383794059969,18,15,225,0,1,34,39
6.865593810588111,958.7149659081093,8,27,729,0,0,41,41
6.532470025437515,687.0932550475795,3,34,1156,1,1,53,43
6.459624099894741,638.8208785954125,6,35,1225,1,1,22,47
6.3021422583822515,545.7397743519617,3,41,1681,1,0,23,50
5.944133359007402,381.5085870065618,10,17,289,0,1,44,33
5.695748139216944,297.5993560710795,1,32,1024,0,0,24,39
6.067052775228666,431.4073516680759,9,45,2025,0,0,31,60
6.654865115637025,776.5531711423665,5,24,576,0,1,43,35
6.212004000152538,498.69964472647644,7,11,121,1,1,38,24
7.454000020883825,1726.7564112874343,14,23,529,0,1,51,43
5.8653439538286865,352.6034145473026,12,7,49,1,0,31,25
5.869787817174532,354.1738226920684,1,16,256,1,0,56,23
6.297344988065033,543.1279828753362,0,41,1681,0,1,46,47
6.685550901036262,800.7516916237925,14,36,1296,1,1,37,56
5.95151130273977,384.3337450079073,6,28,784,1,1,44,40
8.018980359273788,3038.0780050481267,17,26,676,0,1,42,49
6.529834454167088,685.2847560653069,9,24,576,1,1,22,39
5.4963372019601,243.79731453656234,14,39,1521,0,0,21,59
5.552552311644121,257.8949448889277,4,50,2500,1,1,30,60
6.689826285406724,804.1825417663048,10,46,2116,0,0,56,62
6.566347213676182,710.7688089292311,7,13,169,0,0,49,26
5.871869509146897,354.9118714241245,7,35,1225,0,1,32,48
5.569308234719847,262.2526192201218,5,13,169,1,0,59,24
6.602355611409282,736.8288289457421,14,6,36,0,1,25,26
6.693327728839532,807.0032768863066,14,10,100,0,0,31,30
6.091835177301792,442.2322414813795,4,10,100,0,1,58,20
6.818311499602762,914.4396740451695,12,34,1156,0,0,27,52
6.233898397803709,509.73877968446567,13,31,961,1,0,28,50
5.767890821168493,319.8623737236988,10,22,484,1,1,23,38
6.948445518008872,1041.5294304019308,11,31,961,1,1,56,48
6.257872287089598,522.1068639231398,0,45,2025,1,1,55,51
6.485579862320819,655.6190228057463,2,41,1681,1,1,51,49
5.82691898110302,339.31164134954736,7,39,1521,1,1,31,52
6.40633404640572,605.669250856615,11,15,225,1,0,37,32
7.265223463248355,1429.7050786082843,14,29,841,0,0,50,49
6.91562207469426,1007.8978202507185,2,15,225,0,1,59,23
6.151865091257624,469.5924032219065,7,49,2401,1,1,58,62
7.068403278835168,1174.271552297813,18,14,196,1,1,48,38
6.226655145094293,506.05995230963373,5,39,1521,1,0,59,50
6.99391826268068,1089.983963446634,17,26,676,0,1,48,49
7.030382195440377,1130.462585277267,10,20,400,1,1,46,36
6.219093914773711,502.2479463434592,11,33,1089,1,1,30,50
5.784657622301886,325.2706556276004,1,38,1444,0,0,52,45
6.556133357759813,703.5460675362397,4,38,1444,0,1,58,48
5.980647408023094,395.69646231208384,3,29,841,0,1,37,38
6.640691783253399,765.6244560391788,8,37,1369,1,1,39,51
6.606134731387644,739.618661729943,12,14,196,1,1,47,32
5.813923764157304,334.93073999191137,12,13,169,1,1,41,31
6.59201627280894,729.249755016605,14,16,256,0,1,51,36
5.987527628333656,398.4283282921841,1,53,2809,1,1,40,60
6.811800995872755,908.5055491681337,12,14,196,0,1,56,32
6.355975355878037,575.9237974660084,6,11,121,0,1,46,23
7.299838456026672,1480.0608133667763,16,4,16,0,1,57,26
6.030718496154008,416.01382636114624,7,41,1681,1,1,45,54
6.873115632756402,965.9534385155669,17,14,196,0,1,42,37
7.623989227082564,2046.7106594402162,14,31,961,0,1,53,51
7.009205209400873,1106.7745012687592,14,35,1225,0,1,31,55
6.704661309660741,816.2015399170438,4,33,1089,0,1,30,43
6.330711804630522,561.5561699081155,1,28,784,1,1,55,35
7.536775937009249,1875.7726565396626,15,24,576,0,1,51,45
6.886623529881737,979.0899618499654,4,16,256,1,1,58,26
6.228820568932761,507.1569739237696,5,38,1444,1,1,56,49
6.385484945058135,593.1723188458914,11,6,36,0,1,35,23
6.41734392524954,612.3744398552104,4,21,441,1,1,50,31
6.461828168828441,640.2304366590657,7,32,1024,0,1,25,45
5.974170702566324,393.14193426797544,10,25,625,1,0,32,41
6.853573658396643,947.2600489529689,13,11,121,0,1,55,30
6.4241318357725286,616.545322534033,16,38,1444,1,1,30,60
6.224179757760591,504.8088070869812,9,14,196,1,1,30,29
6.365134295326722,581.2228785923903,1,29,841,0,1,39,36
6.296421332819682,542.6265514755768,2,30,900,0,1,48,38
7.0770633235472475,1184.484956884413,12,26,676,0,0,38,44
7.307736169006358,1491.79618917983,16,14,196,0,1,49,36
5.743343943055937,312.10633375275694,2,33,1089,1,1,25,41
6.336300206733062,564.7031567124701,9,28,784,1,0,36,43
6.178422309204959,482.2305451828022,7,49,2401,1,1,37,62
6.482845722731402,653.8289171943931,3,36,1296,0,1,55,45
6.980589103009224,1075.5517911981729,12,45,2025,0,1,37,63
5.940741019607621,380.21657310936644,6,23,529,0,1,31,35
6.158944394722769,472.9285853389056,6,49,2401,0,0,22,61
6.4993210295324,664.6901747995047,15,32,1024,1,1,37,53
5.674443227515649,291.32609103057604,4,49,2401,1,0,35,59
8.095611594237571,3280.042288851383,16,24,576,0,0,58,46
7.175218568231812,1306.6456610129828,9,19,361,0,1,47,34
5.454004514130176,233.6921180361194,3,12,144,1,1,28,21
6.431307981036786,620.9856545088516,13,42,1764,1,1,39,61
5.659801886602199,287.0917601975682,4,52,2704,1,0,37,62
6.077232688352858,435.8214705829699,1,39,1521,1,1,44,46
6.039967022429149,419.87918806268556,13,2,4,0,1,40,21
6.330077826856967,561.200268606469,17,4,16,1,0,45,27
7.311604729664847,1497.5784705695737,10,26,676,0,1,42,42
7.071860646048854,1178.3384666196932,15,27,729,0,1,29,48
6.074206185609087,434.50444969541627,17,0,0,1,1,32,20
7.085043946118326,1193.975704933116,15,43,1849,0,1,56,64
5.491136376600976,242.53265875815023,3,10,100,0,1,31,19
6.4753258408657945,648.9306412873975,0,36,1296,0,0,55,42
6.213088217572819,499.2406367922921,13,4,16,1,1,22,23
6.8552306759915,948.8309766889961,11,26,676,0,1,33,43
7.004425502859936,1101.4970662881253,9,10,100,0,1,54,25
7.79137589791793,2419.644476734216,18,28,784,0,0,53,52
6.078892126127788,436.5452895945855,3,35,1225,1,0,59,44
6.5187740781085255,677.7470109459298,2,34,1156,0,1,48,42
5.726537634091886,306.904809917567,3,26,676,1,1,49,35
6.267788482158078,527.3099321168368,14,0,0,0,0,26,18
6.308954025034017,549.4699163526216,10,40,1600,1,1,21,56
6.249331959610277,517.666886742188,15,0,0,0,1,37,20
5.770839105712368,320.80681056647177,3,12,144,1,1,45,21
6.82815031443816,923.4810821105211,5,47,2209,1,1,36,58
6.696095624607601,809.2400720210586,7,41,1681,0,1,31,54
6.396879472032649,599.9698908453944,12,14,196,1,0,51,32
5.641056602969264,281.7602699885819,3,16,256,1,1,48,25
6.845414680150262,939.562818288322,4,45,2025,0,1,29,55
6.95664360558418,1050.103075613235,9,21,441,1,1,55,36
6.017551280812225,410.5719882745108,4,54,2916,1,1,21,64
7.006887438875364,1104.2122224855143,11,26,676,0,1,56,43
5.103648434349293,164.6214234431595,0,50,2500,0,1,33,56
6.606718439383034,740.0505090804488,9,12,144,1,1,29,27
6.840871057044776,935.3034826935584,4,45,2025,1,1,59,55
6.537649925133153,690.661562950242,18,7,49,1,1,20,31
6.467597749199034,643.9349741560836,18,34,1156,1,0,40,58
6.814991124680419,911.4084267072263,11,19,361,0,1,24,36
6.865160234338855,958.2993799696924,15,26,676,0,0,28,47
6.330227460811284,561.2842495048645,4,12,144,1,1,28,22
6.924451237189152,1016.8361146461255,16,26,676,1,1,37,48
6.51873721706246,677.7220289425729,13,5,25,0,1,24,24
6.309924991025437,550.0036920517985,11,19,361,1,1,35,36
6.749713828276702,853.8143900261992,12,30,900,1,1,53,48
6.2072485351330196,496.33372599128603,13,37,1369,1,1,23,56
6.760386624908605,862.9757792310219,4,31,961,0,1,40,41
6.140997440014073,464.516667376629,4,41,1681,0,1,56,51
6.888485556161293,980.914751464855,17,17,289,1,0,59,40
6.805603777174423,902.8927514223839,13,43,1849,1,1,33,62
7.0210569407623,1119.9697340588868,17,34,1156,0,1,46,57
5.20752409818374,182.64129601113433,0,17,289,1,0,31,23
6.685543221123826,800.7455419445324,6,43,1849,0,1,46,55
7.342352301229197,1544.34059863672,16,36,1296,0,0,53,58
5.766746169134707,319.49645207351824,2,45,2025,0,0,23,53
6.099790475682044,445.7643618233274,9,29,841,0,1,21,44
5.833640568119931,341.60003627980615,6,16,256,1,1,51,28
6.008849760633671,407.0148863750024,11,5,25,1,0,21,22
7.40349138444429,1641.7062633335522,14,14,196,0,1,41,34
6.84172910342617,936.1063608664847,15,3,9,1,1,38,24
6.4112071772003,608.6279595664221,7,31,961,1,1,45,44
6.555408409556755,703.0362179084256,5,53,2809,0,1,39,64
5.44430851528367,231.4371890893484,3,23,529,1,0,55,32
6.0427052707694155,421.03049711818926,10,47,2209,1,1,37,63
6.454055783937151,635.2736074319954,16,8,64,1,1,33,30
5.813651822309123,334.8396706908038,1,21,441,1,1,39,28
6.26209765668749,524.3176257465119,5,51,2601,0,1,43,62
6.331408883700313,561.9477554278484,3,34,1156,0,1,50,43
5.545191764293014,256.00366589849096,2,31,961,1,0,55,39
5.805273801579333,332.0460956437809,6,33,1089,1,0,34,45
5.914361975982095,370.31795556486577,6,29,841,0,1,26,41
7.7178146896134265,2248.0415402762533,15,25,625,0,1,42,46
5.558379752268231,259.4021998214269,1,19,361,1,1,48,26
6.647202686612381,770.6256262823929,7,46,2116,0,1,23,59
6.819908314012711,915.9010309410722,14,1,1,0,1,50,21
7.251151918544902,1409.727804869988,15,42,1764,0,0,37,63
6.187158103016727,486.46166598691286,0,29,841,0,1,50,35
6.5835885548689355,723.1296691760683,9,45,2025,0,0,55,60
6.02817171707971,414.95567905918995,6,21,441,1,1,37,33
7.3088756402095445,1493.4970168164525,15,29,841,0,0,29,50
6.075757200898245,435.17889564288237,9,31,961,1,1,26,46
6.5360109312652686,689.5305000395682,11,39,1521,1,0,57,56
7.261264098804153,1424.055546812444,16,5,25,1,1,47,27
6.0263321310159945,414.19303406555485,12,8,64,1,0,37,26
6.554589808814022,702.4609474288231,11,31,961,1,0,50,48
6.240607661295064,513.1702499160345,14,25,625,0,0,28,45
6.488396842582052,657.4684923885136,13,1,1,0,1,35,20
7.419967965448404,1668.980041861115,18,7,49,0,1,59,31
7.408040070465488,1649.1908793435407,18,18,324,0,1,44,42
7.294246269651465,1471.8071370094708,13,13,169,0,1,56,32
6.3509774315506915,573.0525550110008,17,0,0,1,0,49,19
5.912890310199278,369.77337212159614,4,31,961,0,1,21,41
6.025796742746114,413.9713393253272,5,20,400,0,1,24,31
6.80306061202323,900.599463382836,17,1,1,1,1,49,24
6.69150295690964,805.5320227192144,13,34,1156,0,1,38,53
5.917432797351948,371.4568836838557,3,32,1024,1,1,33,41
6.171814126963936,479.0543837429194,0,38,1444,0,1,46,44
7.664968590354651,2132.325805298646,12,36,1296,0,1,49,54
7.039751036901253,1141.1034786037142,10,39,1521,1,1,33,55
6.314576931969917,552.5682371778605,2,39,1521,1,1,50,47
7.274674439696259,1443.2812405743273,16,22,484,0,0,55,44
7.494658874386577,1798.4111765281984,17,33,1089,1,0,58,56
6.813081045725982,909.6692261864073,9,17,289,1,1,49,32
7.601062338004763,2000.3197824878457,15,22,484,0,1,57,43
6.325479859641107,558.6258113405518,12,0,0,1,1,30,18
5.8088805353542075,333.24585982615673,11,4,16,1,0,36,21
5.475282229028279,238.7178305255735,3,37,1369,1,1,29,46
6.190539426255793,488.1093342025798,7,5,25,1,1,35,18
6.204093063072524,494.77002718766136,11,43,1849,1,0,30,60
7.606390203006653,2011.005657421533,18,39,1521,0,0,58,63
6.6586246534246865,779.4781469668108,14,19,361,1,0,47,39
6.681549826296987,797.5542251747031,15,7,49,1,0,40,28
6.341839805618896,567.8400662786918,11,10,100,0,0,47,27
6.1020992978226,446.79474147533625,17,11,121,1,0,42,34
6.850315771926205,944.1790048266234,11,36,1296,0,1,20,53
7.420072896963992,1669.1551796549709,15,43,1849,0,0,32,64
5.693697766222797,296.98979151921594,10,27,729,1,0,27,43
6.713113055030266,823.1291012574625,13,19,361,1,1,38,38
6.0232050903972265,412.89985858391384,1,23,529,1,1,43,30
7.385454229999739,1612.3600109712402,12,8,64,0,0,59,26
7.234031737297738,1385.7984314200448,13,9,81,0,1,56,28
5.528030097446828,251.64770099258666,5,17,289,1,0,44,28
6.47341197988971,647.6898659713136,11,6,36,1,1,45,23
5.813702760937726,334.85672739884967,6,6,36,1,0,46,18
6.142115107238167,465.036132671393,3,14,196,1,1,51,23
5.637812134025772,280.84758892639223,6,18,324,0,1,22,30
5.8581205937732115,350.0656099001577,12,21,441,1,0,28,39
6.3083448188449935,549.1352778211794,10,32,1024,0,1,20,48
7.009770902474218,1107.4007730599874,7,26,676,0,0,37,39
7.3858818497127,1613.0496353342978,18,30,900,0,1,22,54
5.123269729004145,167.88340641020494,1,57,3249,1,0,33,64
7.639481499880959,2078.6657486682225,17,21,441,0,1,51,44
6.533416587362889,687.7439392698604,9,16,256,0,1,23,31
6.481954109613553,653.2462145662498,5,53,2809,0,0,56,64
5.48583803873939,241.25103702024984,3,13,169,1,1,40,22
7.067197197623425,1172.8561391642713,18,29,841,1,0,46,53
6.603577141910554,737.7294377831124,13,30,900,0,0,24,49
6.696895956505846,809.8879919049258,13,32,1024,0,1,22,51
7.431914934860025,1689.038877937653,17,1,1,0,1,41,24
7.889277378770028,2668.5148982664896,16,37,1369,0,1,39,59
6.932066583957221,1024.6092342000527,17,4,16,0,1,21,27
6.817025961012684,913.2648818380337,17,11,121,0,1,20,34
6.230755682842999,508.13933061818614,4,37,1369,1,1,42,47
5.295899786260067,199.5170679411349,8,24,576,0,0,44,38
6.414024122447624,610.3448482599156,0,24,576,1,1,45,30
6.120128687749718,454.92323378004954,3,9,81,1,1,22,18
6.846046969581974,940.1570817822202,6,6,36,0,1,50,18
6.624298387991454,753.1755900937592,10,48,2304,0,1,46,64
6.466860096095812,643.4601486739,13,31,961,1,0,32,50
7.415125301626884,1660.9172709948714,9,40,1600,0,1,52,55
6.785877446321109,885.2565113290287,18,18,324,0,0,44,42
6.66764994733868,786.545008624727,7,30,900,0,1,35,43
5.98748914940169,398.4129974906047,2,22,484,1,1,57,30
5.463009272551142,235.8059621481826,7,32,1024,1,0,45,45
7.412115344927658,1655.9254982068733,17,27,729,0,0,37,50
6.178714349493067,482.37139649627983,4,44,1936,0,0,36,54
6.979640577027436,1074.532086064322,10,42,1764,0,1,44,58
6.412940499072578,609.683822531651,8,33,1089,0,1,45,47
7.4308937389182175,1687.3149186898602,18,1,1,0,1,37,25
6.49813225443692,663.90047715294,11,47,2209,1,1,20,64
6.055077941161712,426.2721283047623,4,8,64,0,1,26,18
7.223492697742696,1371.2701385355306,15,8,64,0,0,49,29
6.990010948710765,1085.7333635014097,12,4,16,0,1,52,22
6.304043330338597,546.7782517297937,5,30,900,0,1,44,41
6.657745902717318,778.7934808632554,15,2,4,1,1,44,23
7.4927801862157555,1795.0356944565065,17,19,361,0,1,46,42
7.052018896903333,1155.188596805346,16,0,0,0,1,54,18
6.908455623474582,1000.7005897909103,11,25,625,0,0,37,42
5.352857521361653,211.210976249853,0,12,144,0,0,49,18
5.336547526043503,207.7940668499305,6,37,1369,1,1,33,49
7.214373777855463,1358.8224768699042,13,40,1600,0,1,54,59
6.8757502733636,968.5017341168308,17,36,1296,0,0,53,59
5.713034641638032,302.78853017587016,0,14,196,0,1,39,20
5.761511708900718,317.8284300064183,9,21,441,1,1,34,36
6.717475463025944,826.7277699537431,14,40,1600,1,1,26,60
6.440325054547266,626.6104492870069,10,30,900,1,1,32,46
5.962238959083716,388.47893970458335,3,10,100,0,0,55,19
6.682474467760338,798.2920179248893,14,6,36,1,0,59,26
7.663924209539996,2130.100007629501,15,13,169,0,1,53,34
6.930954082124539,1023.4699883732571,14,43,1849,0,1,32,63
6.871580821829407,964.4720197628171,16,31,961,1,1,23,53
6.763972081693595,866.075495222114,10,18,324,0,1,32,34
6.290419895083454,539.3797644529752,17,6,36,0,0,32,29
7.508825163854277,1824.0693009497547,15,16,256,0,1,42,37
6.465241219127718,642.4193085826677,14,0,0,0,1,48,20
6.766652338332282,868.3999134449655,10,44,1936,0,1,52,60
6.164016453531754,475.33340046258377,12,3,9,1,1,42,21
6.6581874785099275,779.1374531511752,17,11,121,0,1,22,34
6.200770855884292,493.1290260290578,7,41,1681,1,1,51,54
6.098643606940159,445.2534216571624,8,49,2401,1,0,22,63
6.369193220384298,583.5868129691246,10,43,1849,0,1,31,59
7.03299549677996,1133.4206881893801,16,10,100,0,0,23,32
5.44797641472399,232.28763614936986,0,44,1936,1,0,52,50
6.620618094208478,750.4087771172844,10,17,289,1,0,51,33
6.506732205422847,669.6346100058036,6,16,256,0,1,36,28
6.0902447142183505,441.529446459912,7,24,576,0,1,28,37
6.389801083167085,595.7380655719306,18,31,961,1,0,24,55
6.291579071845402,540.00536346166,3,32,1024,1,1,40,41
5.967849755871791,390.6647424048221,3,24,576,1,0,22,33
7.305465918008983,1488.4132788741842,18,23,529,1,1,58,47
6.407780487578317,606.5459496918236,8,37,1369,1,0,22,51
7.467942577135061,1751.0004287310185,16,0,0,0,1,56,18
6.581337465023586,721.5036701425049,17,18,324,1,0,54,41
6.490152237332424,658.623622686799,0,35,1225,1,1,52,41
6.823901709726885,919.5658989563855,13,7,49,0,1,22,26
5.7556384588229585,315.9672151954099,3,30,900,1,1,37,39
6.202459159618805,493.9622808009472,9,14,196,0,1,22,29
7.255562573321398,1415.9593600631142,13,15,225,0,0,48,34
7.013331477789497,1111.350784900907,6,30,900,1,1,56,42
6.724096846492296,832.2200146036175,11,28,784,0,1,24,45
7.5333581806476015,1869.3726656444555,15,11,121,0,0,28,32
6.842471166802012,936.8012689137943,4,37,1369,0,1,31,47
7.078711189127372,1186.438437970109,10,28,784,0,1,35,44
6.364165118910962,580.6598439701688,3,30,900,1,1,46,39
6.841029064516259,935.4512793081051,12,9,81,0,1,28,27
5.91982172869794,372.34532947243997,7,35,1225,0,0,41,48
6.101943965457976,446.725345181526,6,32,1024,0,0,36,44
6.2201739335314725,502.79067657321644,10,13,169,0,0,20,29
6.190687766922564,488.18174603734997,10,47,2209,1,1,22,63
6.787215903841397,886.4421828724901,16,26,676,1,0,24,48
7.2384213465373906,1391.8949158217729,13,30,900,0,1,41,49
6.105301030438907,448.2275512848738,1,42,1764,0,1,20,49
6.072779230457178,433.8848734912561,7,45,2025,1,1,23,58
6.466268975902958,643.0798987844884,1,55,3025,0,1,41,62
7.153051451868989,1277.9997660384897,14,32,1024,0,0,43,52
6.0940024689593715,443.19172709606823,4,53,2809,1,1,51,63
6.2579397021176675,522.1420629584851,5,27,729,0,0,21,38
7.460769524851965,1738.4853504246628,16,5,25,0,1,55,27
6.402072417548197,603.0936054196372,7,20,400,0,1,24,33
6.343600011324175,568.8404617956938,18,0,0,0,1,26,24
6.667187253327154,786.181163140495,4,11,121,0,1,55,21
6.4981010359632165,663.879751516865,18,20,400,1,0,59,44
6.268579939189119,527.7274404683144,13,23,529,0,0,27,42
6.742022392255941,847.2725217029312,9,33,1089,1,1,55,48
6.183941944886959,484.89964155024626,12,10,100,1,1,31,28
6.258277544688823,522.3184945769209,4,27,729,1,1,47,37
6.591442672670856,728.8315772013215,6,41,1681,1,1,21,53
6.2506518968122595,518.3506256711884,9,19,361,1,0,33,34
6.597065805345501,732.9414381748115,10,46,2116,0,1,38,62
6.23455776290824,510.0749944801868,2,20,400,1,1,40,28
6.484286271622778,654.771468448792,12,29,841,0,0,49,47
5.9049239741626245,366.83933545962674,1,45,2025,1,1,56,52
6.015501605506983,409.731310861306,3,49,2401,1,1,40,58
5.641798767670643,281.9694601323869,2,47,2209,1,0,47,55
7.5341755298150455,1870.901220432757,14,19,361,0,1,52,39
5.8499230852066315,347.20767404518267,3,51,2601,1,1,26,60
6.159951487298936,473.4051081172581,3,35,1225,0,0,35,44
7.1164896319573785,1232.1176466651664,14,34,1156,1,1,56,54
6.760034985804161,862.6723765481062,5,52,2704,0,1,44,63
6.020587579113722,411.82050177568095,4,42,1764,1,1,57,52
5.632839656793151,279.45454698958383,11,4,16,1,0,57,21
6.863376519930135,956.5915711321904,6,21,441,0,1,49,33
5.902129197772092,365.81553286182105,2,25,625,0,1,36,33
6.147949237249951,467.75714357733654,6,26,676,0,1,35,38
6.4757453121333635,649.2029061457131,11,26,676,1,1,23,43
7.066253501453573,1171.7498414045353,14,33,1089,1,1,49,53
7.733976351394283,2284.6688088347387,18,12,144,0,1,39,36
6.639229327036492,764.5055821450879,5,23,529,0,1,54,34
5.907821154754003,367.9036763118285,7,49,2401,1,0,24,62
5.958587557082659,387.0630335212714,5,32,1024,0,0,33,43
6.785871234548964,885.2510123343692,2,31,961,1,1,59,39
6.678970370372915,795.4996202244716,4,35,1225,0,0,47,45
5.564568752687391,261.0126184452053,8,4,16,0,1,29,18
7.943883997810331,2818.2854929418427,15,40,1600,0,1,49,61
7.272786219445174,1440.5585790091584,15,32,1024,0,1,51,53
6.974782350383463,1069.3244258934517,8,46,2116,0,1,31,60
7.589278452257598,1976.8865809584693,17,31,961,0,1,35,54
6.958485267495007,1052.0387923708286,12,1,1,0,1,45,19
6.72021081720851,828.9922588948386,10,18,324,1,0,54,34
6.604670045596674,738.5361457517839,9,42,1764,1,1,35,57
7.0289015580757415,1128.7900186720503,9,40,1600,0,1,36,55
5.722442509338172,305.6505663282343,5,27,729,1,0,42,38
7.415265011701357,1661.1493340808934,15,5,25,1,0,41,26
6.18700728203565,486.3883028936785,11,13,169,1,1,40,30
6.276558299280376,531.9546808178046,3,19,361,1,1,53,28
5.720975485744852,305.20249847953124,4,23,529,1,0,24,33
6.459387790690076,638.6699371767935,1,26,676,0,1,57,33
6.7851784681438705,884.637952551079,18,0,0,0,1,50,19
5.864928079340666,352.4568062702377,0,53,2809,0,0,52,59
5.477935396211041,239.3520297857701,3,52,2704,1,1,22,61
5.491451366889194,242.60906622340775,11,8,64,1,0,38,25
5.831043505621567,340.71403064014356,1,53,2809,0,1,37,60
7.478902334381328,1770.2965154335925,11,42,1764,0,0,47,59
6.360734880209661,578.6714543762647,15,9,81,1,1,34,30
6.41913699698218,613.4734561661924,1,27,729,0,1,52,34
7.476335427121842,1765.758155722869,16,34,1156,0,0,47,56
6.309282241119326,549.650290816843,1,34,1156,0,1,27,41
5.902350233363759,365.8964000515022,3,11,121,1,0,59,20
6.9047312253193756,996.9805141818869,5,36,1296,0,1,49,47
6.153801491767513,470.50260316234915,6,18,324,0,0,20,30
7.258526193730146,1420.1619504859677,14,16,256,0,0,26,36
6.045806264968204,422.3381366907569,11,7,49,0,0,33,24
6.3625083065896115,579.6985961097029,4,16,256,0,0,40,26
6.9642717491001225,1058.1440424139323,13,17,289,0,1,25,36
7.106675004773457,1220.0840206894043,15,41,1681,0,1,36,62
6.596076100876804,732.2164016033059,10,41,1681,0,0,33,57
7.031712576896435,1131.9675325925186,11,22,484,1,1,26,39
7.233570870165712,1385.1599096195473,18,11,121,0,1,34,35
7.045380297865128,1147.5451618188526,16,18,324,1,1,27,40
6.181094064143135,483.5206697040756,6,7,49,0,1,29,19
6.8974052811079085,989.7033790447173,8,14,196,0,0,48,28
6.490200148575997,658.6551789195513,13,29,841,1,0,38,48
7.143195799389547,1265.4661096100324,11,33,1089,0,1,21,50
6.7258561274685755,833.6854120883885,14,11,121,0,1,27,31
7.027913055760904,1127.6747584351042,11,16,256,0,1,49,33
5.98690202982392,398.17915007465535,12,10,100,1,0,55,28
6.078269770021575,436.2736874933475,8,36,1296,1,1,37,50
5.898185450721154,364.37568998712817,6,12,144,0,0,21,24
5.645212339446418,282.93362781467454,0,42,1764,1,1,24,48
5.8867833781559,360.24464790503305,9,48,2304,0,0,32,63
6.202096601574956,493.7832232640217,5,53,2809,1,0,59,64
6.70943629968145,820.1082138667464,14,11,121,0,0,30,31
6.127288831728084,458.1922389406509,14,25,625,1,0,27,45
7.262950969287719,1426.4597713188905,8,46,2116,0,1,57,60
6.651933017989524,774.2795762461021,12,15,225,0,0,36,33
5.381344845717735,217.314333245042,0,30,900,0,0,30,36
6.675481775306508,792.7292792825543,8,20,400,1,1,45,34
5.567648701041113,261.8177630951837,2,35,1225,1,1,58,43
6.013842689473463,409.0521644994284,8,9,81,0,1,53,23
5.93933346180206,379.6817727735725,14,40,1600,1,0,22,60
6.238038511579428,511.8535308628342,6,14,196,1,1,44,26
6.306653197844213,548.2071343078069,3,25,625,1,1,43,34
7.118000370697617,1233.9804612853243,16,26,676,0,1,42,48
6.459124520167812,638.5018163404802,3,20,400,0,1,49,29
8.138705323376575,3424.481400695897,18,16,256,0,1,59,40
6.0280088838288375,414.88811597790817,4,12,144,0,1,46,22
6.095128411203842,443.6910164167272,15,39,1521,1,0,29,60
6.446340407188455,630.3910916566163,2,45,2025,1,0,28,53
6.4380759434540105,625.2027164415632,10,37,1369,1,1,21,53
6.270955389111261,528.9825206756009,14,0,0,0,1,40,20
6.694887606088766,808.2630852557371,18,17,289,1,1,30,41
5.972744932992864,392.5818038633758,13,15,225,0,1,29,34
6.395385272838549,599.0740857403091,15,35,1225,1,0,44,56
6.763924678386469,866.0344413524721,5,32,1024,0,1,59,43
5.8031877783725445,331.35416172855884,4,11,121,1,1,24,21
6.407925515882525,606.6339224014437,16,40,1600,1,1,41,62
6.5602483020950695,706.4470851108374,15,8,64,1,1,24,29
5.59863434380075,270.05734998655856,1,11,121,0,1,28,18
6.8363929119645475,931.1244222074205,10,22,484,0,1,30,38
6.598775838377919,734.1958644944558,3,27,729,0,1,24,36
6.553644408199379,701.7971542420455,5,27,729,0,1,25,38
6.158729489622494,472.8269614939827,6,23,529,1,0,52,35
6.601590138312838,736.2650221175098,16,38,1444,1,0,35,60
5.791559927487349,327.5235390608382,7,7,49,0,0,43,20
4.945888776607075,140.59575355473726,0,55,3025,1,0,33,61
6.366380347383214,581.947563959622,14,29,841,1,0,43,49
6.872120535605271,964.9926990945835,11,10,100,0,1,31,27
7.190643356802517,1326.956637626592,14,37,1369,0,1,42,57
6.23939470782739,512.5481756317414,14,12,144,1,1,58,32
5.71454771770349,303.24701903055865,8,8,64,1,1,25,22
7.196057845387066,1334.1609153324578,15,0,0,0,1,40,21
5.886718901959162,360.2214214490257,1,38,1444,0,1,28,45
6.3954763834977095,599.1286702617249,14,1,1,0,1,55,21
6.956600809048632,1050.058135801272,14,12,144,1,1,59,32
6.36256777325274,579.7330698758437,6,22,484,0,1,24,34
6.72824104576565,835.6760565002843,12,43,1849,0,0,50,61
6.500497817454171,665.4728345909027,16,0,0,1,0,54,20
5.982308159591097,396.35416181889923,10,11,121,1,0,22,27
6.212767277871657,499.0804363602263,9,49,2401,1,0,38,64
6.36993070063682,584.0173554580999,0,53,2809,0,1,38,59
6.930542973261168,1023.0493172663774,13,21,441,0,1,20,40
5.887087643678314,360.35427460799224,4,25,625,1,0,41,35
5.98063360074103,395.690998857135,7,5,25,1,1,38,18
5.976702947302712,394.13872739110695,0,46,2116,1,1,45,52
6.161625800219805,474.19840033096483,6,36,1296,1,0,34,48
5.540410202791179,254.78249051458064,1,54,2916,1,0,38,61
6.752425153741961,856.1324998795296,6,6,36,0,1,44,18
5.878711335176143,357.3484424970481,6,8,64,0,0,58,20
6.4676221554323305,643.9506903750768,8,6,36,1,1,50,20
5.987931587782494,398.58930969287235,3,45,2025,1,1,49,54
6.672946945936286,790.7223904577437,6,24,576,0,1,52,36
7.128605793330669,1247.136987544081,17,23,529,1,0,35,46
7.475020421729842,1763.4377002672295,12,24,576,0,1,59,42
6.290047555787704,539.1789695555725,10,34,1156,1,0,31,50
6.795441415336118,893.7636935417123,8,39,1521,0,1,47,53
6.84736762704258,941.39952748843,13,27,729,0,1,49,46
6.654479777681774,776.2539933772309,7,30,900,1,1,25,43
6.625368906751657,753.982310420261,13,2,4,0,1,33,21
7.094350051320606,1205.1388304988577,16,9,81,0,1,24,31
7.779532980249631,2391.1578417937453,13,25,625,0,1,55,44
5.857218601401891,349.74999575274126,4,40,1600,1,0,42,50
5.978711688375462,394.9312457567879,9,24,576,1,0,51,39
5.798637978661393,329.8499910915806,5,9,81,1,1,50,20
5.98535910288159,397.5652624497955,9,25,625,1,1,33,40
7.235832562768352,1388.296260934956,10,22,484,1,1,51,38
6.344929973843729,569.5975015951798,5,47,2209,0,1,46,58
5.8839736603509465,359.2338827510583,9,25,625,0,1,20,40
6.031348665247574,416.2760680366363,13,2,4,0,1,28,21
6.463147143182654,641.0754413330492,2,30,900,1,0,35,38
6.3369576397949725,565.0745333021058,6,42,1764,1,0,54,54
6.1980434990946,491.78591962945745,1,53,2809,0,1,29,60
5.849363204532488,347.0133335873804,6,36,1296,0,0,35,48
7.740883167659915,2300.5032162493803,16,16,256,0,1,49,38
6.736234313687957,842.3826070357223,12,25,625,0,1,52,43
6.039380892181243,419.63315628047417,8,44,1936,1,0,34,58
6.826944257091871,922.3679823332881,12,34,1156,1,0,58,52
6.719627094634535,828.5084986043078,14,35,1225,1,1,27,55
6.661670868109565,781.8562249737835,12,23,529,0,0,23,41
5.893493837994024,362.6701842770308,16,6,36,1,0,21,28
6.159499065782868,473.1909779027402,7,45,2025,0,0,26,58
6.5683001896029065,712.1582796623495,8,32,1024,0,1,57,46
6.7800715377521605,880.1316844980678,8,50,2500,1,0,53,64
6.083497162257707,438.56023230671076,7,7,49,0,0,44,20
6.23904732528273,512.37015626443,15,0,0,0,1,26,18
7.186072509935994,1320.9051627558977,6,24,576,0,1,44,36
6.601765346243788,736.3940328901907,16,41,1681,1,1,21,63
6.60114263890675,735.9356176670336,6,27,729,1,1,45,39
6.130914466020701,459.85649159743633,5,20,400,1,1,55,31
6.08580797637742,439.574835311858,4,21,441,1,0,57,31
7.225888513667198,1374.5593880150302,16,39,1521,0,0,22,61
6.576095986776773,717.7318180262324,7,20,400,0,1,48,33
5.880051223159816,357.8275702982444,0,44,1936,0,0,30,50
6.803327830908312,900.8401527242836,15,9,81,1,0,40,30
6.893345429590821,985.6934755938724,16,33,1089,0,1,23,55
5.144015962417554,171.40273492373362,2,21,441,1,1,24,29
6.759433417462358,862.1535762195986,12,37,1369,0,1,25,55
6.679540199729233,795.9530484370997,7,43,1849,1,1,41,56
6.955942009061812,1049.366585336976,15,29,841,1,1,58,50
6.804316489933259,901.7312168780371,6,38,1444,0,1,25,50
6.729629745750708,836.837365996069,14,26,676,1,0,33,46
6.204640409717434,495.040912029236,1,15,225,0,1,41,22
5.876303058204653,356.4888839151925,1,16,256,0,1,35,23
6.519522090228124,678.2541635786498,9,33,1089,0,0,51,48
5.98712752596757,398.2689480616485,4,23,529,1,0,55,33
5.936168017117474,378.4818113318675,3,39,1521,0,0,26,48
7.196739601403905,1335.0707976875608,14,22,484,0,1,42,42
6.639327847255296,764.580905112674,12,45,2025,1,1,33,63
7.113175184176364,1228.0406173479864,16,28,784,0,1,25,50
5.920929310902198,372.7579610026897,0,24,576,0,1,44,30
6.805733314600433,903.0097174009383,17,4,16,1,1,22,27
6.743064959889671,848.1563212413507,14,21,441,0,1,32,41
6.327442928992543,559.7235096261347,13,8,64,0,0,22,27
7.072071851257155,1178.5873641242842,8,44,1936,1,1,50,58
6.730575122292879,837.628866485542,11,31,961,0,1,22,48
6.558499961506758,705.2130540660633,4,20,400,0,1,36,30
5.95364358676255,385.15412804579313,1,13,169,0,1,58,20
5.72031714571566,305.00163758241183,6,39,1521,1,1,21,51
6.956139605964089,1049.5739574109566,8,31,961,0,0,24,45
6.788926239720162,887.959594013766,17,13,169,0,1,28,36
6.414761883995314,610.7953033635879,3,31,961,0,1,48,40
6.473893596408412,648.0018792391019,1,55,3025,0,0,54,62
5.471027131074042,237.70422080694,0,43,1849,1,0,59,49
6.9623483326451785,1056.1107468150121,11,13,169,0,0,55,30
7.075950119230684,1183.1671167662498,12,32,1024,1,1,54,50
7.279368987652994,1450.0727225692267,13,32,1024,0,1,49,51
6.954076911379179,1047.4112381739835,4,40,1600,0,1,34,50
6.00034743574783,403.5689834293861,2,14,196,0,0,48,22
6.14235804015501,465.149118979031,3,11,121,0,1,44,20
6.289022990326532,538.6268283067021,16,2,4,0,0,30,24
6.945925141631188,1038.9076895036367,18,17,289,1,0,56,41
6.527924430827736,683.9770954158495,10,23,529,1,1,23,39
6.77298243627206,873.9144051704634,7,49,2401,0,1,31,62
6.971751674281787,1066.0885558247887,11,23,529,1,1,51,40
6.247376730865837,516.6557184200041,17,24,576,1,1,24,47
7.22263107840934,1370.089134533919,17,12,144,0,0,56,35
6.664363874304844,783.9646062992271,8,35,1225,0,1,56,49
5.496832720349108,243.91815052486064,4,14,196,1,1,44,24
6.992194859505378,1088.1070993842864,16,28,784,0,1,23,50
6.16585228788027,476.20683534171565,12,4,16,1,1,43,22
6.083376198432311,438.50718559177574,5,34,1156,1,1,55,45
6.560909989152799,706.914686689922,13,6,36,0,1,21,25
7.045395971052667,1147.5631476503304,14,12,144,1,1,54,32
7.018165146658743,1116.7356905334882,13,2,4,0,1,55,21
5.776870612640923,322.74760614442636,3,42,1764,0,0,27,51
6.871966842473123,964.8443977409013,17,0,0,0,0,28,22
5.6791752546582,292.7079208502698,0,44,1936,0,0,47,50
7.363976489908049,1578.0993989869824,11,5,25,0,1,59,22
6.455973509070886,636.493056506108,8,41,1681,0,0,29,55
6.629858805551509,757.3752259146622,9,36,1296,1,1,24,51
7.434283366252058,1693.043991684876,17,20,400,0,1,56,43
6.896966949822259,989.2696561542695,16,0,0,0,1,50,18
7.161137719346973,1288.3759095802084,18,0,0,0,1,48,21
5.7879355226717895,326.3386097974542,3,47,2209,0,0,22,56
7.185618419450053,1320.305488452162,15,22,484,0,1,45,43
5.964329533061559,389.29193318227516,6,38,1444,1,1,50,50
6.31083541981632,550.5046592610161,8,36,1296,0,1,21,50
5.450428406739152,232.85790243690482,7,12,144,1,0,34,25
5.834886259024302,342.0258294862346,6,25,625,0,1,32,37
6.5327594384132395,687.2921375293201,9,18,324,1,1,47,33
6.041629816450979,420.5779414469644,7,25,625,0,0,33,38
7.741508073913388,2301.941264371185,16,40,1600,0,1,31,62
6.075237224778278,434.9526718298219,11,26,676,1,0,34,43
6.553240686168516,701.5138804554628,13,21,441,0,0,40,40
6.976951982104878,1071.646984725931,11,18,324,1,1,48,35
6.095976571994993,444.06749737586244,1,41,1681,1,0,54,48
7.097494792203182,1208.934645146869,11,42,1764,0,0,39,59
6.3796401336553625,589.7154507250674,13,10,100,1,1,37,29
5.550450562058369,257.35348350278076,6,6,36,1,1,57,18
6.99951569924663,1096.1021867490317,12,41,1681,0,0,34,59
6.376617744573982,587.9357919510386,3,17,289,0,1,31,26
5.733548097417571,309.063914149777,0,14,196,1,1,53,20
7.481596038012748,1775.0715980272198,16,21,441,0,0,24,43
6.24129737495197,513.524312532595,2,18,324,0,1,36,26
6.696624269499812,809.6679857489426,16,37,1369,1,0,32,59
6.384145008578641,592.3780378791048,7,20,400,1,1,32,33
5.678425749363766,292.4886169088687,2,33,1089,1,0,55,41
6.328909525093407,560.5450001931001,9,16,256,1,1,35,31
5.685773164441243,294.64556648115985,1,13,169,0,1,59,20
6.149564204065272,468.5131661532128,3,42,1764,0,1,22,51
6.624621749293455,753.4191773144256,13,31,961,1,1,21,50
6.990228068979155,1085.9691238139383,10,25,625,0,1,44,41
6.162352871666337,474.5433018166537,13,7,49,1,1,22,26
6.16265115829571,474.6848728519681,12,12,144,0,0,30,30
6.6229197311882055,752.1379348919932,3,10,100,0,1,30,19
5.338145103806248,208.12629934332014,1,17,289,1,1,29,24
5.829207967757197,340.0892107516919,1,31,961,0,1,47,38
6.436511756424372,624.2255468988083,10,20,400,0,0,30,36
5.970138489351176,391.5598938707879,4,32,1024,0,0,26,42
6.600702040425816,735.611436973829,8,50,2500,0,0,48,64
7.289672705537099,1465.091102518424,16,17,289,0,1,20,39
6.32063680811161,555.9268985127528,11,11,121,0,1,34,28
7.337800178478123,1537.3265471858404,17,27,729,1,1,26,50
5.476319503496804,238.96557490360536,2,41,1681,1,0,23,49
5.620426545106835,276.00708760255543,4,28,784,0,1,22,38
7.098574311322955,1210.2404178873721,13,37,1369,0,0,39,56
6.494334245550212,661.38375952406,15,16,256,1,1,22,37
6.760445981148651,863.0270037487599,18,1,1,1,1,48,25
6.9989129434730435,1095.4417039024493,8,45,2025,0,1,39,59
7.735558617597916,2288.2866244963925,16,32,1024,0,1,29,54
6.224716439122874,505.07980127752245,6,14,196,0,1,54,26
6.050068567841996,424.1421115570137,9,27,729,0,1,45,42
6.078583861765952,436.41073897912145,3,33,1089,1,1,49,42
6.152189764365293,469.7448919999616,9,35,1225,1,0,45,50
5.867148790599239,353.2403807924439,2,11,121,1,1,56,19
5.80700569162386,332.62166123544466,8,22,484,1,1,39,36
6.763005362529832,865.2386480069098,12,45,2025,0,1,28,63
5.490660910161752,242.41737002862777,0,31,961,1,1,30,37
7.036943930755484,1137.9047716713546,14,39,1521,0,1,52,59
6.766506983665844,868.2736966385348,14,38,1444,0,1,49,58
6.5166431046941735,676.3042878322034,10,43,1849,1,1,49,59
7.252149710536828,1411.1351219725914,9,31,961,0,1,42,46
6.139667704894411,463.89939374651715,6,11,121,0,0,55,23
5.238432576138099,188.3746080280953,0,28,784,1,1,43,34
7.25227534046866,1411.3124139181257,6,30,900,0,1,50,42
5.529736939882792,252.07759074021877,4,45,2025,1,1,42,55
6.915850012331909,1008.1275842837987,15,0,0,0,1,55,21
6.384102560047952,592.3528928354734,7,34,1156,1,1,59,47
6.072468650777216,433.75013859015087,1,30,900,0,1,53,37
6.099158377111114,445.48268384075135,7,7,49,0,1,40,20
7.111219425784216,1225.6412136964314,13,21,441,0,0,45,40
5.852686334184612,348.1684220773244,3,26,676,1,1,26,35
6.927248861278624,1019.6848228047901,14,23,529,1,0,44,43
7.159828009787757,1286.6896158541213,6,41,1681,0,1,22,53
6.6225772135354415,751.8803584867302,7,12,144,0,1,37,25
6.60403136727942,738.0646093250589,10,18,324,0,0,25,34
5.739913194579612,311.03741007635915,1,41,1681,1,1,32,48
6.805649904529105,902.9344004371403,8,40,1600,0,1,21,54
6.474170738641404,648.1814928150014,5,51,2601,0,0,59,62
5.561595558825559,260.2377298480205,0,44,1936,1,1,32,50
5.572040967215237,262.9702655958466,2,36,1296,1,0,20,44
6.382239037340163,591.2500576669925,9,47,2209,0,1,21,62
6.17849731277111,482.26671554983403,4,11,121,0,1,23,21
5.978722951407547,394.9356939051299,11,22,484,1,1,32,39
5.9698007257997245,391.42766154331554,0,37,1369,1,1,49,43
6.919706904664531,1012.0233317438796,8,35,1225,0,1,31,49
7.352876317894665,1560.6790873003583,12,23,529,0,0,52,41
7.703896654592146,2216.969948715099,18,39,1521,0,1,57,63
6.7160925981809445,825.5853073020703,6,40,1600,1,1,53,52
7.110465817383523,1224.7179081306672,15,33,1089,1,1,22,54
6.463914196481583,641.5673690084392,7,36,1296,0,1,28,49
7.350491224681184,1556.9611577675712,18,0,0,0,1,26,24
6.244473599403046,515.1579740747309,6,38,1444,0,1,23,50
5.717509538794064,304.1465138609975,3,39,1521,1,1,47,48
6.273712195430385,530.4428350083324,9,14,196,0,0,51,29
5.478172150818706,239.4087041903742,0,22,484,0,0,20,28
6.843578806017229,937.839481612512,16,19,361,1,0,32,41
6.057402308874138,427.2640938762679,12,7,49,1,1,55,25
7.1666172853759065,1295.4550279822804,18,25,625,1,1,45,49
7.521235337614593,1846.8473654533009,12,37,1369,0,1,32,55
6.070277498859663,432.8007666311738,8,25,625,1,0,41,39
6.353205947806756,574.3310359741182,4,41,1681,1,1,43,51
5.762677282426584,318.19909838886343,0,30,900,1,1,30,36
6.19518701006992,490.38314300938646,1,30,900,0,1,44,37
6.2992207392595425,544.1477119179829,10,15,225,0,1,34,31
5.633644152371056,279.6794573944449,3,41,1681,1,0,55,50
6.461614897890276,640.0939086724412,8,13,169,1,1,57,27
6.444445151748019,629.1974709758858,4,23,529,1,1,53,33
6.011425481586836,408.06459444327845,4,11,121,1,0,53,21
7.02019295000763,1119.0025084603049,7,31,961,0,1,51,44
6.304365898667651,546.9546535261039,1,38,1444,0,0,57,45
6.0029842226229615,404.63451299793945,6,48,2304,1,0,44,60
6.285532302917346,536.749928160556,16,11,121,1,1,22,33
7.001924510715016,1098.7456728185684,10,34,1156,1,1,48,50
6.4640315295207955,641.6426504741198,14,16,256,1,1,40,36
6.084760125311719,439.1144675927473,2,30,900,0,1,28,38
6.087718497647217,440.41545513972466,12,21,441,0,0,40,39
7.129776533914082,1248.5979164459857,17,3,9,1,1,40,26
5.776576871495218,322.65281581541547,2,18,324,0,1,26,26
5.091558228932413,162.64309988488915,1,19,361,1,0,51,26
6.657842890981353,778.869018354072,4,34,1156,1,1,41,44
5.994005205239038,401.01755533518525,4,24,576,0,0,30,34
6.623737275921229,752.7530927244311,12,43,1849,1,0,53,61
7.081189567733346,1189.3825283904632,7,49,2401,0,1,33,62
6.126996046031241,458.0581064436812,15,4,16,1,0,41,25
7.763454024810336,2353.017967771839,17,10,100,0,1,44,33
6.005266631996905,405.55910935574207,15,14,196,1,0,35,35
5.93335191899365,377.41746876301914,0,44,1936,1,0,52,50
6.1237122247387035,456.5563925100924,7,5,25,0,1,21,18
6.34800062401426,571.3492243480716,1,22,484,1,1,58,29
5.414763411193065,224.69937803166115,4,13,169,1,1,25,23
6.464422284651667,641.8934246244303,14,38,1444,1,1,53,58
7.314586693121882,1502.0508597793698,13,3,9,1,1,56,22
6.556168508413475,703.5707980750399,2,25,625,0,1,41,33
6.370262307390175,584.2110516709577,6,23,529,0,1,35,35
6.300144811224705,544.6507759613654,3,26,676,0,1,26,35
5.772685695968036,321.3997565925023,10,2,4,1,1,32,18
6.863958265212343,957.1482256655718,11,19,361,0,1,36,36
6.344696329091019,569.4644336736917,14,5,25,0,1,22,25
5.797628974499299,329.5173389296328,5,9,81,0,0,31,20
5.461142538798588,235.3661857999706,0,36,1296,0,1,25,42
7.0124036220314965,1110.3200899180608,17,0,0,1,1,31,22
6.784946886904995,884.4331107177495,13,38,1444,0,0,30,57
5.989808784702562,399.33824304516213,6,24,576,1,1,38,36
6.291419672657402,539.9192939050995,9,20,400,0,0,50,35
6.791738439391658,890.4602281856364,8,34,1156,1,1,21,48
6.2630921827509995,524.8393326734415,1,43,1849,0,1,51,50
7.0194463224105546,1118.1673421242067,7,51,2601,0,1,37,64
5.701011199059793,299.1697682529137,0,29,841,0,0,23,35
6.084878812890786,439.16658811880717,1,49,2401,0,0,41,56
6.2608484703578435,523.6630642557882,6,21,441,0,0,33,33
6.592933659518881,729.9190660116498,15,12,144,0,1,33,33
6.804289101762653,901.706520447825,3,55,3025,0,1,56,64
7.627141753181669,2053.173149443373,16,33,1089,0,1,48,55
5.96801443354112,390.7290814615477,3,49,2401,1,1,53,58
5.663429606931945,288.13514021371714,2,16,256,0,0,25,24
6.317294055975926,554.0716751888496,8,17,289,1,1,31,31
6.755497361254553,858.7667610038947,14,40,1600,1,1,43,60
6.04845140898911,423.45676069639427,2,34,1156,0,1,48,42
6.4992553125862695,664.6464948263671,11,32,1024,0,1,29,49
7.347979183584835,1553.054915728254,14,35,1225,0,1,55,55
7.153784622119857,1278.9371010186387,7,26,676,0,1,53,39
6.408097292641438,606.7381369610439,11,16,256,1,1,51,33
6.778231996322813,878.5141340328368,12,28,784,0,0,51,46
6.855184029428923,948.7867180177324,14,13,169,0,1,34,33
6.4226484467847245,615.6314239932015,10,13,169,0,1,28,29
6.8129760273266555,909.5736991964906,16,12,144,1,0,55,34
6.407218717924138,606.2053062739476,11,37,1369,1,0,41,54
6.701517522493159,813.6396051885049,17,21,441,1,1,32,44
6.814174643827209,910.6645828858076,15,21,441,1,1,33,42
6.3075348173739885,548.6906575342164,2,22,484,0,0,45,30
6.760000688893445,862.6427900579961,8,11,121,0,1,44,25
6.173273110645353,479.7538263849409,6,10,100,0,1,41,22
7.494202532790014,1797.5906739295979,18,5,25,0,1,49,29
6.02545945873636,413.83173695622304,4,48,2304,0,0,32,58
6.77350743288051,874.3733277251047,18,0,0,0,0,51,20
6.172204124834142,479.24125036871663,9,37,1369,0,0,56,52
7.083816458382563,1192.5110135277876,11,33,1089,0,1,38,50
6.458874620179361,638.3422746795106,7,26,676,1,1,54,39
6.048137245828173,423.3237470770171,2,53,2809,1,0,48,61
7.561284141922049,1922.312451091209,18,2,4,0,1,26,26
6.786003596113955,885.3681932987286,10,42,1764,0,1,54,58
6.333536652724082,563.1447234389568,7,22,484,0,1,58,35
6.132285143207144,460.4872385760022,12,28,784,1,1,25,46
6.339192556989766,566.3388403774812,9,41,1681,1,0,33,56
7.3862474246143295,1613.6394335972113,17,21,441,0,1,47,44
6.814245571680059,910.7291766600605,11,36,1296,0,1,20,53
6.424300810820249,616.6495121118014,6,50,2500,0,1,40,62
7.171061976214611,1301.2257400925673,10,18,324,0,1,46,34
6.320782625776232,556.0079683853606,9,36,1296,1,0,41,51
5.344606556314293,209.47545158982194,2,55,3025,0,0,30,63
5.54081648665937,254.88602556125971,6,8,64,1,1,28,20
6.058848785814179,427.88256873234,3,13,169,0,0,29,22
6.262011806860174,524.2726151009883,7,18,324,1,1,58,31
6.632006707916127,759.003742274283,7,7,49,0,1,50,20
6.63757114905416,763.2389462654917,5,29,841,0,1,51,40
7.147606492551289,1271.060019767989,12,38,1444,1,1,50,56
6.758514442674745,861.3616427591776,11,30,900,1,0,27,47
5.626858763366627,277.78814737314497,2,54,2916,1,0,59,62
6.20365803721199,494.5548362410244,5,29,841,1,0,24,40
6.595680729471551,731.926961397616,18,20,400,1,0,50,44
6.779187571902759,879.354021910219,10,11,121,0,1,26,27
5.850225819255208,347.3128015420766,3,33,1089,1,1,33,42
5.8693327227126995,354.01267681791387,14,10,100,1,1,44,30
6.607690199935825,740.7700105071784,1,26,676,0,0,40,33
7.094295543747117,1205.0731430957371,14,38,1444,0,0,48,58
7.370875602287769,1589.0245275977234,16,29,841,1,1,50,51
5.38866314237209,218.91053762751977,1,47,2209,1,0,23,54
6.724402148107585,832.4741315075288,6,27,729,0,0,48,39
6.212267098289789,498.83086893571755,15,13,169,1,1,20,34
6.123517653120031,456.46756823540795,4,30,900,1,1,51,40
7.310685081273205,1496.2018580345323,15,32,1024,0,1,20,53
6.4006822960206575,602.2558144661567,18,2,4,1,1,23,26
5.339494313339907,208.4072948488806,1,12,144,0,0,39,19
7.399775494505362,1635.6171837281952,14,29,841,0,0,59,49
6.400512788122876,602.1537360009175,3,30,900,1,1,56,39
5.463604805090347,235.9464340952365,1,53,2809,1,0,33,60
6.33417529709229,563.5044875134893,9,15,225,0,1,33,30
5.714737783905112,303.30466151738966,4,15,225,1,1,21,25
7.234268247992021,1386.1262263311687,17,0,0,0,1,40,18
5.801960608066705,330.9477831394366,3,25,625,1,0,48,34
4.920362679419924,137.05231022624955,0,23,529,1,0,31,29
6.409051212523877,607.3171926757951,17,0,0,1,1,37,21
6.083699108701078,438.6488069291928,5,19,361,1,0,57,30
6.757356505052371,860.3648169489918,13,29,841,1,0,51,48
6.878570161407659,971.2366548503679,9,43,1849,0,1,41,58
7.382423352364498,1607.4805433440022,17,1,1,0,1,55,24
6.33778405605039,565.5417130978491,8,26,676,0,0,31,40
6.543138823781344,694.4629574600378,11,24,576,1,1,40,41
6.400553615749184,602.1783210105009,9,7,49,0,1,27,22
6.516326761619119,676.0903774904297,18,0,0,0,1,47,22
5.811863029446858,334.24124726521364,5,23,529,1,0,41,34
6.349512859142001,572.2138923412142,13,28,784,1,0,35,47
5.967677168461562,390.5973244065789,7,13,169,1,1,31,26
6.053565895703766,425.6280725128354,13,4,16,0,0,36,23
6.916019028545073,1008.2979885906209,10,26,676,0,1,40,42
6.889226524533521,981.6418476159016,15,15,225,0,1,26,36
5.670340697125115,290.1333651585092,5,22,484,0,0,39,33
7.105325615230385,1218.4387623670525,14,18,324,0,1,55,38
6.615184693054329,746.3425618943653,14,0,0,0,1,32,19
7.312323277458692,1498.6549389763945,13,8,64,0,1,48,27
7.211232390333607,1354.5605865260268,11,16,256,1,1,56,33
5.894404367351056,363.0005565107191,1,47,2209,0,1,27,54
6.927635772672804,1020.079426814677,7,19,361,0,1,39,32
6.752249095217723,855.9817837228703,18,6,36,1,0,29,30
6.647016896195242,770.4824647252625,13,11,121,1,1,34,30
5.757764201645783,316.6395946350486,4,39,1521,1,1,31,49
6.618819607591272,749.060389865871,8,48,2304,0,0,35,62
6.071029699071785,433.12644193079933,12,46,2116,1,0,27,64
6.65116715168418,773.6868086270862,8,49,2401,1,1,39,63
6.253766112854911,519.9673976873801,13,6,36,1,1,33,25
6.237240123825916,511.4450363624031,4,50,2500,0,0,56,60
6.3998107618964335,601.7311566341489,1,28,784,0,1,45,35
7.061766222133508,1166.5036519346313,6,41,1681,1,1,57,53
7.114691208509887,1229.9037687410207,15,22,484,1,1,48,43
6.875455220756486,968.216017308002,10,11,121,1,1,32,27
6.4416517310342085,627.4423103197736,10,32,1024,1,1,53,48
6.494856821855227,661.7294733283625,11,33,1089,1,1,41,50
6.684313346336974,799.7613305442628,12,28,784,1,1,45,46
6.038111041303257,419.10062293906486,7,9,81,1,1,53,22
7.137659794850094,1258.4798393372246,15,9,81,0,0,43,30
5.4045779639649725,222.42233043427922,0,12,144,0,0,40,18
6.568833906038259,712.5384716891195,12,22,484,1,1,50,40
5.976568489603233,394.08573596717855,10,41,1681,1,1,31,57
5.865169024901814,352.54173940492467,3,11,121,0,0,43,20
6.2220900109732185,503.75498599725904,3,11,121,1,1,40,20
6.197061622050646,491.30328330797124,14,4,16,1,0,23,24
6.9618567764685615,1055.5917366260062,2,45,2025,0,1,44,53
7.800981257728945,2442.998012549961,18,28,784,0,1,27,52
6.4869026161497985,656.486819192481,1,25,625,1,1,55,32
7.054122349849799,1157.621039030038,5,46,2116,0,0,53,57
6.30808466858166,548.9924387146698,7,7,49,1,1,46,20
6.8226289611090145,918.3962672109315,16,24,576,0,0,47,46
6.480062347807729,652.011596497588,4,37,1369,1,1,48,47
6.156394143631123,471.72403530324,1,49,2401,1,1,48,56
6.670401530928943,788.7122332459372,11,18,324,0,1,29,35
6.1439730457726,465.9009443568916,4,18,324,0,1,51,28
6.555010742038631,702.756698822013,9,45,2025,1,1,27,60
6.315817099411612,553.253939419836,8,41,1681,1,1,36,55
6.398663949100398,601.0414791849971,7,44,1936,0,1,31,57
6.612194414952767,744.1141235609573,0,12,144,0,1,45,18
6.528175867502208,684.1490939646013,5,35,1225,0,0,22,46
5.8028864052002636,331.25431551993023,10,11,121,0,0,30,27
7.061577761388966,1166.2838325021946,2,37,1369,0,1,33,45
6.776490689607112,876.9857025915765,14,28,784,1,1,26,48
7.143569210268662,1265.9387366590618,10,20,400,0,1,45,36
6.432051098456867,621.4472912702529,4,10,100,1,1,56,20
7.525674775554021,1855.064556073947,15,32,1024,1,1,52,53
6.968434999290198,1062.5585437601749,6,48,2304,0,1,51,60
5.895601161713419,363.43525359991315,5,21,441,1,0,57,32
6.442360081868963,627.8869170542341,8,36,1296,1,0,39,50
6.781410975438677,881.3113559171896,6,46,2116,0,1,29,58
6.264080360340266,525.3582234758616,2,52,2704,0,0,34,60
6.442795164131988,628.1601589520714,10,46,2116,0,1,34,62
7.067578505033204,1173.3034431754863,11,26,676,0,1,25,43
6.919536805347336,1011.8512019061633,10,17,289,0,0,44,33
5.405278640183491,222.57823108324237,1,46,2116,1,1,20,53
5.876709435667077,356.6337824029661,0,44,1936,0,0,25,50
5.779808903546141,323.69732709516876,1,30,900,1,1,32,37
6.356792354776541,576.3945188373979,13,11,121,0,0,30,30
6.45741137525009,637.4089066225199,12,32,1024,1,1,43,50
5.600699335912594,270.61559246881643,4,12,144,1,0,39,22
6.240805047902354,513.2715528482199,1,47,2209,1,1,45,54
6.450016327723797,632.7126234848743,18,7,49,0,1,44,31
6.603539327462852,737.7015414793142,16,22,484,0,0,31,44
5.996633331666189,402.0728663080178,10,24,576,1,0,28,40
7.02219595471709,1121.246121988761,15,10,100,1,0,55,31
6.909608656159612,1001.8550957425088,17,34,1156,1,1,28,57
6.911846975518225,1004.1000789552321,7,8,64,0,1,52,21
5.960726015258127,387.8916372812017,1,49,2401,1,1,59,56
6.418634889580602,613.1655039221998,16,14,196,1,1,53,36
5.837643497627276,342.9701776047789,10,48,2304,1,0,43,64
6.392242824851719,597.1944814117855,13,2,4,0,0,52,21
6.252897293373021,519.5158360734903,15,26,676,1,0,52,47
7.217296570962702,1362.7998435177128,14,16,256,0,1,48,36
7.715221821500773,2242.2202152759132,14,28,784,1,1,57,48
5.237881713435897,188.27086805835393,2,40,1600,1,0,32,48
6.393002028363772,597.6480457114709,6,14,196,0,0,37,26
6.8886824230629164,981.1078801224289,11,13,169,1,0,54,30
5.580560551656359,265.2202337668426,2,23,529,0,0,21,31
6.876373348535836,969.1053715378423,18,39,1521,1,0,44,63
5.9596683243447,387.48158471371977,9,12,144,0,1,25,27
6.0190270915441895,411.1783621575346,7,35,1225,0,0,44,48
6.9917563723618095,1087.6300830008,15,33,1089,1,1,39,54
7.719802318921738,2252.51425710702,15,19,361,0,0,33,40
6.223953260463211,504.6944822041097,11,27,729,1,1,23,44
6.244553440419446,515.1991064529911,4,13,169,0,1,27,23
6.066582831324759,431.20466204316597,5,32,1024,1,1,53,43
5.757411821654409,316.52803683394535,5,8,64,1,1,47,19
5.989308704566978,399.1385918473963,7,49,2401,0,1,21,62
6.3620373857170005,579.4256682097378,16,8,64,1,1,36,30
6.717231342269713,826.5259731777376,11,19,361,0,1,23,36
6.167323562380265,476.90798197838274,13,0,0,0,1,53,18
6.085709372198075,439.5314935328367,1,50,2500,0,1,46,57
6.334667024611751,563.7816463150597,18,25,625,1,1,38,49
6.383932031480609,592.2518883576156,5,28,784,0,1,47,39
7.212546243684532,1356.341450132294,17,23,529,0,1,57,46
6.453984394522435,635.2282572397576,3,10,100,1,1,53,19
6.546951160413485,697.1155370829651,4,47,2209,0,1,51,57
6.290879661681825,539.6278102697295,5,44,1936,0,0,50,55
6.252960163943853,519.5484993574295,14,8,64,0,1,25,28
6.008730739320697,406.96644581161286,5,23,529,0,0,25,34
6.588658290164678,726.805053925058,7,47,2209,0,1,47,60
6.40409930460661,604.3172477169206,8,11,121,0,1,27,25
6.148306688791573,467.92437397601424,5,28,784,0,1,20,39
5.611014291337027,273.421426390249,1,14,196,0,1,35,21
6.9442276021526235,1037.145598718599,15,7,49,0,1,38,28
4.992705337295795,147.3344742703187,0,19,361,1,0,37,25
5.434346502189033,229.14305485149816,15,5,25,1,0,49,26
5.457570678766148,234.52699036445892,0,37,1369,0,0,35,43
5.0834919719579545,161.33645579427093,0,13,169,1,0,52,19
6.702815865908319,814.6966748834619,6,21,441,1,1,47,33
7.290306779662872,1466.0203734606266,15,27,729,1,1,35,48
6.79991468518386,897.7706952412595,16,1,1,0,0,30,23
6.339315388139621,566.4084087009435,15,17,289,1,0,25,38
6.8218571189155535,917.6876837140788,15,22,484,0,1,33,43
6.135512056292688,461.9755909722872,5,25,625,1,0,55,36
7.102701661681985,1215.2458265426562,17,22,484,0,1,41,45
6.03424579991506,417.48382453643865,2,17,289,0,1,59,25
6.045891917160169,422.3743124271586,7,18,324,0,0,42,31
6.281785797849901,534.742754126371,3,32,1024,1,0,50,41
5.731561854147297,308.4506472804284,3,52,2704,1,0,47,61
6.266104428422921,526.4226611717387,16,32,1024,0,0,38,54
6.114440280143888,452.3427912595318,4,33,1089,0,1,41,43
6.489396613496513,658.1261389575554,13,29,841,1,1,20,48
6.674407093605179,791.8778052457349,14,29,841,1,1,22,49
5.7299075216136,307.9407891932854,11,41,1681,1,0,27,58
6.314315300029682,552.4236865882054,12,1,1,1,1,32,19
7.27869600317609,1449.0971744377491,17,19,361,0,0,20,42
7.393261045008905,1624.9966691516477,13,42,1764,0,1,48,61
6.727231727044768,834.8330185304375,18,0,0,0,0,32,19
6.801142490741689,898.8736600651423,6,47,2209,0,1,48,59
6.11180552486612,451.1525473921058,5,7,49,1,1,49,18
5.9828656279011785,396.5751783028011,4,43,1849,0,1,35,53
6.709231794283133,819.9405144581089,3,20,400,0,1,53,29
7.646677197317471,2093.677142419364,17,3,9,0,1,59,26
6.122472908172931,455.99092507859825,13,34,1156,0,0,22,53
6.511065305542829,672.5424993527855,15,37,1369,1,1,48,58
7.100685733788465,1212.7984462833492,13,26,676,0,0,49,45
6.410668784278664,608.3003667758146,4,45,2025,0,0,53,55
6.697700579782423,810.5399088732447,10,34,1156,1,1,23,50
7.152813509099625,1277.6957114101465,11,42,1764,0,1,27,59
7.431609083049506,1688.522361331595,17,40,1600,0,0,37,63
6.07525860478514,434.9619712203404,3,30,900,1,1,41,39
6.563892712838309,709.0263655812992,12,24,576,0,1,29,42
6.8027000107278335,900.2747645966268,12,17,289,1,1,33,35
6.248617585067533,517.2972107559563,3,14,196,1,1,50,23
6.995466047243722,1091.672330076064,6,23,529,0,1,54,35
5.433729150048557,229.00163655304652,1,26,676,0,1,21,33
6.932531235560782,1025.0854311480175,17,9,81,1,1,21,32
6.829948060760437,925.1427600197222,5,14,196,0,1,54,25
6.444385911358595,629.1601981767196,15,9,81,1,1,53,30
6.281697181214606,534.6953691223329,2,52,2704,0,1,48,60
6.395676036113516,599.2482998097257,14,4,16,1,1,25,24
6.5212873125089805,679.4524902856176,9,19,361,1,1,23,34
6.147862771879813,467.7167005312693,8,35,1225,1,1,20,49
6.919201547026524,1011.5120272300433,10,23,529,0,1,54,39
6.951921857213244,1045.1564406997097,13,11,121,0,1,45,30
6.492375720767568,660.089690686789,11,47,2209,0,0,48,64
6.170305767773358,478.33234234619835,6,28,784,1,1,30,40
6.668980113115271,787.5919400187385,10,30,900,0,0,23,46
7.091268450557821,1201.4307900440542,16,17,289,1,1,41,39
6.127956095515553,458.49807605506345,8,4,16,0,0,52,18
7.450940229882337,1721.4809725442753,12,28,784,0,1,53,46
6.9876542477941905,1083.1776274241565,15,1,1,0,1,50,22
5.871319946485333,354.7168786967128,2,44,1936,1,1,29,52
6.866376289649224,959.4654338689503,4,17,289,1,1,54,27
7.1794613707074655,1312.2012778166365,16,14,196,0,0,47,36
5.5777188611735875,264.46762979293646,0,48,2304,1,0,42,54
6.397134554810717,600.1229523527558,8,10,100,0,1,31,24
7.0961039651101405,1207.254394828371,16,41,1681,1,1,48,63
6.427370883569968,618.5455800190125,12,34,1156,1,1,21,52
7.394019690163373,1626.2299327463015,14,42,1764,0,1,32,62
6.7232343490549065,831.5025364296985,7,17,289,0,1,55,30
6.885190288596979,977.6876948286861,7,14,196,0,1,45,27
5.589676087459679,267.6489108327365,1,12,144,0,0,36,19
6.913357972863142,1005.6184183230624,9,8,64,1,1,52,23
5.767450808244181,319.72166110521505,4,15,225,1,0,41,25
6.5011664778603775,665.917958728658,15,32,1024,1,0,21,53
6.697076673587093,810.0343657246864,18,18,324,1,1,29,42
6.238854524564457,512.2713804526102,0,55,3025,0,1,58,61
7.589592260628355,1977.5070418634327,12,46,2116,0,0,45,64
6.156330446868768,471.69398896640377,3,48,2304,1,1,49,57
6.359499431646761,577.9569770004654,6,12,144,1,1,41,24
5.2783271768826525,196.04165788617982,0,57,3249,1,0,30,63
5.103817463768084,164.64925165851184,1,33,1089,1,1,41,40
7.54283662936194,1887.175657670858,15,15,225,0,0,43,36
7.420002741001362,1669.03808257414,13,44,1936,0,1,48,63
6.705962881206496,817.264576275866,4,29,841,1,0,29,39
6.883505875208385,976.0422507786918,13,11,121,0,0,53,30
6.822175014308438,917.9794587753548,16,16,256,1,1,44,38
6.24129385169663,513.5225032585059,11,1,1,0,0,40,18
7.124187867035274,1241.639381204542,11,19,361,0,0,58,36
6.0622806624725,429.3535315702669,2,42,1764,0,1,32,50
5.148561226566714,172.18357885650207,1,14,196,1,0,21,21
6.423812322042647,616.3483593062923,14,39,1521,1,1,25,59
6.023896217214083,413.18532338368374,10,4,16,0,0,20,20
7.222021736015852,1369.2545354455162,9,29,841,0,1,47,44
7.643236052266004,2086.4848775918704,17,35,1225,0,1,41,58
6.05592166443249,426.63193578672525,1,45,2025,0,1,30,52
6.755620586369677,858.8725891570934,6,33,1089,0,1,58,45
5.5394965450293645,254.54981282462234,6,11,121,0,0,24,23
6.425679337903433,617.5001663553255,6,11,121,0,1,37,23
6.930186849185814,1022.6850496403105,13,42,1764,0,1,39,61
6.1149600358277585,452.57796010622513,1,33,1089,0,1,31,40
6.561785334975454,707.5337524166592,1,43,1849,0,1,40,50
7.025776340421885,1125.2678108779676,14,13,169,0,1,46,33
6.689270451190255,803.7356737970632,10,25,625,0,1,53,41
6.1157137295854085,452.91919386633134,9,7,49,1,0,37,22
6.5019653568817715,666.450159169435,2,50,2500,0,1,53,58
6.24764871337632,516.7962588507582,16,37,1369,1,0,21,59
5.963742088071987,389.06331274418653,8,16,256,0,0,33,30
7.196387027783774,1334.6001699136327,14,44,1936,1,1,58,64
6.430692674780048,620.603675679321,13,10,100,1,0,20,29
7.350417232205364,1556.8459586187398,18,0,0,0,1,47,22
6.898506896170545,990.7942519453051,16,32,1024,1,1,46,54
7.994256564759874,2963.886120399043,16,26,676,0,1,49,48
7.148036220438113,1271.6063470819443,15,24,576,0,1,41,45
6.971472191193133,1065.7906437350623,7,32,1024,0,1,31,45
6.5577041166867485,704.6520371807836,6,35,1225,0,0,20,47
7.034907054210197,1135.589359036539,11,18,324,0,0,52,35
5.179815206874853,177.64997946504982,0,55,3025,0,0,20,61
7.211215258124659,1354.5373801098144,11,27,729,0,1,24,44
6.715483106658564,825.0822733692985,5,41,1681,1,1,24,52
7.297014684494176,1475.8873549952525,15,22,484,0,0,26,43
7.135449097509371,1255.7007942486493,17,33,1089,0,1,39,56
6.9670408493243485,1061.0782099461176,18,11,121,0,1,45,35
6.196789197600772,491.16945851069573,2,42,1764,0,1,25,50
5.8869641324854305,360.30976957016634,2,34,1156,0,1,45,42
6.045519494261363,422.21703984911574,4,38,1444,0,0,22,48
6.1810894646835095,483.51844577539157,2,46,2116,0,0,58,54
6.668618524788086,787.307207447732,18,0,0,0,1,33,19
6.172395062010087,479.3327640760647,4,40,1600,1,0,33,50
6.837666967578258,932.3114825344621,13,37,1369,0,1,39,56
7.458183377998584,1733.995180627838,15,39,1521,0,1,28,60
5.692299279624874,296.574745561805,0,54,2916,0,1,25,60
6.764992834057188,866.959995181825,16,27,729,1,1,21,49
6.635464135747109,761.6324846615641,10,19,361,1,1,57,35
6.538231777063538,691.0635426488778,8,20,400,0,0,52,34
6.445850413958063,630.0822799532058,3,42,1764,0,0,24,51
5.241025031310931,188.8635943187614,1,49,2401,0,1,32,56
6.874523885541409,967.3147034131159,8,10,100,0,1,34,24
5.3120423854174845,202.76392786691682,4,49,2401,1,0,53,59
6.32067907533775,555.9503964972836,3,43,1849,1,1,28,52
6.428708295382578,619.3733836181347,4,37,1369,0,1,45,47
7.418842010996309,1667.1019038998456,17,6,36,0,1,49,29
6.684349231804251,799.7900308682786,12,34,1156,1,1,41,52
6.0521043171905315,425.0064380618614,4,18,324,1,1,44,28
7.407361013197679,1648.0713644413026,18,37,1369,1,1,59,61
5.6613283952393,287.5303429141364,2,13,169,0,0,23,21
6.563682806427729,708.8775520208998,17,19,361,1,0,47,42
6.239533308156192,512.6192199006764,5,38,1444,0,1,56,49
5.395167403967607,220.339029637047,5,26,676,0,1,29,37
6.0104957834293335,407.6853938400467,4,38,1444,1,1,28,48
6.723268088840725,831.5305916204705,0,15,225,1,1,55,21
5.598574943280285,270.04130891584265,7,42,1764,0,0,20,55
6.361068429977051,578.8645022990223,0,58,3364,1,1,49,64
5.837941701693869,343.07246795740224,5,7,49,1,1,30,18
6.455132122974664,635.957745331292,13,1,1,0,0,44,20
6.492119031148546,659.9202742602151,10,38,1444,1,0,30,54
5.8607529003176895,350.9883037698688,1,32,1024,0,1,24,39
5.887422154742834,360.4748372636423,3,25,625,1,1,46,34
6.346723103698112,570.619780145454,12,13,169,0,1,42,31
6.504650274540105,668.2419272687208,6,46,2116,0,1,38,58
5.942869814910915,381.0268385030235,5,41,1681,1,1,22,52
5.658673313621291,286.76793895629004,2,22,484,0,0,27,30
7.254060001311324,1413.8333767827576,8,38,1444,0,1,55,52
6.377649973667739,588.5429897104344,13,41,1681,1,0,34,60
6.084360042035952,438.93882037721545,10,3,9,1,0,32,19
5.91453223707749,370.38101167347367,4,54,2916,0,1,49,64
7.114885484140531,1230.142732282969,13,11,121,0,1,29,30
7.440550177754196,1703.6872941981183,18,9,81,1,1,53,33
6.7095318037201315,820.1865412535582,7,22,484,0,1,49,35
6.391017674512887,596.4632764000305,6,12,144,0,1,44,24
6.576810015085849,718.2444818690951,6,50,2500,0,1,25,62
6.161181254299168,473.9876442153818,2,45,2025,1,0,56,53
5.927137570101157,375.0793374404187,2,50,2500,0,1,36,58
7.246053408905847,1402.5585857649655,17,24,576,1,1,55,47
7.522100193888464,1848.4453138824556,12,41,1681,1,0,59,59
5.67188898383846,290.5829227250793,0,52,2704,0,0,51,58
6.40895014551119,607.2558160430061,4,14,196,0,1,41,24
6.571698722344213,714.582690278704,3,23,529,0,1,52,32
7.386511424298871,1614.0654901355665,15,36,1296,0,1,41,57
7.473081802315729,1760.0223772812708,14,16,256,0,0,55,36
7.6334095153412855,2066.082364098814,17,37,1369,1,1,37,60
7.824475888526077,2501.0749252010796,16,32,1024,0,0,47,54
6.431302721561954,620.9823884590191,13,0,0,1,1,32,19
7.022002297308565,1121.0290053942547,13,40,1600,1,0,37,59
6.649579943651072,772.4597807411794,18,6,36,0,0,42,30
6.02346160611825,413.005787474481,5,46,2116,0,1,54,57
5.537998520311787,254.16877638541482,12,40,1600,1,0,37,58
6.541100344129617,693.0487507578864,17,37,1369,1,0,29,60
7.207942763513967,1350.1119089481324,14,40,1600,1,1,21,60
6.590089777751815,727.8462113622028,6,36,1296,0,1,33,48
6.455897129524999,636.4444433120423,18,9,81,1,0,51,33
8.165020966979004,3515.7950519130163,16,37,1369,0,0,49,59
6.3692274578380506,583.6067938376896,8,47,2209,0,1,38,61
6.053083480085177,425.4227924020921,10,7,49,0,1,24,23
6.32103581709276,556.14876259806,4,35,1225,0,1,51,45
6.102588712783471,447.0134630246862,1,42,1764,1,1,29,49
6.614751859506416,746.0195896969857,14,41,1681,0,1,24,61
6.459767306885433,638.9123687618865,11,10,100,1,1,33,27
6.219217902737423,502.3102229042971,9,20,400,1,1,58,35
6.060869198304999,428.7479419298439,9,6,36,1,0,38,21
6.730681968383508,837.7183686367165,10,10,100,0,1,30,26
6.178552231568546,482.29320178518526,9,9,81,1,1,54,24
6.475232630281165,648.8701569018755,6,13,169,0,1,58,25
6.6392547358271115,764.5250075541388,13,41,1681,0,1,57,60
6.238745076763484,512.2153165446101,12,6,36,1,0,41,24
6.40518100722507,604.9712929436002,4,48,2304,0,1,49,58
7.109391194615461,1223.4025052896448,18,33,1089,0,0,49,57
6.29691832527643,542.8962998043812,9,5,25,1,0,30,20
6.630743467336999,758.0455432926731,7,21,441,0,1,41,34
6.543761841800889,694.895755202839,17,0,0,0,0,29,19
6.485720524833808,655.7112503113822,0,26,676,0,1,38,32
5.526676707768006,251.30735395439856,4,53,2809,0,1,34,63
6.439460366067957,626.0688606369716,10,30,900,1,1,54,46
6.879822756336658,972.4539832095916,10,23,529,0,1,54,39
5.446765979436437,232.00663709760528,15,0,0,1,1,20,21
6.010743128236165,407.7862451770473,9,8,64,1,1,37,23
6.218576012556781,501.9878983641245,14,35,1225,1,1,45,55
5.844555503476061,345.34900122889576,6,31,961,1,1,37,43
6.978131296648622,1072.9115391079051,14,8,64,0,1,37,28
7.1412178089388005,1262.9655036321437,15,22,484,0,1,37,43
6.619531705399706,749.5939840909705,5,23,529,0,1,51,34
6.667849493643488,786.7019764354155,10,25,625,0,1,57,41
7.314258674940243,1501.558240586059,16,23,529,0,1,46,45
6.8199432399000335,915.9330201559002,14,32,1024,1,1,48,52
6.239377197721308,512.5392009373879,15,27,729,1,1,39,48
6.493948187337546,661.1284761722594,1,23,529,0,1,54,30
6.798580941702704,896.5740975834539,3,43,1849,0,1,42,52
7.355060537463009,1564.091678670434,18,9,81,0,0,31,33
5.6966718145673365,297.8743682520086,5,21,441,1,1,54,32
7.32909897679263,1524.0079866130895,17,37,1369,1,0,55,60
6.704352321210688,815.949382027238,10,19,361,0,1,47,35
7.183898345923078,1318.036417977432,8,50,2500,1,1,56,64
6.128368136221,458.68703485245186,2,46,2116,0,1,39,54
6.384659063869766,592.6826312260258,1,51,2601,0,0,54,58
6.836891683285845,931.588956204265,17,21,441,0,1,26,44
6.808594279267983,905.5968954446665,14,32,1024,1,0,53,52
8.023359598237569,3051.411648920142,17,39,1521,0,0,25,62
6.846501072919172,940.5841072000433,18,28,784,0,0,38,52
7.117520450024976,1233.3883906371548,14,25,625,0,1,27,45
7.7939798481774,2425.953320990763,16,34,1156,0,1,49,56
6.687974423205525,802.6946845927781,17,32,1024,1,1,21,55
6.699000159690828,811.5939550140217,17,3,9,0,1,35,26
6.845318924021202,939.4728536972326,10,13,169,1,1,43,29
7.363627434230979,1577.5486505593099,17,9,81,0,1,44,32
6.564310202195703,709.3224383423536,2,30,900,0,0,32,38
6.619346593369753,749.4552380691096,12,34,1156,0,0,28,52
7.396851911567212,1630.8423045152429,13,40,1600,0,1,49,59
5.814187405509296,335.01905322602533,3,41,1681,0,1,28,50
7.632130738969419,2063.441995369656,17,13,169,0,0,59,36
5.690963655908275,296.17889770862473,4,30,900,1,1,26,40
6.452081004296528,634.0203199364214,13,11,121,1,0,35,30
6.5146348246248476,674.9474423290753,11,44,1936,1,0,57,61
6.305291217661205,547.4609952833188,6,6,36,0,1,51,18
6.896748258496135,989.0533351159006,11,29,841,0,0,48,46
6.672211123598345,790.1407732694363,7,28,784,0,0,59,41
5.941073572024286,380.34303607622707,2,25,625,1,1,34,33
5.312937282185925,202.9454618657007,0,36,1296,1,1,30,42
5.804525841956796,331.79783142879654,2,32,1024,1,0,28,40
6.657513790535499,778.6127343867668,10,29,841,0,1,35,45
7.510299374269014,1826.760346006372,17,41,1681,0,0,44,64
6.819985808952528,915.9720113866207,6,21,441,0,1,51,33
6.2912858224248405,539.8470304183959,8,46,2116,0,1,29,60
5.499748434966989,244.63038407221387,3,46,2116,0,0,29,55
6.867195162600293,960.2514359342248,9,13,169,0,1,49,28
6.92041287934394,1012.7380468467594,17,0,0,0,1,39,20
7.283057213372852,1455.4307928928376,15,11,121,0,1,53,32
6.082647109927498,438.18759156380605,11,1,1,0,1,20,18
6.607999743041281,740.9993462494775,18,0,0,1,1,51,24
5.903829929521574,366.4382163116773,2,10,100,0,1,59,18
6.824718136888131,920.3169640861165,7,36,1296,0,1,50,49
6.3338318750129865,563.311000856387,18,2,4,1,1,30,26
5.751146959928089,314.5512311234448,8,32,1024,1,1,38,46
7.321322615305881,1512.202710139613,18,19,361,0,1,26,43
6.9981867651742835,1094.6465066719493,16,18,324,1,1,48,40
7.91290768224079,2732.3236561249228,12,44,1936,0,1,57,62
5.653637668034463,285.3275070461753,1,53,2809,0,0,55,60
6.45691050344152,637.0897264115189,3,37,1369,0,1,52,46
7.4656417270187685,1746.9762704587527,10,39,1521,0,1,55,55
5.84776889332266,346.4605271295433,1,43,1849,1,0,45,50
6.47732315352037,650.228053907195,3,15,225,0,1,48,24
6.386876912500092,593.9985703253643,3,20,400,0,1,48,29
6.052342719492661,425.10777265383535,0,42,1764,1,1,54,48
6.698809683316035,811.4393802615526,10,33,1089,0,1,22,49
5.877634406243393,356.9638107679426,1,30,900,1,1,24,37
7.573488798929442,1945.9173671675396,18,10,100,0,0,52,34
7.083891724563463,1192.6007726553282,7,40,1600,0,1,30,53
5.360429183002333,212.81626397529837,3,11,121,0,1,25,20
5.618105820429068,275.3672938228721,15,0,0,1,0,21,18
6.9350897386221995,1027.7114732977714,14,24,576,1,0,32,44
6.358603595460874,577.4394540690774,4,54,2916,0,1,20,64
6.457921245183641,637.7339851262195,4,47,2209,0,1,46,57
6.90884848091267,1001.0937996935684,14,30,900,1,0,59,50
6.922282711388882,1014.6334684076301,16,15,225,1,1,34,37
6.487346892330014,656.7785454475883,2,23,529,0,1,54,31
7.409753932006874,1652.0197876521772,17,30,900,0,1,49,53
5.528449438368059,251.75324930016228,10,6,36,1,1,25,22
6.358544418305615,577.4052838559095,5,29,841,0,1,53,40
6.353139785416566,574.2930381170465,11,45,2025,1,0,40,62
7.048354859218952,1150.9636870949566,16,10,100,0,0,51,32
6.1255577075287455,457.399737425061,13,4,16,1,1,39,23
7.313455652103801,1500.3529390357255,5,39,1521,0,1,54,50
5.9708001022909505,391.819040681258,9,21,441,1,1,28,36
6.4889616568105115,657.8399448387181,15,9,81,1,1,56,30
6.769716043972581,871.0645148507732,17,23,529,1,1,25,46
5.507194319298033,246.45867177840321,5,12,144,1,1,29,23
6.90493362396153,997.182322106348,18,8,64,1,0,28,32
6.114546092104608,452.3906570695357,2,25,625,1,1,52,33
7.573440922124256,1945.8242050910126,11,24,576,0,1,35,41
7.871618520025159,2621.8056008562517,15,19,361,0,1,51,40
6.0146719708125564,409.39152451918113,2,19,361,1,1,57,27
6.670155833224487,788.5184722650415,15,37,1369,1,1,39,58
6.363611732498734,580.3386035956167,3,49,2401,0,1,39,58
6.58909876182656,727.1252614710227,12,16,256,1,0,22,34
5.738577609759042,310.62227052158573,3,52,2704,0,1,33,61
5.500636887155173,244.84782305000414,3,53,2809,0,1,40,62
5.777809379924666,323.0507332986472,6,35,1225,1,0,27,47
6.17164531232552,478.9735191760997,11,44,1936,1,0,43,61
5.896069258003054,363.60541611676035,1,56,3136,1,0,40,63
6.309273883752492,549.6456972069275,15,6,36,1,1,51,27
6.639332090454674,764.5841493887785,6,24,576,0,1,36,36
7.303403478802551,1485.3466803959464,18,22,484,0,0,59,46
5.6347624208525815,279.99238905477495,10,3,9,1,1,23,19
5.9778162973040425,394.5777861114327,0,47,2209,0,0,42,53
6.402136246012526,603.1321011868677,8,22,484,0,1,55,36
6.386321940749134,593.669009355697,4,14,196,1,1,41,24
7.053116678395855,1156.457437794943,16,21,441,1,1,44,43
5.350601571027631,210.7350318327688,0,26,676,1,1,23,32
7.386077876563715,1613.3658673688165,16,42,1764,1,0,29,64
7.382011497917504,1606.818631648764,11,38,1444,0,0,43,55
6.082995644237352,438.34034159138474,12,2,4,0,1,54,20
6.371296030781934,584.8152765476834,10,39,1521,1,1,33,55
6.373504877991963,586.1084718492926,12,15,225,1,1,39,33
5.973827715404785,393.0071147538618,12,1,1,0,0,33,19
7.133276802834975,1252.9760026972497,5,37,1369,0,1,58,48
5.795585717851051,328.8447378185012,5,34,1156,1,1,28,45
6.595826495783447,732.0336594676589,9,9,81,0,1,53,24
6.755006755370196,858.3455483108174,18,23,529,1,0,39,47
5.089003553875834,162.22812989691448,2,52,2704,0,1,22,60
6.287673489876394,537.9004413994137,6,12,144,0,0,31,24
6.920420345807151,1012.745608446358,4,43,1849,1,1,58,53
6.055474086395919,426.44102742894836,7,33,1089,0,0,31,46
6.5766803098592765,718.1513278472522,4,31,961,0,1,41,41
6.87967469215495,972.310008265348,11,39,1521,1,1,54,56
6.338789808942757,566.1107944411839,3,12,144,1,1,59,21
7.9498477988167044,2835.1434054533893,18,22,484,0,0,50,46
7.310164063274264,1495.4225129804777,17,38,1444,0,1,26,61
5.207493872109683,182.63577556522637,2,14,196,0,0,28,22
7.071862633198413,1178.3408081567845,6,34,1156,1,0,56,46
6.658657791063484,779.5039774600739,7,34,1156,0,1,41,47
6.5092246092998325,671.3056915439239,14,26,676,0,0,28,46
6.923398847438088,1015.7665696283799,16,21,441,0,0,35,43
7.082916962807465,1191.4388374289829,18,12,144,0,0,40,36
5.5734546053011735,263.3422732589113,3,34,1156,0,0,28,43
6.699850945215006,812.2847412162405,15,33,1089,0,0,31,54
7.108348153960588,1222.1271119985092,12,26,676,1,1,46,44
6.381368356960398,590.7354918859188,11,30,900,1,0,28,47
6.441612738868458,627.4178454621828,3,38,1444,0,0,46,47
6.478971449696848,651.3007061036907,11,3,9,1,1,47,20
6.803459388677373,900.9586730410197,16,38,1444,1,1,54,60
6.429415814830558,619.8117573933044,8,10,100,0,0,57,24
7.300140921772228,1480.5085487730582,11,9,81,0,1,51,26
7.061817818264555,1166.5638405626607,14,38,1444,0,1,22,58
6.003658682733221,404.907514890285,1,52,2704,1,1,28,59
6.046031465722798,422.43325826815726,8,16,256,1,0,22,30
6.441496675754225,627.3450296188114,13,13,169,1,1,55,32
5.94195289228632,380.6776264988826,3,13,169,1,0,32,22
6.7426770065131025,847.8273399514943,3,37,1369,1,1,53,46
6.140344131780953,464.2132939223885,5,41,1681,1,0,49,52
6.4719911128802625,646.7702382974296,4,34,1156,1,1,35,44
7.306089221863729,1489.341301798449,16,22,484,0,0,52,44
6.906071134255702,998.3172726494947,12,7,49,0,1,54,25
6.806111917814139,903.3516645090066,16,27,729,1,1,35,49
6.773332993066535,874.2208155069599,18,13,169,1,1,57,37
5.743623365751337,312.19355553109034,0,21,441,0,0,59,27
5.875381627873937,356.16055553408455,16,8,64,1,0,24,30
6.295452090730186,542.1008697805745,2,38,1444,1,1,27,46
6.732976690663133,839.6429069372246,13,33,1089,1,0,52,52
6.972687684401043,1067.086892654863,11,8,64,0,0,49,25
5.866669198821529,353.0710102278722,14,26,676,1,1,21,46
6.326366299395738,559.1212190097731,5,37,1369,0,1,57,48
6.077554567961271,435.9617752066465,1,51,2601,0,1,57,58
6.400277501849763,602.0120741587293,3,38,1444,1,1,39,47
6.335151612500338,564.0549142784968,12,21,441,1,0,28,39
6.738724913488347,844.483259845514,12,20,400,0,1,20,38
5.833718059116006,341.62650823253244,16,7,49,1,1,21,29
6.372222469027787,585.3573228340722,5,17,289,0,0,38,28
5.822839625454109,337.93028792023205,10,3,9,1,0,35,19
7.619545451747169,2037.6357155327353,18,34,1156,1,1,24,58
6.114482288247796,452.36179372163514,15,0,0,0,1,51,19
6.603995419774488,738.0380782207415,7,38,1444,0,1,39,51
4.984253994647879,146.09454704947197,0,14,196,1,0,33,20
5.97287617805847,392.6333316692906,9,18,324,0,0,32,33
5.785848210652916,325.6581497083191,1,14,196,0,1,46,21
8.142307681811243,3436.8398565833354,18,16,256,0,1,54,40
7.208730157601307,1351.1753977199255,13,18,324,0,1,53,37
5.650249333126451,284.36235794142755,2,34,1156,1,0,35,42
6.741960102145958,847.2197466480678,8,33,1089,0,1,47,47
6.362147742202592,579.4896151185561,7,22,484,1,0,54,35
6.653517880478622,775.5076758299905,10,43,1849,0,1,34,59
6.19317158787361,489.395809219693,14,8,64,1,0,22,28
6.386321288452325,593.6686221074226,5,35,1225,1,1,46,46
6.156877096500677,471.9519108018614,1,27,729,0,1,46,34
5.820523522741022,337.1485123492813,0,37,1369,1,1,23,43
5.966632911054833,390.18965315142884,2,32,1024,0,1,40,40
6.807487637490288,904.5952784042673,17,14,196,1,1,41,37
6.1136835971832975,452.00064064313597,13,43,1849,1,1,24,62
6.037603702908169,418.888051029148,16,0,0,1,1,58,19
6.444069914426999,628.961416893405,1,34,1156,1,1,42,41
7.825488026214,2503.607638904476,18,24,576,0,1,42,48
6.887295548550959,979.7481497156734,8,30,900,0,0,32,44
6.456858870815007,637.056832644823,7,6,36,0,0,46,19
6.0246951958105965,413.5155815304874,9,16,256,1,1,34,31
5.220212550690382,184.97349613693834,8,7,49,1,1,31,21
5.894863913644158,363.16741040646565,7,17,289,0,0,29,30
6.928902978976051,1021.3728972680157,6,41,1681,0,1,57,53
6.594799742502613,731.2824272371956,5,41,1681,0,1,47,52
6.183005139448009,484.4455976373068,1,54,2916,0,1,54,61
6.547554520508076,697.5362756950406,8,11,121,0,1,57,25
5.605080213108806,271.8037267818308,8,5,25,1,1,39,19
6.825376925381729,920.9234580662122,18,0,0,1,0,31,23
6.445667518179378,629.9670511017348,8,34,1156,1,1,22,48
5.583644505568798,266.0394232664969,1,20,400,1,0,21,27
6.479337330046369,651.5390478333018,18,37,1369,1,0,47,61
6.511239060660105,672.6593672065338,15,17,289,1,0,41,38
7.530497400104066,1864.0324429386303,13,40,1600,0,1,54,59
6.515798733098984,675.7334767241102,0,21,441,0,1,28,27
7.412100772170493,1655.9013669825335,12,22,484,0,1,42,40
5.563600323164071,260.75996847613413,1,13,169,1,1,36,20
6.723461814289652,831.6916958621208,13,30,900,1,0,33,49
6.141991095835714,464.9784664640963,0,31,961,1,1,51,37
6.790394434655629,889.2642493023808,14,7,49,1,0,59,27
7.513413013200098,1832.4570823250813,17,23,529,0,1,55,46
6.395591255947686,599.1974975930352,8,44,1936,1,0,52,58
5.857588651967053,349.87944488621997,7,50,2500,1,1,29,63
6.096610549477158,444.3491154300801,6,39,1521,1,1,32,51
6.798439990327466,896.4477331372278,8,40,1600,1,0,53,54
6.262981723007945,524.781362257367,8,23,529,1,1,24,37
5.92875736844434,375.6873826521339,10,9,81,0,1,25,25
6.116093768073507,453.0913533035332,3,15,225,0,1,52,24
6.07509500237878,434.8908162158973,6,11,121,1,1,24,23
5.559981427835637,259.8180108953388,6,16,256,1,1,43,28
6.309192172970746,549.6007870621719,3,52,2704,0,1,27,61
6.854783858656018,948.4071172610909,11,18,324,1,1,37,35
6.945973169981376,1038.9575877242166,16,37,1369,1,0,44,59
5.986793545012337,398.1359560275747,2,38,1444,0,1,37,46
6.113957634661983,452.12452273245435,8,28,784,0,0,55,42
6.073749515484804,434.30606979490653,4,28,784,0,1,45,38
7.644793142799163,2089.7362541292387,15,42,1764,0,0,39,63
6.234985246459928,510.2930897632061,7,7,49,0,1,39,20
7.7849050422478285,2404.0378551069675,15,14,196,0,1,58,35
7.559444917293277,1918.7801360431276,18,17,289,0,1,59,41
6.701330480324214,813.4874345036218,15,43,1849,1,1,43,64
6.825328258848873,920.8786410050367,17,32,1024,1,0,39,55
6.517585399098977,676.9418659245306,14,7,49,1,0,23,27
7.634644197875963,2068.634895367596,17,21,441,0,1,41,44
5.961285922477827,388.10888142198246,13,10,100,1,0,44,29
6.215773750193049,500.58316570346483,15,3,9,1,1,40,24
5.591778297886573,268.21215698737643,4,24,576,1,1,37,34
6.33733434573512,565.2874403345809,7,5,25,0,0,28,18
6.77782425878275,878.1560038574356,15,22,484,1,1,28,43
6.091604931172959,442.13043094092484,0,26,676,1,1,52,32
6.900704810323548,992.9743275862919,10,34,1156,0,1,26,50
7.047885889084103,1150.424046047072,10,38,1444,0,1,52,54
5.2767110981628855,195.7250949988525,1,57,3249,1,1,21,64
6.68858606766653,803.1857985287356,18,24,576,0,1,27,48
6.376149448415483,587.6605283357015,4,42,1764,0,0,52,52
6.879812040264722,972.4435623785879,2,10,100,0,1,54,18
5.891074527074502,361.793832850757,7,12,144,1,1,48,25
5.269545630256131,194.32764578006214,3,20,400,1,0,51,29
6.244058798358735,514.9443303219887,12,18,324,1,1,20,36
6.9758581279841545,1070.4754001438573,13,23,529,1,1,50,42
5.637628162765814,280.7959257940126,0,43,1849,0,0,54,49
5.8392056960930505,343.5063838112466,4,19,361,1,0,59,29
6.220648698337973,503.0294405653754,6,18,324,0,1,58,30
6.021482017263548,412.189014524712,5,34,1156,1,0,39,45
6.74037676457287,845.8793732023788,14,0,0,0,0,52,18
6.68162613719067,797.6150895726657,14,3,9,0,1,42,23
5.87903860439032,357.4654107800267,7,12,144,0,1,22,25
5.849824108001122,347.17331010052584,1,14,196,1,1,31,21
6.424177812498617,616.5736699211034,13,3,9,1,1,27,22
7.058348639483102,1162.523833844419,15,21,441,0,1,30,42
6.740417241729719,845.9136126873967,9,24,576,0,0,45,39
6.926082366312838,1018.4960590705524,14,25,625,1,0,42,45
5.949453792473901,383.54378733372613,3,47,2209,1,1,57,56
6.238897482111679,512.2933868472936,11,23,529,0,1,24,40
6.843523924417167,937.7880128935158,9,6,36,0,1,51,21
6.438872685828502,625.7010404299573,1,14,196,0,1,24,21
5.155327342750388,173.35254317052016,3,55,3025,1,1,34,64
7.039901399429503,1141.2750707079406,5,27,729,0,1,42,38
7.0157996086635395,1114.097131862723,13,35,1225,0,0,47,54
6.4610292099814615,639.719123174007,2,50,2500,0,1,38,58
5.790784866032979,327.26978653991523,14,0,0,1,1,36,19
5.485312401531388,241.12425982104853,0,18,324,1,1,34,24
6.842748742870776,937.0613386201259,18,9,81,1,0,32,33
6.2191348187210975,502.26849068720094,0,28,784,1,1,42,34
6.465279912999178,642.4441667537436,12,19,361,1,1,37,37
6.401900048766026,602.9896598680773,7,27,729,0,0,42,40
6.832840505233692,927.822557797732,17,28,784,1,1,35,51
5.655370993727793,285.8225014144497,2,20,400,0,1,39,28
6.922336522188047,1014.6880681144384,17,28,784,1,0,44,51
6.312688763402683,551.5258795842741,8,36,1296,1,0,51,50
6.094838030857779,443.56219597020294,5,32,1024,1,1,40,43
5.200529170011842,181.3681910940166,1,12,144,0,1,20,19
5.866954835705769,353.17187473577536,3,31,961,1,0,47,40
6.9989100585966355,1095.4385436930797,17,35,1225,1,0,46,58
6.821839952347972,917.6719303016539,6,27,729,0,1,46,39
6.604115821548249,738.1269446641936,10,35,1225,1,0,55,51
5.4470173381339535,232.06496131356374,4,22,484,0,0,31,32
6.000844776352583,403.76974459086483,7,14,196,1,1,34,27
7.066495416206226,1172.0333392673651,10,16,256,0,1,39,32
6.812622018749432,909.2517592934641,14,39,1521,0,0,38,59
5.387271219295267,218.6060429641726,2,38,1444,1,1,45,46
6.158733186406846,472.8287094365262,6,28,784,0,0,40,40
6.330719391626278,561.5604304485557,7,21,441,0,0,56,34
6.325874265840856,558.846180278465,10,10,100,1,0,29,26
6.836462602177525,931.189314727873,9,38,1444,1,1,47,53
7.005762976626454,1102.9712753564,8,12,144,0,0,45,26
6.646045926167819,769.7347124266412,14,13,169,1,1,32,33
7.08074112029438,1188.8492724192304,4,43,1849,1,1,44,53
7.70035449905792,2209.1309879473756,14,30,900,1,1,50,50
6.0746480438877954,434.696481505948,3,39,1521,1,0,39,48
6.440368818894177,626.6378730841753,4,13,169,0,1,34,23
6.9731392082185115,1067.568816594086,14,7,49,0,0,37,27
7.64250516656547,2084.9604527884644,16,11,121,0,1,59,33
5.816742863886554,335.8762753033042,7,8,64,0,0,42,21
7.128505441330862,1247.0118411327992,18,15,225,0,1,22,39
6.379641930019962,589.7165100699782,8,16,256,0,1,30,30
6.607799284623011,740.8508215795968,9,18,324,1,0,46,33
6.555318918886159,702.9733055409089,4,36,1296,1,1,56,46
6.13360718612742,461.0964250662542,9,8,64,1,1,31,23
5.564256390198922,260.9311006264032,0,37,1369,0,0,52,43
5.88366445096861,359.1228214355436,3,19,361,0,0,47,28
6.0217519495893255,412.30029268217294,4,31,961,0,1,25,41
7.111580420112617,1226.0837430937254,6,34,1156,0,1,25,46
5.8010045777615105,330.63153822326746,4,10,100,1,1,40,20
6.204129735832199,494.7881721026725,7,14,196,0,1,44,27
7.094364786002092,1205.156587966497,16,0,0,0,1,55,18
5.97851826707381,394.8548650282388,0,54,2916,0,1,37,60
7.572687094122016,1944.357941042663,17,20,400,0,1,58,43
7.079030462473934,1186.8172966172056,11,12,144,0,1,24,29
6.609153921307753,741.8550853331182,2,23,529,0,1,42,31
6.895265307933734,987.5877049135061,13,23,529,0,1,42,42
6.6465422308172935,770.1168301588406,15,4,16,0,1,42,25
7.173484800276435,1304.382203359047,17,37,1369,0,1,54,60
7.4939964703614805,1797.2202961915968,9,6,36,1,1,48,21
6.573930802508123,716.1794775427803,14,25,625,0,0,24,45
6.2520824287043375,519.0926734074205,9,9,81,0,0,36,24
6.016672015293622,410.2111451440254,0,21,441,0,1,57,27
6.909971989598406,1002.2191693356683,18,29,841,0,1,21,53
6.12874593604725,458.86035947346653,1,12,144,0,0,38,19
6.7736273227910555,874.4781625493426,12,25,625,0,0,22,43
7.070132631387671,1176.3040387403796,15,10,100,0,1,49,31
6.057317381983205,427.2278092059616,7,20,400,0,1,52,33
5.888327059026093,360.8011801201448,2,52,2704,1,1,42,60
7.166076617713465,1294.7548066510756,18,35,1225,1,0,45,59
6.515277371616387,675.3812671390782,13,15,225,0,0,49,34
6.9428165744277965,1035.6831895167275,10,47,2209,0,0,38,63
7.212507231444468,1356.2885372461644,11,22,484,1,1,58,39
6.178696435907223,482.3627555722552,10,5,25,1,0,45,21
6.27558870828855,531.4391523175068,10,20,400,1,1,51,36
6.586352022056183,725.1307780147714,17,0,0,0,0,47,19
6.842567883685981,936.8918777950557,9,41,1681,0,1,28,56
7.040985184416316,1142.5126380026884,15,5,25,1,1,50,26
6.06932457804212,432.38853821251723,7,23,529,1,1,34,36
6.2924677659267125,540.4854763371811,5,22,484,0,0,51,33
6.457405882033271,637.4054052068104,18,18,324,1,0,32,42
6.828798951084406,924.0802800923692,12,17,289,0,1,41,35
7.83319987806616,2522.989729960435,14,20,400,0,1,59,40
6.848823344797934,942.7709374462081,12,20,400,0,1,30,38
5.7625841251841745,318.1694572189865,0,22,484,0,1,52,28
5.429768748363285,228.09649163751928,1,49,2401,1,1,43,56
6.8679602833044155,960.9864253309681,12,40,1600,1,1,59,58
6.085877116956326,439.6052288211445,1,14,196,1,1,25,21
6.235723788010975,510.6701016155308,10,26,676,0,0,35,42
7.163123785057454,1290.9372514511417,12,31,961,0,0,49,49
7.187613237858827,1322.9418868394973,9,32,1024,0,1,49,47
6.692318916964741,806.1895729037174,14,42,1764,0,1,33,62
5.383254907748317,217.7298137721465,0,37,1369,1,1,26,43
6.764624122111909,866.6403955992354,13,34,1156,0,1,22,53
6.934906443631599,1027.523116195917,9,36,1296,0,0,50,51
5.9951810869105016,401.48938188016615,17,3,9,0,0,29,26
7.276678806887509,1446.177007261076,10,13,169,0,1,52,29
5.572746280585299,263.1558074649889,6,7,49,1,0,57,19
7.044502755810737,1146.5385844016466,14,35,1225,0,0,56,55
4.9848297233936565,146.17868209696832,2,14,196,1,1,34,22
5.127336907213749,168.56760858543078,1,15,225,1,0,23,22
7.38422457685164,1610.3785858903411,7,26,676,0,1,56,39
5.793397053946375,328.12579426049604,7,9,81,0,1,23,22
6.546199912905961,696.5920274405536,10,5,25,1,1,29,21
6.139920378773511,464.01662381571197,15,5,25,0,0,41,26
5.7491547885361145,313.92521493230527,1,39,1521,1,1,50,46
6.570573386218433,713.7789968599102,4,29,841,0,1,55,39
6.347380664084792,570.9951204996834,6,32,1024,0,0,31,44
6.390374135939436,596.0795527577459,12,9,81,1,1,28,27
5.273224145884214,195.04379944570707,1,26,676,1,0,47,33
6.816328428955658,912.6280724297042,2,51,2601,0,1,53,59
6.458005250115874,637.7875601766751,8,45,2025,0,1,24,59
7.006291707546877,1103.5546045725264,9,12,144,0,1,49,27
5.7701754265952205,320.59396842291557,12,5,25,1,0,35,23
6.737748521723689,843.6591157544354,12,4,16,0,1,38,22
5.964696710941672,389.4348988143488,4,13,169,0,1,33,23
6.585001763319725,724.1523245779922,6,52,2704,1,1,43,64
7.405603272937596,1645.177027543987,16,20,400,0,1,30,42
6.732429977468237,839.1839885408033,14,1,1,0,1,32,21
5.9919532022589275,400.19550982492933,4,47,2209,1,1,29,57
6.08360192908356,438.6061812771167,6,37,1369,0,1,48,49
6.8550024022474405,948.6144082088571,1,45,2025,0,1,58,52
7.718671559868686,2249.9686457264625,17,4,16,0,0,46,27
6.367594926376221,582.6548146648186,9,36,1296,1,1,20,51
5.9002843299755705,365.1412737165075,0,47,2209,0,1,51,53
6.598235414472874,733.7991946928735,13,4,16,0,1,37,23
7.388706709505926,1617.6127163913527,18,36,1296,1,1,23,60
6.916625152076918,1008.9093269831938,15,42,1764,0,0,35,63
7.109195264523904,1223.1628274055936,18,9,81,1,0,37,33
6.5909983706287765,728.5078277698317,5,25,625,0,1,40,36
6.36107587331575,578.8688109996093,11,34,1156,1,1,44,51
6.02736003709494,414.6190044944181,2,34,1156,1,0,29,42
6.198803194361152,492.15966901460104,6,36,1296,1,0,26,48
5.449522690768414,232.64709479608948,2,50,2500,0,0,20,58
6.988858278542997,1084.48259204511,16,12,144,1,1,52,34
6.71827018061184,827.3850461911725,14,44,1936,0,0,52,64
6.845630446206147,939.7655659241219,18,23,529,1,0,38,47
7.634449122080328,2068.231394127446,18,32,1024,0,1,26,56
6.614106325502002,745.5381640888954,10,32,1024,0,1,33,48
6.389069862326436,595.3026087097855,1,29,841,0,0,57,36
6.342884240876208,568.4334482850309,6,40,1600,0,1,26,52
6.908017012169123,1000.2617674421047,18,22,484,0,0,22,46
6.456840084042078,637.0448645151866,6,6,36,1,1,30,18
6.63875052482702,764.1396228012655,9,6,36,0,1,27,21
5.6281854311278146,278.1569245209927,11,28,784,1,0,45,45
7.703915187065495,2217.011035032303,17,12,144,0,0,57,35
6.300123141692674,544.6389737618046,5,32,1024,0,1,22,43
6.632132147536026,759.098957386965,7,44,1936,0,0,48,57
6.11087168681078,450.7314406279508,4,26,676,0,1,31,36
5.67357679629568,291.07378632823486,2,15,225,0,1,37,23
6.034357742197025,417.5305612442987,1,11,121,1,1,26,18
6.302519292358637,545.9455755837478,5,14,196,0,1,49,25
6.098857026016497,445.34845737200556,6,38,1444,1,1,35,50
5.928947413158802,375.7587868382763,7,47,2209,0,0,44,60
5.881891670156548,358.48673937215483,3,29,841,1,0,23,38
6.393151123767508,597.7371589311589,11,24,576,0,1,23,41
6.225723582393341,505.58874524715486,11,25,625,1,0,57,42
7.294843454080232,1472.6863398108237,16,42,1764,0,0,20,64
6.4352528052721425,623.4401719053974,18,36,1296,0,1,22,60
6.3046607107618655,547.1159261443413,8,22,484,0,1,47,36
6.88636832271239,978.8401229539608,11,29,841,0,0,30,46
7.364488937354507,1578.9082992359808,16,5,25,0,0,56,27
5.694693941601688,297.2857928474485,9,14,196,0,0,21,29
7.450015500356942,1719.8898040751765,18,26,676,1,1,28,50
6.561517659796378,707.3443885379144,10,8,64,0,0,36,24
6.53985189630128,692.1840554258865,12,16,256,0,0,51,34
6.339340430748027,566.4225932225287,3,18,324,0,0,50,27
6.9292183001068945,1021.6950085065661,14,28,784,1,1,40,48
6.461566479512576,640.0629171140941,11,6,36,0,1,36,23
6.559205327985853,705.7106631927887,9,19,361,1,1,36,34
6.412567340967177,609.4563565145752,6,42,1764,0,1,46,54
6.482206962814782,653.4114108471178,1,28,784,0,1,47,35
6.3673244026812785,582.4972140497911,6,31,961,0,0,58,43
6.198421439200435,491.97182037943224,7,20,400,1,1,20,33
6.769125210473742,870.550012763251,18,1,1,0,1,35,25
6.178510666925766,482.2731558571416,5,30,900,0,1,22,41
5.790330124754266,327.1209972915703,7,17,289,1,1,34,30
5.712823971769233,302.7247484746215,3,37,1369,0,1,23,46
7.056751713879607,1160.6688512982514,8,35,1225,1,1,55,49
6.382938719844849,591.6638897468866,4,31,961,1,0,49,41
6.532632476089331,687.2048828614803,5,22,484,1,0,48,33
7.337923110392995,1537.5155452987824,18,4,16,0,1,42,28
7.331550611350493,1527.748881038831,11,32,1024,0,0,24,49
5.5377658749619245,254.10965207927254,4,13,169,1,1,30,23
6.263756023192715,525.18785791765,4,42,1764,0,0,38,52
6.3292036168353505,560.7098760917763,17,27,729,0,0,27,50
6.424352771636055,616.681554555986,5,24,576,0,1,30,35
6.238476330868023,512.0776792762504,8,40,1600,0,1,28,54
6.3615121390397364,579.1214067159535,10,14,196,1,1,44,30
6.005419503499071,405.62111252514427,13,8,64,1,1,44,27
5.728477067422147,307.50060890459196,1,47,2209,0,1,33,54
7.506449185792884,1819.7404969163856,13,24,576,1,1,50,43
7.735795263829705,2288.82820298206,18,39,1521,0,1,32,63
5.758685884675306,316.9315705098339,9,19,361,1,1,20,34
6.175668998185091,480.90464066000976,4,8,64,0,1,49,18
6.59075703261674,728.3320323528364,3,33,1089,0,1,28,42
6.069463627743451,432.44866588988555,6,39,1521,0,1,59,51
7.348915591187991,1554.5098892772903,12,38,1444,0,0,48,56
6.651405331691491,773.87110730408,9,12,144,0,1,50,27
7.430719759991946,1687.0213869869297,9,22,484,0,0,37,37
5.179493205516166,177.59278513911087,3,15,225,1,0,22,24
7.135597904137182,1255.887664752821,15,12,144,1,1,54,33
5.942420280142248,380.8555921847922,14,34,1156,1,1,21,54
6.31870598548587,554.8545378810859,10,30,900,1,1,23,46
6.3586054569927155,577.4405289920084,18,5,25,1,0,34,29
5.660555920939359,287.3083188787531,2,26,676,1,1,36,34
7.1452513769929435,1268.0700487854388,14,17,289,0,1,45,37
6.97065691845769,1064.922087784637,15,22,484,1,0,50,43
7.110470881289729,1224.7241100029848,13,17,289,1,0,49,36
6.168757828120215,477.59248552069107,4,54,2916,0,0,42,64
7.154813602488162,1280.2537794898585,16,7,49,0,1,49,29
7.286924695833581,1461.0705447481703,17,15,225,0,1,30,38
7.250173030370186,1408.3485141880403,18,35,1225,1,0,52,59
6.059443588886809,428.13715030439147,0,45,2025,1,1,57,51
6.450583422438618,633.0715332279436,8,10,100,1,1,24,24
6.822349458948839,918.1396093402343,13,43,1849,1,1,54,62
5.933692900288911,377.54618300369907,10,36,1296,0,0,20,52
5.376462495337696,216.25591441581213,1,25,625,1,0,23,32
6.324367567960819,558.0048019340273,4,8,64,0,1,57,18
7.269349253972913,1435.615927638902,14,23,529,0,0,56,43
6.821699711282381,917.5432440360462,11,35,1225,1,1,26,52
7.078934256770841,1186.7031235168815,13,23,529,1,1,29,42
6.08420435476027,438.87048850741917,10,43,1849,1,0,52,59
6.288119282347055,538.1402868228245,8,18,324,0,0,33,32
7.148071406527947,1271.6510907242782,7,26,676,1,1,55,39
6.358403979907995,577.3241996768666,11,6,36,0,1,57,23
6.025485277158426,413.8424215766015,2,24,576,0,1,49,32
7.344630583545953,1547.863053563399,14,21,441,0,1,45,41
5.504614402929169,245.82364852250456,7,25,625,1,0,50,38
5.7590467547409725,317.0459622655343,6,12,144,0,1,38,24
7.60672152629877,2011.672060827806,16,24,576,0,0,59,46
6.788715572393219,887.7725496424224,11,32,1024,1,1,32,49
7.274674384794805,1443.2811613360907,17,26,676,1,1,42,49
7.025955066703573,1125.4689437830418,17,0,0,0,1,38,22
6.342174630030168,568.0302248276654,14,1,1,0,1,35,21
6.0400085387733355,419.89662027343223,2,31,961,1,1,44,39
7.304817515797455,1487.4485012282755,18,11,121,1,1,45,35
6.696931958832079,809.9171502815043,14,32,1024,0,1,40,52
7.238193693360458,1391.5780825876438,15,13,169,0,0,37,34
6.2363457323375835,510.9878087758411,16,19,361,1,1,28,41
6.1618169777422045,474.2890650725201,0,13,169,0,1,43,19
6.707254277891845,818.3206708124432,10,14,196,0,1,59,30
6.1820881179054945,484.00155421790504,5,21,441,0,1,36,32
5.864340843236988,352.2498916684171,8,8,64,0,0,49,22
7.2999056937365605,1480.1603326120485,15,0,0,1,1,23,20
6.685568992991403,800.7661789185278,5,43,1849,0,1,47,54
7.702321389957569,2213.480383574846,11,37,1369,0,1,59,54
6.366082701246554,581.7743752912181,18,30,900,1,1,28,54
6.715686646596288,825.2502276559605,12,2,4,1,1,55,20
6.941620953692587,1034.4456451844885,12,34,1156,1,1,27,52
6.3548170429192545,575.2570836742881,3,31,961,0,1,41,40
6.425211962513695,617.2116294071989,8,31,961,0,0,44,45
6.651071216498059,773.6125883993242,13,28,784,0,1,25,47
7.06707040658484,1172.7074409432755,13,16,256,0,0,45,35
6.876928136111656,969.6431683253259,16,31,961,0,1,21,53
6.143769829057162,465.806275116772,4,40,1600,1,0,50,50
7.308087394557582,1492.3202381429946,18,19,361,1,1,31,43
6.376004297301664,587.5752349458311,1,50,2500,1,1,38,57
6.923569443207114,1015.9398698892018,12,16,256,1,1,56,34
6.646928194340757,770.4141245327885,10,41,1681,1,1,56,57
5.779873331181151,323.71818282024793,1,17,289,1,1,20,24
5.910521320860602,368.8984197309507,0,19,361,1,1,29,25
5.642366726222521,282.1296525856682,2,40,1600,1,1,53,48
6.615177613430016,746.3372780881223,11,12,144,0,1,35,29
6.177464841057267,481.7690457666976,6,36,1296,0,1,26,48
5.853411119772023,348.4208610026343,0,55,3025,1,1,32,61
5.635616476906229,280.2316203935674,8,22,484,0,1,23,36
6.757776080576094,860.7258807091171,17,4,16,1,1,58,27
6.26706027396749,526.9260804842049,5,45,2025,1,0,50,56
5.689207493138982,295.65921581198074,8,15,225,1,1,29,29
6.48933445125707,658.0852296344426,7,24,576,0,1,31,37
7.791925666952921,2420.975088074155,17,31,961,0,1,53,54
6.521372154459103,679.5101388053807,14,38,1444,0,1,47,58
5.555189159037672,258.57587185788145,0,18,324,1,1,24,24
6.524916383985672,681.9227516041816,13,12,144,0,0,47,31
5.989722799961996,399.3039075261224,17,5,25,1,0,30,28
7.085135306595661,1194.0847921064978,18,0,0,1,1,53,24
7.538039089806054,1878.1435410964295,18,22,484,1,0,34,46
6.323006922010239,557.2460712588387,9,12,144,1,1,24,27
6.479479491671162,651.6316782670483,5,35,1225,1,1,40,46
6.274038667342694,530.6160379664601,16,4,16,0,0,50,26
6.849060935749279,942.9949579016991,13,34,1156,1,1,59,53
6.462593961376526,640.720908132247,12,9,81,0,0,26,27
6.475016347835381,648.7298328527057,7,23,529,0,1,54,36
7.700298488765873,2209.0072573406965,9,33,1089,0,1,40,48
6.533342869413287,687.6932420654765,8,20,400,1,1,59,34
6.5725520215083995,715.1927033158545,4,16,256,0,1,24,26
5.832404954623625,341.1782113246123,3,53,2809,1,0,33,62
6.554237261862032,702.2133406119941,5,39,1521,1,1,53,50
6.014882721834475,409.47781329374266,5,40,1600,1,0,29,51
7.692064547161529,2190.893098385259,12,44,1936,0,1,37,62
5.77558496150646,322.3329319387409,3,32,1024,1,0,36,41
5.755993026190979,316.0792667230163,7,13,169,1,0,57,26
6.2881030755126535,538.131565342985,4,14,196,0,1,51,24
5.273268216888831,195.05239541130803,1,26,676,1,0,36,33
6.341762099698193,567.7959434578538,8,22,484,0,1,41,36
6.782001583313687,881.832019083079,10,40,1600,0,1,44,56
5.934733654324722,377.939320261473,10,7,49,1,1,35,23
5.34018664168395,208.55163108447798,6,16,256,0,0,49,28
7.017763308741664,1116.2870339393294,13,10,100,0,1,53,29
6.205594118043176,495.51326187480885,5,48,2304,1,1,24,59
6.27661729110865,531.9860627226138,3,21,441,0,1,52,30
6.774988082208007,875.6689269321323,5,18,324,0,1,24,29
6.238367785209213,512.022098483773,2,30,900,1,0,59,38
6.118029949275431,453.9694700868345,5,16,256,1,1,22,27
5.693717935555254,296.99578166546576,2,29,841,1,1,57,37
5.7244084835660125,306.2520585297104,0,47,2209,1,1,32,53
7.560573266513219,1920.946412040952,17,22,484,0,1,27,45
5.7525287254641,314.9861675948331,3,32,1024,1,0,49,41
6.52313122492314,680.7064969512127,5,11,121,1,1,24,22
7.771598529297597,2372.260386785875,16,32,1024,0,0,57,54
7.033024666866649,1133.4537506513252,17,6,36,1,1,50,29
5.944241601485929,381.5498846766395,5,41,1681,1,1,21,52
4.808792781279121,122.58354300809772,1,50,2500,0,0,26,57
6.176268750024115,481.19315061117965,11,2,4,1,0,35,19
6.076514532258255,435.50859509787716,11,41,1681,1,0,29,58
6.025137269370462,413.6984262481042,3,53,2809,0,1,48,62
6.925102619999472,1017.4986799805259,15,35,1225,1,1,49,56
5.775281559738635,322.2351503916597,9,44,1936,1,0,39,59
6.048714702771732,423.56826890776,9,11,121,1,1,53,26
6.6501092740516485,772.8687754234581,6,27,729,0,1,27,39
7.477141279822811,1767.1816701963726,13,45,2025,0,1,53,64
6.529426849838296,685.0054879515918,6,10,100,0,1,53,22
6.011472314494614,408.0837057423127,11,12,144,1,1,55,29
6.144743954029419,466.26024971969713,10,2,4,1,0,26,18
7.531537169319192,1865.9716144595125,16,39,1521,0,1,33,61
6.034099863597528,417.42290292990225,10,23,529,0,0,39,39
6.655662972768447,777.1729968611947,2,47,2209,0,1,56,55
6.860428466286887,953.7756406622964,18,12,144,1,1,52,36
6.3512108356097,573.1863234138021,3,24,576,1,1,50,33
6.221350557838622,503.3826204841847,7,35,1225,0,1,52,48
6.510951014495508,672.4656381585239,13,1,1,0,1,45,20
6.064791269475983,430.432823826034,13,21,441,0,0,45,40
7.2902479200375,1465.9340865900886,15,38,1444,0,0,57,59
6.815712375515282,912.0660179114864,14,15,225,1,1,35,35
6.593498534898396,730.3314957958273,11,26,676,0,1,31,43
6.850400074596827,944.2586049934819,15,9,81,0,1,20,30
6.413196558457617,609.8399577854124,18,11,121,1,1,39,35
5.400009786818229,221.4085830791406,4,10,100,1,0,21,20
7.199291712164512,1338.482397775436,11,23,529,1,1,50,40
5.7769493423462865,322.7730169686452,4,10,100,1,1,37,20
6.4711420322143365,646.2213112674375,9,27,729,1,0,29,42
6.981652756507957,1076.6964142571949,16,22,484,1,1,25,44
6.9572618608790675,1050.7525081367723,14,41,1681,1,1,21,61
5.771170432127787,320.91311994763913,7,31,961,1,1,35,44
6.455233265121607,636.0220707159688,7,43,1849,1,1,24,56
7.133535087452955,1253.2996689226493,7,29,841,0,0,57,42
7.395987333560209,1629.432923473587,9,26,676,0,1,41,41
6.427819075129036,618.8228690615381,12,7,49,0,1,41,25
6.556536532480121,703.8297767135833,15,5,25,1,1,41,26
5.665617756218686,288.7663132137978,8,49,2401,1,1,20,63
6.939260982895934,1032.007262059319,15,33,1089,1,1,55,54
6.093039862181765,442.7653130032611,9,32,1024,0,0,32,47
6.474538303233037,648.4197851719455,2,28,784,0,1,31,36
6.631736020649134,758.7983174298485,13,14,196,1,0,32,33
7.108609900636174,1222.4470415756439,12,23,529,0,1,30,41
6.244948119317899,515.402484800741,3,52,2704,0,1,37,61
6.1926455871959325,489.138454382734,3,29,841,1,1,41,38
5.9638935034249485,389.1222273631865,5,42,1764,0,0,20,53
7.616966755750126,2032.3880414556704,18,33,1089,0,1,23,57
7.154367075022209,1279.6822386277681,10,40,1600,0,1,28,56
6.611802497958125,743.8225497300828,7,51,2601,0,1,22,64
6.63403695771043,760.5462747992325,13,4,16,1,1,27,23
7.147051317199975,1270.3545544215783,7,9,81,0,1,28,22
6.91242423477556,1004.6798723505515,13,12,144,0,0,37,31
5.909113610663397,368.3794830057182,6,50,2500,0,1,24,62
6.729668875863947,836.8701121776394,17,36,1296,1,1,41,59
6.358740707580325,577.5186334445815,11,4,16,0,1,56,21
6.517552968637298,676.9199127432662,13,6,36,0,1,24,25
7.1491028974513,1272.9634640162406,14,21,441,0,1,42,41
7.040465655103018,1141.9192233579317,17,5,25,0,1,35,28
6.663306606427964,783.1361837138386,11,17,289,0,1,24,34
6.851238114252941,945.0502628240887,9,23,529,0,0,56,38
6.894631283765807,986.9617488972333,11,26,676,1,1,58,43
6.383209172173142,591.8239282638551,7,47,2209,1,0,22,60
6.454593303063256,635.6151709365342,5,50,2500,1,0,45,61
7.3668312157882845,1582.6108766350123,18,38,1444,0,1,27,62
5.983790575483608,396.9421592481295,0,38,1444,1,1,40,44
7.257446268008836,1418.6291088937148,12,15,225,0,0,37,33
6.469880786450471,645.4067811453903,15,22,484,1,1,24,43
6.9912528640486835,1087.082590057594,17,27,729,0,1,25,50
6.457539235588271,637.4904111513677,11,31,961,1,1,46,48
5.548657297164587,256.89239408681806,4,54,2916,1,1,41,64
6.47411551111421,648.1456963424647,12,5,25,0,1,41,23
6.225109324703437,505.2782788354104,7,48,2304,0,1,57,61
5.734656443706596,309.40665389417245,5,14,196,1,0,57,25
6.659965227086894,780.5237955687908,2,16,256,0,1,46,24
5.433301970185656,228.90383255677588,3,42,1764,1,0,52,51
7.066194516639385,1171.6807279962065,11,44,1936,0,1,50,61
6.6586938568919365,779.5320914237767,12,13,169,0,1,47,31
5.84049961665544,343.9511414630553,1,26,676,1,0,49,33
7.7250626473170385,2264.394441254749,18,36,1296,0,1,53,60
6.124162476602254,456.76200416167694,3,17,289,0,0,36,26
6.647342245478573,770.7331814260174,12,9,81,1,1,54,27
6.543028395976958,694.3862736745072,18,10,100,1,1,55,34
6.0480681794261715,423.2945106385643,7,16,256,1,1,25,29
5.241433208449141,188.9406998554906,7,10,100,1,0,48,23
6.502079731958959,666.5263888171347,15,15,225,0,1,42,36
6.983236843274425,1078.4033464058991,10,44,1936,0,0,33,60
7.533161868897013,1869.0057218428285,17,35,1225,0,1,28,58
5.557290365014261,259.11976424008276,3,37,1369,1,0,34,46
6.061871272486688,429.17779450902,0,17,289,0,1,57,23
6.4394225484946235,626.0451846796092,0,36,1296,0,1,44,42
6.715918474559722,825.4415659134831,13,22,484,1,1,39,41
5.828013240188967,339.6831394165598,3,33,1089,1,1,41,42
5.9593306547679665,387.3507660590003,10,17,289,1,1,26,33
6.597548755139651,733.295497581079,17,10,100,0,1,37,33
5.915579135495406,370.7689660075769,15,2,4,1,0,36,23
6.670233815022369,788.5799647507882,16,32,1024,0,0,33,54
6.031000840313705,416.1313020188752,1,31,961,1,0,45,38
6.425847442876963,617.60397992999,3,12,144,0,1,59,21
5.94348586840214,381.2616437359996,2,43,1849,0,1,51,51
6.987062851053015,1082.5372290885925,14,25,625,0,1,48,45
6.1906238104069535,488.15052463230546,1,48,2304,0,1,59,55
6.778569542063195,878.8107227899652,18,34,1156,1,1,26,58
6.473777358818021,647.9265614395547,8,31,961,1,0,28,45
6.8085632640490505,905.5688085942517,9,19,361,1,0,31,34
6.652478602527379,774.7021264688316,18,7,49,0,1,22,31
6.22747817927726,506.47662839482507,4,14,196,1,0,51,24
7.11382845362866,1228.8431208664556,13,20,400,0,1,52,39
6.270211202627582,528.5890054761189,9,3,9,0,1,34,18
7.211725228817697,1355.2283306435816,15,25,625,0,1,28,46
6.2475635042867195,516.7522249881021,5,37,1369,0,1,36,48
6.2406746272203275,513.204615987303,7,34,1156,0,0,47,47
5.5835829636722485,266.0230511996213,1,25,625,0,0,32,32
6.914224117741665,1006.4898068857356,17,12,144,1,1,40,35
6.073212859517283,434.07305937962786,7,39,1521,1,0,24,52
6.944896261027553,1037.8393272357944,4,37,1369,0,1,26,47
7.356321433139239,1566.0650789697963,16,29,841,0,0,57,51
7.343628359399231,1546.3125249536913,15,38,1444,0,1,56,59
5.8576646471525855,349.90603504989764,4,18,324,0,0,38,28
7.355411324199661,1564.6404375292566,16,22,484,0,1,51,44
6.055309901011381,426.3710177923141,3,32,1024,0,1,22,41
6.154732958942859,470.9410650678445,0,46,2116,1,1,58,52
7.221241541024267,1368.1866665419104,5,45,2025,1,1,54,56
5.972226557256406,392.3783517185619,0,19,361,0,1,46,25
5.776565377064367,322.64910712624993,3,26,676,1,1,57,35
6.039575648858364,419.7148905984947,1,23,529,1,0,27,30
7.195585453256924,1333.5308170541632,12,44,1936,0,1,38,62
6.40102822389224,602.4641875771587,13,22,484,0,0,49,41
7.165780938918994,1294.372031702716,16,18,324,1,1,59,40
6.05836652550694,427.67626770267805,10,13,169,1,0,29,29
6.3916166749970325,596.8206652187208,2,39,1521,0,0,49,47
7.022789508786203,1121.9118397371387,6,36,1296,1,1,28,48
6.6099992157721275,742.4824364409731,9,30,900,0,0,41,45
6.288699326099819,538.4525222806659,10,23,529,1,0,50,39
6.6858819940383,801.0168588003352,9,46,2116,0,1,29,61
6.487605938275534,656.9487033052911,7,32,1024,0,0,55,45
5.446506003211355,231.94632872760957,4,20,400,1,1,29,30
6.278652372178431,533.0697998606855,1,35,1225,1,1,46,42
6.4073804776116186,606.3033737863107,14,41,1681,0,1,34,61
6.827299678139843,922.6958695937503,15,42,1764,0,1,38,63
5.514514003571776,248.26928993490262,3,15,225,0,1,30,24
7.230831729936059,1381.3709539960037,15,41,1681,0,0,51,62
6.170915623960692,478.6241452546408,11,6,36,0,0,39,23
6.731128300863418,838.0923530081334,13,22,484,1,0,34,41
7.0817244887255795,1190.0189242682775,11,19,361,0,1,23,36
6.014783075815256,409.43701249254184,15,15,225,1,0,36,36
6.236636119039842,511.13621438699084,15,32,1024,1,1,20,53
5.926474562763461,374.8307395077112,11,9,81,0,0,38,26
6.15688804759616,471.9570792205998,1,46,2116,1,1,24,53
6.58106360170027,721.3061038039368,13,36,1296,1,0,37,55
6.333996591981138,563.4037953787807,10,41,1681,0,0,36,57
6.251644414092401,518.8653530199789,8,32,1024,1,0,23,46
5.8096668170183055,333.50798797514835,6,29,841,1,0,38,41
6.272946458057547,530.0368105792913,11,5,25,1,0,50,22
7.062775524383522,1167.681601048527,16,37,1369,0,1,22,59
5.510410295305923,247.25255282074554,8,48,2304,1,0,22,62
6.6673523678703015,786.3109838014226,5,32,1024,0,0,48,43
6.166554200218446,476.5412081314308,11,14,196,1,1,27,31
6.643863746608997,768.0568444418988,9,41,1681,1,1,24,56
7.493905959860556,1797.0576362436448,8,32,1024,0,1,50,46
6.726375985353826,834.1189226958718,11,6,36,0,0,46,23
6.42969077064225,619.9822016694033,0,18,324,0,1,52,24
6.1024154143973215,446.93600302499715,1,47,2209,0,0,37,54
6.739978450653803,845.542514766336,18,11,121,1,1,43,35
6.392014754234786,597.0582944286962,0,34,1156,0,1,45,40
7.222089599481685,1369.3474609569878,15,40,1600,0,0,50,61
6.645491906163249,769.3083821064129,15,34,1156,0,1,33,55
6.734830961524137,841.2012766865013,17,0,0,1,1,44,18
7.106351989976603,1219.6899791413675,17,0,0,0,0,51,21
6.718448793624468,827.5328411255326,12,43,1849,1,1,58,61
5.942167309227837,380.75925898264126,11,47,2209,1,1,33,64
6.857157815516054,950.6612694145657,8,38,1444,1,0,46,52
6.295997990412623,542.3968832627182,4,30,900,0,0,41,40
7.309298439551496,1494.1285998794117,8,30,900,0,1,57,44
6.744603927694568,849.4626114247083,12,25,625,0,1,26,43
6.985823892866978,1081.1968412406318,15,4,16,0,1,52,25
6.26203331423717,524.2838909510268,9,45,2025,1,1,52,60
7.725859509943667,2266.199571681896,15,12,144,0,1,43,33
8.229606996915827,3750.3595595542797,13,39,1521,0,1,45,58
5.800983199383092,330.6244699326807,1,13,169,1,1,50,20
7.475075105636697,1763.5341345668537,18,25,625,0,0,46,49
6.972437748672076,1066.8202228410212,10,6,36,0,1,32,22
6.811515392399611,908.246113877494,18,13,169,0,1,50,37
7.251978335692605,1410.8933096317535,10,15,225,1,0,51,31
7.859628990702471,2590.559075595171,13,30,900,0,1,42,49
6.37259136627537,585.5732993734443,14,23,529,1,0,56,43
6.330804847246084,561.6084209936995,6,52,2704,0,1,59,64
6.206252332220223,495.8395230917897,14,3,9,0,1,35,23
6.096195261877718,444.1646210643827,7,40,1600,1,1,58,53
6.094660941853003,443.4836529371214,3,48,2304,1,1,27,57
5.958004692627623,386.8374939730516,17,0,0,1,0,37,22
6.505780373658632,668.9975337563857,13,11,121,1,0,46,30
7.7900698992876745,2416.48648697591,17,26,676,0,1,28,49
6.440174444605764,626.5160826303517,3,24,576,1,1,47,33
6.052226877223278,425.0585300569608,1,11,121,1,1,41,18
6.032230145436802,416.64316891616687,5,19,361,1,0,30,30
6.74320542500398,848.2754659836097,10,12,144,1,1,41,28
5.8796892987645375,357.6980872042089,0,19,361,0,1,33,25
6.603559765222718,737.7166186003424,14,22,484,1,1,42,42
5.950032787853438,383.7659217156272,11,40,1600,1,1,21,57
7.706042956426143,2221.7333453968654,17,26,676,0,1,34,49
6.338190431264309,565.7715819358248,4,31,961,0,0,24,41
6.179108391567634,482.5615085756862,10,29,841,1,0,48,45
7.000478032676209,1097.1575102306638,18,7,49,0,0,52,31
5.79196564830932,327.6564491406912,0,56,3136,1,1,49,62
6.7404416586849445,845.9342675743662,16,0,0,0,1,36,20
5.777679476452535,323.0087706123255,7,40,1600,1,1,20,53
7.750926939683137,2323.725369885122,15,23,529,0,1,33,44
6.601581220469217,736.2584562504551,10,21,441,0,1,36,37
7.1646775839752905,1292.9446675120187,18,40,1600,1,1,28,64
6.39875500377955,601.0962093157209,10,16,256,1,1,54,32
7.055835913505343,1159.606396902158,14,24,576,0,1,50,44
6.362426855218606,579.6513807871825,7,49,2401,0,1,31,62
6.224298415015489,504.868709868158,13,39,1521,1,1,21,58
5.263544040898605,193.16486380941768,0,39,1521,1,1,34,45
6.56541039432983,710.1032587570569,9,27,729,1,1,53,42
6.559342679026025,705.807599943468,6,47,2209,1,1,56,59
7.8106900265274675,2466.832027684022,17,38,1444,0,1,49,61
6.505711290959721,668.9513191975208,11,46,2116,1,1,33,63
5.575424155323105,263.8614501435768,1,43,1849,1,1,23,50
7.255277835798975,1415.5562406974075,17,40,1600,0,0,27,63
6.150354313898389,468.88348929144655,6,19,361,0,1,42,31
6.635377243143726,761.5663073073533,11,8,64,1,1,26,25
6.270578659817174,528.7832749972005,13,12,144,1,0,36,31
6.389576086665887,595.6040416695663,9,3,9,1,1,41,18
6.7235794277066026,831.7895197169066,8,19,361,1,1,57,33
7.077243747275572,1184.6986853567428,14,15,225,0,1,45,35
5.88624448901914,360.0505682760999,9,9,81,1,0,27,24
6.1946476097397865,490.11870150648406,18,8,64,1,0,41,32
7.551134270357324,1902.8999106576352,18,17,289,0,0,59,41
6.292821417183967,540.6766535084467,11,13,169,0,0,41,30
6.311423853842326,550.8286902600829,11,9,81,1,1,59,26
6.310095914817215,550.0977088029567,8,18,324,1,0,24,32
5.944769583337414,381.751389281891,3,43,1849,0,1,28,52
6.450516157108133,633.0289508942137,0,35,1225,0,1,39,41
7.043154564739179,1144.993872836105,15,29,841,0,1,41,50
6.531263067964696,686.2644629678849,0,27,729,0,1,53,33
6.583018045471916,722.7172345646372,12,7,49,0,1,54,25
6.211974495076943,498.6849307728287,2,38,1444,1,1,55,46
6.4317733798857235,621.2747277796325,11,23,529,1,0,38,40
6.619537852735416,749.5985921110002,8,48,2304,1,1,47,62
5.941399704735104,380.467098610949,3,39,1521,0,0,26,48
5.643412901453647,282.42496408702425,1,50,2500,1,1,57,57
5.5002736073340595,244.75889093124653,8,17,289,1,1,22,31
7.178199507711599,1310.5465038496236,12,29,841,0,1,51,47
7.748597661396493,2318.3190656747706,13,37,1369,0,0,50,56
5.911519570795758,369.2668564198811,2,36,1296,1,1,44,44
7.710920311845945,2232.5959975441265,17,41,1681,1,1,52,64
6.283820478613139,535.8318925702469,8,19,361,1,0,24,33
6.916910733295523,1009.1974936837954,14,3,9,0,0,48,23
6.232326738371438,508.9382731499816,9,35,1225,1,1,50,50
7.67846104127953,2161.2910733948215,16,39,1521,0,1,45,61
6.75744655582309,860.4422969523717,12,17,289,1,1,40,35
6.018337724431271,410.89500699620584,0,27,729,1,1,53,33
6.771108529860891,872.278304792063,10,13,169,0,0,56,29
5.925410188957411,374.43199173286484,4,27,729,0,1,20,37
6.703373526844786,815.1511260971814,8,48,2304,0,1,23,62
6.70635979366314,817.5890231508074,6,45,2025,0,0,41,57
5.809059538365396,333.3055171777953,6,34,1156,0,1,35,46
6.10854493270392,449.68391853313483,1,40,1600,1,1,51,47
6.6598668259434675,780.4469949135333,18,19,361,1,1,53,43
6.435380956266671,623.5200715029529,17,16,256,1,0,40,39
6.710070521422554,820.6285092999365,9,35,1225,1,1,46,50
6.420769736408939,614.4759166209992,4,46,2116,1,1,56,56
6.5175547929181175,676.921147636406,15,43,1849,1,1,22,64
7.250435849293114,1408.71870347189,4,36,1296,0,1,53,46
6.6626622801396875,782.6317510104483,14,19,361,1,1,26,39
7.21602846687663,1361.0727667556403,15,41,1681,0,1,48,62
6.135137674848488,461.8026682549017,3,21,441,0,1,22,30
5.832016820650896,341.04581416562206,13,7,49,1,0,57,26
7.219584326717242,1365.9211657520866,16,19,361,0,1,21,41
6.282412720792661,535.0781017349788,16,10,100,1,0,31,32
7.732591722049019,2281.50757842907,15,32,1024,0,1,34,53
5.919913856787879,372.37963451664683,8,16,256,0,0,35,30
6.045272199026532,422.1126404963598,1,37,1369,1,1,22,44
6.946011866722798,1038.9977927752343,10,45,2025,0,1,46,61
7.350507084101095,1556.9858504641636,14,34,1156,0,0,42,54
6.3531594320127205,574.3043211312767,2,16,256,0,0,52,24
6.717074750362883,826.3965560326566,15,4,16,1,1,46,25
7.967417581536781,2885.396433720253,18,30,900,0,1,43,54
6.535060124674916,688.8752014763456,5,47,2209,0,0,57,58
6.393087266271081,597.6989901513626,13,12,144,1,1,46,31
6.55866233747575,705.3275730163739,4,19,361,1,0,50,29
5.138288539161201,170.4238448483275,4,43,1849,1,0,34,53
6.1963301293786595,490.9440299681203,5,46,2116,0,1,54,57
6.651472260300823,773.922903154387,17,11,121,1,0,55,34
6.858006472553161,951.4683972296671,17,34,1156,1,1,43,57
7.239299848153658,1393.1182350202673,18,22,484,0,0,36,46
6.3262453860218555,559.0536178637972,1,37,1369,0,1,53,44
5.9675620585997695,390.5523653902126,16,0,0,1,1,20,18
5.771902998998469,321.14829639840093,0,45,2025,1,0,39,51
5.500789223685506,244.8851251589918,8,7,49,1,1,25,21
6.430450365736959,620.4533160140187,12,23,529,1,0,24,41
5.988734832557067,398.90960309286237,3,29,841,1,1,48,38
6.156733571957814,471.8841789803155,4,40,1600,0,1,25,50
6.721185390775685,829.8005666514595,17,1,1,0,1,52,24
6.818724081570852,914.8170332060258,9,3,9,1,0,57,18
6.112475511942089,451.45491504804914,3,49,2401,0,1,48,58
6.82293248760165,918.6750671182065,12,2,4,0,0,29,20
6.466574484372681,643.2763951544001,12,43,1849,1,1,51,61
7.021783140052439,1120.7833506728855,16,10,100,0,1,44,32
6.6416663996226,766.3710099094113,7,35,1225,0,0,47,48
6.210333804706841,497.8674140384987,3,24,576,1,1,48,33
5.891969125588171,362.11763789203906,2,19,361,1,1,54,27
6.793467623565834,892.0013299603472,10,30,900,0,0,51,46
6.856616422865206,950.1467276869818,11,6,36,1,1,55,23
5.556008673366229,258.787865343873,8,32,1024,1,0,26,46
7.025479053782415,1124.9333335122571,14,14,196,0,0,29,34
7.264150987786104,1428.172576925338,12,21,441,0,1,53,39
6.481632368681329,653.0360723276964,4,31,961,0,0,52,41
5.5779099055678385,264.5181596776412,4,24,576,1,1,45,34
7.340164723274227,1540.9659257140127,18,14,196,0,0,32,38
5.851789952464999,347.85647010333895,10,12,144,1,1,49,28
5.899773948756266,364.9549600175605,8,10,100,1,0,51,24
5.844001356324707,345.1576800785731,2,51,2601,0,0,52,59
7.29877451876458,1478.4869589069372,17,33,1089,0,1,25,56
6.750244395319419,854.2675159983687,12,4,16,0,1,55,22
6.645406223487575,769.2424685296812,11,44,1936,0,1,21,61
5.973458780059041,392.8621472815569,8,24,576,1,0,26,38
6.617265168149461,747.8969253534007,9,20,400,1,0,49,35
8.094959528505122,3277.9041828424274,12,34,1156,0,1,45,52
6.152789046962859,470.02648630788923,12,19,361,0,0,44,37
6.449683427141699,632.5020281398167,8,18,324,0,1,52,32
5.972087926751037,392.32395987963827,9,7,49,1,1,25,22
6.430843021831926,620.6969886268313,18,6,36,1,1,27,30
5.8872516849895975,360.41339244447653,5,18,324,1,1,28,29
6.351593721537186,573.4058304112533,6,26,676,0,1,30,38
7.167429607558139,1296.5077823675754,14,34,1156,0,0,43,54
7.382667290614144,1607.8727171652388,18,0,0,0,1,25,23
7.122513650676441,1239.5623474278823,13,5,25,1,1,59,24
6.4788395442455915,651.2148016559053,15,22,484,1,1,35,43
6.182809095643032,484.35063438782396,13,40,1600,1,0,36,59
5.208959972259686,182.90373428233926,1,18,324,1,0,43,25
5.857388448230971,349.8094047255604,8,12,144,0,1,26,26
5.63419215967593,279.83276578334215,2,36,1296,0,0,59,44
6.92849795739763,1020.9593029679693,5,10,100,0,1,59,21
6.754173365658369,857.6305099558526,4,28,784,0,1,46,38
6.616348869276511,747.2119421162264,13,29,841,0,0,29,48
6.927695158642069,1020.1400070189549,14,18,324,0,1,28,38
6.4282086598721,619.0639999773966,17,34,1156,1,0,29,57
6.369925252377747,584.0141735889125,16,20,400,1,0,49,42
6.563246372499962,708.5682413083196,8,42,1764,1,1,28,56
7.2270724395574435,1376.1877281890252,18,8,64,0,0,45,32
6.589534553222636,727.442205459557,8,38,1444,0,1,53,52
7.682612839479512,2170.2829711389845,15,39,1521,1,1,54,60
6.516806921700074,676.4150870508644,5,47,2209,1,0,46,58
5.745731172013735,312.85229306417864,7,41,1681,1,0,39,54
5.473847639565479,238.37561397014272,2,51,2601,1,1,43,59
6.002672139330213,404.50825302960135,4,54,2916,1,0,46,64
7.34186400253113,1543.586683215973,6,33,1089,0,1,38,45
5.6685822020948615,289.6236154053294,0,25,625,0,1,37,31
6.0087479957576875,406.9734686630368,3,12,144,0,0,31,21
6.830907430725117,926.0307400793182,15,16,256,1,1,59,37
7.151685183356479,1276.2548674705736,13,32,1024,0,0,37,51
4.711025615438579,111.16611514252206,0,23,529,1,0,27,29
5.756776361100158,316.3269596472996,3,41,1681,1,0,55,50
7.094603295918384,1205.4440640449964,9,26,676,0,1,57,41
6.3217642690795275,556.5540378629775,10,21,441,1,0,35,37
5.265920520860803,193.62446213446205,6,10,100,0,0,32,22
5.822263186139918,337.7355477501564,3,46,2116,1,1,45,55
5.486977094027766,241.5259918544446,0,41,1681,1,0,45,47
6.2967766044617965,542.8193655502331,0,35,1225,0,1,40,41
7.368280305148593,1584.9058836513777,16,38,1444,0,1,40,60
6.7995001569812255,897.3986210915253,9,42,1764,0,1,27,57
6.36364203496434,580.3561895526396,4,14,196,1,0,52,24
6.328561075247534,560.3497124001545,6,41,1681,0,1,25,53
6.358602753448519,577.4389678581276,7,42,1764,1,1,21,55
6.302795114958955,546.0961804811998,1,26,676,0,1,27,33
6.021562619700233,412.2222393026385,8,18,324,1,1,25,32
5.603915814232584,271.48742301542586,3,54,2916,1,1,25,63
6.634548047231573,760.9350813796477,11,23,529,1,0,41,40
6.88922382996248,981.6392025157701,10,13,169,0,1,44,29
6.47034943481971,645.7093208677062,4,36,1296,1,0,50,46
7.291318355751547,1467.50411494811,11,44,1936,0,1,54,61
5.964088694130475,389.1981878184278,3,23,529,0,1,24,32
6.9256111343019855,1018.0162241902484,12,28,784,0,0,41,46
5.739360700724017,310.8656112816913,0,56,3136,0,1,44,62
6.325001406389064,558.3585989338605,17,37,1369,1,1,37,60
6.241943955823044,513.8564548967879,3,29,841,0,0,28,38
5.679467153730943,292.79337449226324,3,23,529,1,1,44,32
6.7430063787909,848.1066367674226,7,18,324,0,1,48,31
6.583760259632425,723.253844645341,5,48,2304,0,1,52,59
6.133744439646415,461.1597165165786,3,52,2704,0,1,27,61
6.0376466795299795,418.90605380934466,3,24,576,0,1,59,33
5.90928387965571,368.442211949324,10,16,256,0,0,32,32
6.248569048602577,517.2721035873258,8,45,2025,1,1,27,59
6.402503318566278,603.3535350661631,13,2,4,1,1,46,21
5.993863536231851,400.96074760029916,3,35,1225,0,0,22,44
6.916840476184258,1009.1265928738658,12,22,484,0,1,52,40
6.224716846620276,505.08000709627123,5,35,1225,0,1,50,46
7.053171416603655,1156.5207419350468,12,40,1600,1,1,47,58
6.536706395945394,690.010210939874,2,18,324,1,1,40,26
6.516071656250775,675.9179252033332,6,48,2304,1,1,48,60
6.358446419335724,577.3487015054333,0,54,2916,0,1,48,60
5.577841782882292,264.5001406039889,10,8,64,0,0,28,24
6.346197351108183,570.3198541685157,1,52,2704,0,1,41,59
5.320922724373901,204.57255901757313,4,11,121,1,0,27,21
6.547062966106855,697.1934829262613,13,3,9,0,1,36,22
6.771339243647426,872.4795746396453,12,4,16,1,1,42,22
7.036365410999446,1137.2466616636282,15,7,49,0,1,58,28
7.586239780507558,1970.8885891312564,14,38,1444,0,1,49,58
6.040405519786545,420.06334435014855,2,37,1369,0,1,34,45
5.277094241441903,195.8001001214731,5,22,484,1,0,33,33
6.815842006762003,912.1842578301084,8,44,1936,0,0,44,58
5.989900562697427,399.3748951902863,2,39,1521,1,1,35,47
6.631681934530979,758.7572780842357,12,3,9,0,1,37,21
6.793330894837024,891.8793760898936,12,1,1,0,1,51,19
6.9615037908389095,1055.2191936672216,6,51,2601,0,0,57,63
5.803376004505926,331.4165371113554,4,10,100,1,1,34,20
5.9462261398609115,382.30783690863626,7,25,625,0,1,56,38
7.034958652400345,1135.647954903924,7,10,100,0,1,52,23
6.513853084494279,674.420015009793,6,48,2304,0,1,32,60
6.826706928109897,922.1491036531905,18,11,121,0,1,26,35
6.296898927676818,542.8857690214631,6,49,2401,1,0,38,61
5.638183174412546,280.9518140590831,3,13,169,0,1,40,22
5.670152284388715,290.07870548670957,9,11,121,1,1,56,26
6.622587098320723,751.8877906993644,12,19,361,1,0,28,37
6.3016100589630275,545.4494092339312,3,36,1296,1,1,23,45
7.787036149310285,2409.166580148418,18,19,361,0,0,50,43
6.397367932827487,600.2630242014036,9,20,400,0,1,26,35
6.041429508590968,420.4937048164567,6,24,576,1,1,32,36
5.945279966182556,381.94627837188335,4,10,100,1,1,59,20
5.782820705426645,324.6737089098618,2,18,324,0,1,55,26
5.815578432925214,335.485398188035,1,46,2116,0,1,27,53
6.532739284372582,687.2782859552198,10,32,1024,1,1,45,48
6.363183309624565,580.0900265149289,9,19,361,0,1,46,34
6.9916933811946205,1087.5615740701533,12,22,484,1,0,45,40
6.231434696333268,508.4844812463169,6,39,1521,0,1,33,51
7.3277209413358735,1521.9092959383524,9,43,1849,0,1,39,58
6.649422550474848,772.3382104102046,3,49,2401,0,1,47,58
6.5059126785661885,669.0860512687665,15,1,1,0,0,27,22
5.722267450110195,305.59706405923174,5,21,441,0,1,24,32
6.5131599771087005,673.9527314739494,8,50,2500,1,1,32,64
6.707094532678978,818.189958443306,12,2,4,1,1,21,20
5.716616843520135,303.87512485735476,6,24,576,1,0,33,36
6.714957838754679,824.6489979358349,17,22,484,1,0,22,45
6.462755016060425,640.8241075457249,13,1,1,0,1,35,20
5.394368354281009,220.16303812681474,4,45,2025,0,0,28,55
6.489199788638217,657.9966161205892,12,3,9,1,1,58,21
6.323629329154377,557.5930131529896,7,28,784,0,1,21,41
6.441127084575446,627.1132112714605,14,28,784,0,0,30,48
7.520063854990223,1844.6850826404686,18,38,1444,1,1,43,62
6.495586123467158,662.2122497233261,8,48,2304,0,1,48,62
5.787584143797578,326.22396144781544,5,17,289,1,1,33,28
7.023488890717179,1122.6967590531976,13,35,1225,1,0,59,54
5.958361310135074,386.9754715970969,9,3,9,0,1,41,18
6.922377952583298,1014.7301079130131,8,12,144,0,1,53,26
7.007316297133223,1104.685874573101,16,12,144,1,1,55,34
6.763666929224321,865.81125046569,12,0,0,0,1,52,18
7.505608791163463,1818.211839203673,16,0,0,0,1,58,20
7.15930029012793,1286.0107835800613,18,40,1600,0,0,37,64
6.361397288847122,579.0548983301688,12,25,625,1,1,41,43
5.5975149188130215,269.75521018383756,8,34,1156,1,1,44,48
5.5881353627802355,267.2368550641488,0,37,1369,1,0,56,43
5.631690840221486,279.13368931357115,0,34,1156,1,1,24,40
6.102970604287715,447.18420626912,4,37,1369,1,1,51,47
6.743387848430518,848.4302254162063,7,14,196,0,1,55,27
5.75533177311278,315.87032742343155,17,2,4,1,0,28,25
5.971490511155055,392.08964942465786,3,52,2704,0,1,33,61
6.4235260728903425,616.1719553598614,0,36,1296,0,1,51,42
6.917277964536054,1009.5681705892463,14,19,361,1,1,28,39
6.832472164766836,927.4808661369291,3,23,529,0,1,42,32
6.06977425333333,432.58301637708945,8,44,1936,1,1,28,58
5.925995359181239,374.6511623050678,9,12,144,0,0,40,27
7.147083901881575,1270.3959491946675,14,17,289,1,1,51,37
6.0471788706309395,422.9182384431649,2,50,2500,0,1,29,58
5.639171655718389,281.2296669787075,1,57,3249,0,0,48,64
6.179751788501336,482.8720870725388,4,30,900,0,1,53,40
5.255764738392342,191.66800570510517,0,12,144,0,0,41,18
6.134933131065066,461.7082190497706,10,3,9,0,1,24,19
7.351119402486588,1557.9395134692536,11,19,361,1,1,30,36
6.050227947373118,424.209716515163,2,23,529,1,1,47,31
7.238611943941581,1392.1602326631812,15,4,16,0,1,43,25
6.980109246149565,1075.0358041031222,13,36,1296,0,1,53,55
6.225807121006549,505.6309831940118,11,12,144,0,1,59,29
7.36263497571675,1575.9837756346192,15,22,484,0,1,29,43
6.072849188010557,433.9152280772075,7,31,961,1,1,45,44
6.851882540561936,945.6594743516607,16,24,576,0,1,26,46
6.543773432476388,694.9038095607204,16,10,100,1,1,26,32
6.916453017855777,1008.7356741082216,6,51,2601,0,1,34,63
6.403217586808325,603.7846452808269,14,0,0,1,1,22,18
6.219588061037561,502.49619161935743,8,46,2116,1,1,45,60
6.2651788269203825,525.9356289992149,3,36,1296,0,1,26,45
5.9589356078056195,387.19777453691364,7,7,49,1,1,21,20
6.463463995553531,641.2785997904662,9,20,400,1,1,29,35
6.856426138540081,949.9659468585585,14,31,961,1,1,49,51
7.213876584776154,1358.1470476616726,17,26,676,0,0,22,49
6.935917615599897,1028.5626442500334,13,27,729,1,0,57,46
6.402327706854853,603.2475884222843,4,32,1024,1,1,48,42
6.375139737056571,587.0674602892152,8,29,841,0,1,44,43
6.885884445597597,978.3665991923168,12,38,1444,0,1,23,56
7.200155206939749,1339.6386694781042,18,1,1,0,1,24,25
5.6483076197844735,283.8107434689572,10,20,400,0,0,25,36
7.001881263099099,1098.698155715228,11,47,2209,1,1,38,64
6.17726426496213,481.6724241030616,2,51,2601,0,0,37,59
6.079507431862953,436.81398107015804,1,32,1024,1,0,57,39
7.574576056132873,1948.034230421151,14,26,676,0,1,55,46
6.295937375611073,542.3640069796828,4,40,1600,0,1,31,50
5.983031958100224,396.64114621722064,6,43,1849,1,1,43,55
6.209137168215293,497.2720040386236,3,53,2809,0,1,49,62
5.962394411854081,388.53933452613865,4,53,2809,1,1,33,63
6.8368306826796905,931.5321304464699,15,31,961,1,0,58,52
6.5444086942634785,695.3453956431696,14,40,1600,1,0,21,60
6.425090653468671,617.1367605950815,15,0,0,1,0,53,20
5.8447118201499,345.40298925558614,3,27,729,1,0,39,36
6.4365321544177,624.2382799772129,5,16,256,1,1,55,27
7.670099325173611,2143.294317755995,17,21,441,0,1,42,44
5.766865500980548,319.5345804498034,2,24,576,1,1,54,32
6.59608095785841,732.2199579735369,4,18,324,1,1,53,28
5.726735305977175,306.9654823663687,1,57,3249,0,1,40,64
7.58637425977291,1971.15365060305,15,22,484,0,1,57,43
5.988335418570429,398.7503048330772,5,30,900,1,1,27,41
6.689437877049727,803.8702511985908,14,10,100,1,1,49,30
7.891508013829737,2674.4740250035143,17,26,676,0,1,39,49
6.139400610792203,463.7755055000761,5,43,1849,1,1,39,54
6.405068547408408,604.9032618083663,12,3,9,1,1,42,21
6.837858708085665,932.4902615502269,12,12,144,1,1,39,30
6.04661388741994,422.6793642251346,0,20,400,0,0,42,26
7.304585933469897,1487.1040743253695,15,30,900,0,1,23,51
6.443397172931503,628.5384307453148,3,45,2025,1,0,29,54
6.761276122826456,863.7437358870925,16,2,4,1,1,59,24
7.113979363126907,1229.0285789585917,17,0,0,0,1,24,18
7.8531213405080456,2573.755358980441,15,8,64,0,0,51,29
5.6088766720777326,272.8375797265496,0,32,1024,0,0,37,38
6.960559789564488,1054.2235354288682,5,17,289,0,1,44,28
6.677894354806958,794.6441106037748,10,45,2025,1,1,36,61
6.339554314130835,566.543754559602,5,50,2500,1,0,24,61
7.234490796439567,1386.4347408993872,16,39,1521,1,1,54,61
6.322973450880365,557.2274199153584,3,22,484,0,0,40,31
6.650336219160332,773.0441941161488,13,32,1024,0,0,55,51
6.738891056208719,844.6235762475654,13,32,1024,0,1,38,51
6.387141576576774,594.1558012142957,7,29,841,1,0,42,42
5.989134084363659,399.0689002702911,1,14,196,0,1,24,21
5.818936408632809,336.61384359116636,4,33,1089,1,0,52,43
6.094447906982366,443.38918551727306,3,24,576,0,0,23,33
6.8750096562121845,967.7847106740727,9,12,144,0,1,52,27
6.456925918283553,637.0995471247046,2,54,2916,0,1,54,62
6.5855214587138775,724.5287610134088,15,0,0,1,0,45,19
6.562356587462831,707.93804829915,9,37,1369,0,1,56,52
7.390494163856692,1620.5067109501792,14,16,256,0,1,41,36
5.726492621590912,306.89099567542087,3,14,196,1,0,30,23
5.686659014876305,294.90669402731527,0,30,900,1,1,45,36
6.328491373843539,560.3106565996097,14,5,25,0,1,32,25
6.418250021613494,612.9295615674439,9,16,256,0,1,33,31
6.778250666349633,878.5305360683941,17,4,16,0,1,26,27
5.941604898405225,380.54517606149864,15,0,0,1,0,35,20
6.479001549076735,651.3203101460978,8,41,1681,1,1,39,55
7.774289052424538,2378.6516022206624,18,22,484,0,0,46,46
7.002380841745746,1099.247178981665,16,10,100,1,1,53,32
6.218977078849766,502.18926916846624,9,25,625,0,0,41,40
7.75482181242753,2332.793632895142,18,16,256,0,1,57,40
6.368575662244566,583.226525443233,7,22,484,1,1,56,35
7.020335332468936,1119.1618461348435,18,39,1521,0,0,22,63
6.018587583168679,410.9976855308913,4,26,676,1,1,46,36
5.880105084867578,357.84684402131825,1,38,1444,1,1,26,45
7.3843691092274115,1610.6113545541505,14,23,529,0,1,54,43
6.6023560086827215,736.8291216683238,16,5,25,0,0,42,27
6.65576908387804,777.2554679257083,9,49,2401,0,1,21,64
5.724513068680126,306.2840896111573,1,14,196,1,1,43,21
5.9777906601920625,394.56767040621463,8,5,25,0,1,21,19
6.156039852566805,471.5569372951218,1,13,169,0,1,55,20
6.86866444735233,961.6633557292737,17,1,1,0,1,36,24
5.9826469867092635,396.4884801113764,11,16,256,1,0,30,33
7.195457203670381,1333.3598032446937,14,28,784,0,0,26,48
6.238531423907331,512.1058919691176,5,16,256,0,0,21,27
6.367031385819028,582.326557547698,17,13,169,1,0,34,36
7.075237473073181,1182.3242376397607,12,27,729,0,0,50,45
5.746950659455772,313.23404523045895,3,25,625,0,0,25,34
6.50492284495646,668.4240950747118,11,28,784,1,0,56,45
6.045166050263164,422.06783613957487,8,22,484,1,0,48,36
5.523039186698493,250.39487873949793,1,47,2209,0,1,23,54
7.416232368129821,1662.7570350524188,15,19,361,0,1,56,40
5.89061914918853,361.62911744671834,0,31,961,0,1,31,37
6.187853347954022,486.79999359402825,3,21,441,0,1,46,30
7.066019580216629,1171.475776288321,14,10,100,1,1,44,30
5.5297373933498335,252.07770504912403,0,54,2916,1,0,31,60
6.380306383990123,590.1084797548494,14,8,64,1,0,36,28
6.662982683363782,782.882548922835,2,24,576,0,1,31,32
6.843431773683745,937.7015990219455,12,16,256,1,1,50,34
7.7843399775975755,2402.679802027206,17,22,484,0,0,28,45
6.447478858176888,631.1091696887785,12,18,324,1,1,38,36
6.546889103162271,697.072277351259,9,6,36,0,1,48,21
6.467999538274611,644.1937521776915,6,27,729,1,0,44,39
5.826655433598329,339.2222283959551,7,26,676,0,1,34,39
5.9291408517345285,375.83148011343405,0,48,2304,0,1,28,54
7.880178755248967,2644.345208043123,17,33,1089,1,1,32,56
6.2329213176389775,509.2409672745618,11,34,1156,0,0,22,51
7.196289723594158,1334.4703140435006,17,27,729,1,0,29,50
6.552074874681083,700.6965240493513,11,44,1936,1,1,37,61
7.037257133179824,1138.261222022153,8,45,2025,1,0,29,59
5.563776612256991,260.8059416666136,1,50,2500,1,0,55,57
6.78080856700834,880.7806064066742,13,31,961,0,0,47,50
5.457828324342221,234.58742299076116,3,20,400,0,0,22,29
6.134477381386376,461.49784362019903,14,0,0,1,0,39,19
7.182821079149791,1316.617305656879,16,23,529,0,1,37,45
6.662297402128214,782.3462379853037,18,3,9,1,1,56,27
6.578182232039553,719.2307456532033,5,28,784,0,1,39,39
6.7367154740399275,842.7880256752835,8,20,400,0,1,29,34
6.552474714251483,700.9767462647396,16,21,441,0,0,53,43
6.627318577304824,755.4537614847935,14,0,0,1,1,41,20
5.775432003046197,322.283632160285,4,14,196,0,1,40,24
7.548629410280285,1898.139377364817,17,38,1444,0,1,52,61
5.965074939339848,389.58222201147345,3,16,256,0,1,35,25
6.443699564636818,628.7285242931514,1,30,900,0,1,54,37
6.8653809756426485,958.5109395733633,18,5,25,0,0,55,29
6.203673615766621,494.5625407505713,4,42,1764,0,0,20,52
5.439791734873356,230.39419538741416,3,25,625,1,0,31,34
6.680553890686537,796.760307931437,4,35,1225,0,1,32,45
7.168869874742984,1298.3764453453734,18,34,1156,0,0,27,58
6.594016242849765,730.7096921075079,12,9,81,1,1,50,27
7.372555794032504,1591.696637691211,15,18,324,0,1,24,39
6.774735893748805,875.4481211781801,11,38,1444,1,1,55,55
7.342515134524124,1544.5920891798464,8,36,1296,0,0,44,50
7.042143177248918,1143.836425769098,15,18,324,0,1,32,39
7.399878423249931,1635.7855444159409,13,42,1764,0,1,54,61
6.475796884775114,649.2363881179848,0,48,2304,0,0,51,54
6.023445204453782,412.9990135476834,3,21,441,1,1,27,30
7.060706776691364,1165.2684593824395,8,30,900,0,1,41,44
6.501835643978982,666.3637175911398,18,8,64,1,1,25,32
6.0127262661935355,408.5957439669375,13,20,400,0,0,30,39
6.61457530628917,745.8878891647147,11,30,900,0,1,26,47
5.686788605407053,294.94491361871053,3,51,2601,1,0,34,60
5.585167113966893,266.44480566759324,6,45,2025,1,0,23,57
7.452278194900138,1723.7857954066992,16,32,1024,0,0,59,54
5.66129195252279,287.51986471828957,0,45,2025,0,1,53,51
7.037753948748407,1138.8268684177015,13,42,1764,1,1,59,61
6.616344462274498,747.2086491589494,14,31,961,1,1,41,51
6.319607905097077,555.3551978137348,11,35,1225,0,0,49,52
6.438395006478286,625.4022273376389,11,42,1764,1,0,38,59
6.424591343040251,616.8286946914144,5,25,625,0,0,56,36
6.233743153038756,509.65965154969956,12,7,49,1,0,57,25
6.499888582503438,665.0675287570825,15,35,1225,1,0,49,56
6.339647687791126,566.5966572935027,13,31,961,1,0,51,50
6.722877700578991,831.2060351938607,6,49,2401,1,1,38,61
7.575708613194392,1950.241740174313,15,24,576,0,1,44,45
6.511246656630251,672.6644767264115,8,40,1600,0,0,56,54
6.7154045734702175,825.017479571988,13,23,529,0,0,42,42
6.091253122205703,441.9749128485568,6,41,1681,0,1,31,53
6.654551680312964,776.3098100884863,11,17,289,0,1,28,34
6.652195061590678,774.4824978405532,2,33,1089,1,1,56,41
7.1709473543232285,1301.076599684663,13,19,361,0,1,36,38
7.29163487290059,1467.9686786840991,18,0,0,0,0,54,19
6.607511465012669,740.6376208679526,10,32,1024,0,1,49,48
5.653880617502903,285.39683563367424,4,51,2601,1,1,23,61
6.761152602151206,863.6370522665449,12,32,1024,0,0,23,50
6.082346393713628,438.05584126102525,9,32,1024,0,1,43,47
5.71267942656244,302.68099422556145,6,17,289,1,1,22,29
6.5612065497351715,707.1243608100971,16,39,1521,1,1,28,61
6.939653633195775,1032.4125595850944,15,8,64,1,1,30,29
6.787812206028805,886.9709279153933,7,28,784,1,1,51,41
7.481965469758877,1775.7274869728221,16,19,361,0,0,59,41
6.515246979586286,675.3607412431913,12,10,100,1,1,48,28
6.83895103531393,933.5094025694176,10,14,196,0,0,53,30
7.483085065530246,1777.716697306291,17,21,441,0,1,53,44
6.3289438433931515,560.5642374745304,4,15,225,0,0,40,25
6.053439536408924,425.57429384751646,5,16,256,0,1,44,27
6.408282193184514,606.8503335443583,13,6,36,0,1,40,25
6.63846868609767,763.9242890070559,11,20,400,0,0,39,37
6.052339183971152,425.10626967881825,3,16,256,1,1,43,25
6.593452674136712,730.2980030051565,6,14,196,0,1,24,26
5.511577423911505,247.54129681585695,10,8,64,1,0,21,24
5.715013042441992,303.38816020608414,1,24,576,0,0,28,31
5.7665303258804546,319.4274983614452,3,36,1296,1,0,27,45
5.890598371839097,361.62160383023684,6,7,49,0,0,51,19
5.546830289685873,256.4234782484038,0,54,2916,1,0,26,60
6.0786392189450345,436.4348981152373,14,5,25,1,0,57,25
6.1686715505385274,477.55128177351344,7,17,289,1,1,39,30
6.448442586085256,631.7176803811054,4,28,784,0,1,34,38
7.487971477860395,1786.424611999799,13,45,2025,0,1,58,64
7.594829700561776,1987.8912859030033,17,22,484,0,1,47,45
5.912430131255348,369.6032493481813,2,44,1936,0,1,50,52
6.315250599033539,552.9406096130907,1,33,1089,0,0,41,40
7.132544727077464,1252.0590650158078,15,42,1764,1,1,59,63
6.444318016655511,629.117482981956,13,13,169,0,1,43,32
6.526270645601544,682.8468790255771,15,0,0,0,1,53,19
6.058034657492765,427.53435917775863,10,13,169,0,1,28,29
6.585998772941365,724.8746714466827,16,31,961,0,0,21,53
5.745460488760526,312.76762064793763,2,12,144,1,1,44,20
4.763040284388525,117.10140682265698,4,12,144,1,0,31,22
6.071111703209381,433.1619615474977,2,12,144,0,1,23,20
7.67476033685032,2153.3075553782687,14,44,1936,0,0,59,64
6.405403742189401,605.1060562106439,4,26,676,1,1,32,36
5.615647069593339,274.6910659376672,2,11,121,0,1,48,19
6.271202613521543,529.1133142343381,5,50,2500,1,0,51,61
7.23464069500344,1386.6425810530334,13,35,1225,1,1,46,54
6.935971572937305,1028.618144248977,1,27,729,0,1,49,34
6.70968891146747,820.3154090362506,17,8,64,0,0,58,31
6.504251617947064,667.9755813124821,5,34,1156,0,1,20,45
5.933538653411292,377.487952174891,4,34,1156,1,1,30,44
7.021541087253643,1120.512094756462,13,8,64,0,1,42,27
6.627129492569503,755.3109302142875,16,0,0,0,1,36,20
6.42069897773227,614.4324386565339,10,37,1369,1,0,34,53
6.359824150697377,578.1446811152357,0,49,2401,1,0,46,55
6.381309382711562,590.7006547312814,9,27,729,0,1,29,42
5.964036565845168,389.1779001130385,8,25,625,0,0,35,39
6.612931431478167,744.6627501153893,11,39,1521,1,1,56,56
6.127165921199186,458.13592575103866,0,58,3364,0,1,47,64
7.194124593383715,1331.5841376529554,17,24,576,0,0,21,47
6.118020017447299,453.96496136247066,11,21,441,1,1,58,38
6.238103438154334,511.886764838319,1,40,1600,0,1,54,47
5.969599281462265,391.34881859887145,0,39,1521,0,0,34,45
5.813898028038686,334.92212028557765,0,42,1764,0,0,30,48
6.307696526082948,548.7793927665009,0,37,1369,0,1,52,43
7.048531297122711,1151.1667786312062,11,43,1849,1,1,35,60
6.076033602651999,435.29919647774983,6,27,729,1,1,30,39
6.201436066939805,493.45717003937807,3,29,841,1,1,39,38
5.18718636054063,178.96430285121022,3,9,81,1,0,38,18
7.381300480848488,1605.6765622383846,14,34,1156,1,0,58,54
5.387391549144449,218.6323493790444,0,24,576,0,0,42,30
5.910397818167567,368.8528625959299,5,27,729,0,0,29,38
6.6192892012689155,749.4122264927876,13,44,1936,1,1,27,63
6.427433509053003,618.5843179477183,13,7,49,0,1,21,26
6.489467666891531,658.1729027154203,9,19,361,0,0,26,34
5.794155186792442,328.37465152427995,6,52,2704,0,0,45,64
6.504990358121493,668.4692240243364,11,21,441,0,1,59,38
7.189435597762353,1325.3549611659,18,24,576,0,1,38,48
6.649566593848382,772.4494686243531,8,42,1764,1,1,25,56
5.483302927375506,240.64021335489508,2,31,961,0,0,52,39
6.040197790650419,419.9760940170403,3,20,400,1,1,30,29
6.964452351548835,1058.3351630769932,12,5,25,0,0,55,23
6.644771294326455,768.7542090759258,9,18,324,0,1,31,33
6.643157936193846,767.5149331874643,13,24,576,0,0,47,43
5.817868035820525,336.2544065530038,5,11,121,0,1,28,22
6.324982071441675,558.3478032040938,7,13,169,1,0,42,26
7.797591554200821,2434.7309928562636,18,39,1521,0,1,59,63
6.680559739379699,796.7649679516297,9,42,1764,0,1,25,57
6.2497547335986505,517.8857891063972,4,21,441,0,1,38,31
6.346569499306807,570.5321371728031,4,51,2601,0,1,39,61
6.11671637439733,453.3735386814544,4,49,2401,0,0,37,59
6.925573257463047,1017.9776656839301,8,33,1089,0,0,46,47
6.679549774842214,795.9606698139535,8,29,841,0,1,52,43
6.605534226152906,739.1746501808369,14,42,1764,1,1,48,62
6.075049566780226,434.8710571402431,8,32,1024,1,0,28,46
6.831089084212519,926.198972072197,13,17,289,0,0,46,36
6.321820717611044,556.5854554078534,5,53,2809,1,1,58,64
6.6901300604274,804.4268694430007,7,12,144,1,1,30,25
5.562578468091486,260.4936456744469,1,33,1089,1,1,27,40
6.5316973628393935,686.5625688350784,4,49,2401,0,1,33,59
6.974207098816628,1068.7094722354868,16,30,900,0,0,32,52
6.897608746476688,989.9047698950543,9,33,1089,0,1,26,48
7.148390362266766,1272.0567558286073,13,33,1089,0,1,34,52
7.835599028338523,2529.0500283346028,17,26,676,0,1,57,49
5.850976947668674,347.5737760560919,0,16,256,0,0,37,22
5.867001118761688,353.1882209876769,1,26,676,1,1,55,33
5.559013005374536,259.5665190925994,3,25,625,0,1,50,34
6.970699641927151,1064.9675859228448,12,31,961,0,0,23,49
5.9976568614022145,402.48461052301127,15,34,1156,1,1,32,55
5.925683450426097,374.53432354988325,4,39,1521,1,0,58,49
6.282358716222827,535.0492058525289,9,22,484,0,0,49,37
6.923004576654295,1015.366161486624,16,0,0,0,0,38,19
7.192119503640917,1328.9168669091014,10,21,441,0,1,23,37
5.802872684660131,331.2497705629798,4,54,2916,1,1,20,64
6.922125214332308,1014.4736792063488,14,15,225,0,0,59,35
5.8738237469703005,355.60613178120997,3,9,81,0,1,51,18
6.593391832810886,730.2535720580379,6,34,1156,0,1,31,46
5.9090592996783,368.35947649639826,9,31,961,1,1,31,46
5.229249209340185,186.652613861093,3,27,729,1,0,39,36
5.879495478481486,357.6287647779631,4,51,2601,0,1,30,61
6.295019728541674,541.8665365241922,4,47,2209,0,1,49,57
5.361329701872619,213.00799535281683,10,7,49,1,0,50,23
7.81872078387012,2486.7223172492277,18,37,1369,1,1,47,61
5.983775514165956,396.93618082120094,4,46,2116,1,1,48,56
5.960772669168199,387.90973436491134,7,50,2500,1,1,41,63
6.6994972107853155,811.9974589503696,6,13,169,0,1,48,25
5.90011597280074,365.0798047377675,7,28,784,0,1,20,41
6.6016618568696135,736.3178278758538,12,19,361,0,0,40,37
6.508541878043702,670.847526585454,4,21,441,0,1,50,31
6.4565334449896294,636.8495516283742,17,0,0,0,0,46,22
6.835966813463908,930.727756002648,8,44,1936,0,1,54,58
6.075871812286324,435.22877495848877,1,50,2500,0,1,27,57
7.159930124806401,1286.8210128969242,15,30,900,0,0,59,51
6.889972094673015,982.3740033679793,13,14,196,1,0,27,33
7.16456502988505,1292.7991494907128,16,40,1600,0,1,25,62
6.185217769174827,485.5186831002676,5,13,169,0,1,34,24
6.125989023672938,457.597063868143,2,25,625,0,1,40,33
6.688692025505813,803.2709068693589,16,2,4,1,1,56,24
6.317563235564909,554.2208400498114,12,26,676,1,1,25,44
6.904133919349393,996.3851895819782,5,20,400,0,1,48,31
6.8274251865502675,922.8116829532717,7,18,324,0,0,44,31
6.372776268364521,585.6815831104855,5,50,2500,1,1,42,61
7.53490301604301,1872.262770498917,15,29,841,0,1,57,50
6.1396182677290785,463.8764604423745,5,39,1521,1,1,46,50
7.286585169929874,1460.574557656083,16,39,1521,0,1,42,61
6.746367937932615,850.9623945956239,2,29,841,0,0,38,37
6.337977963870011,565.6513866912804,11,47,2209,1,0,47,64
5.747798323355442,313.4996749892219,5,42,1764,0,0,53,53
6.4892334206289135,658.0187462287986,6,12,144,0,0,26,24
6.295289581877313,542.0127807479025,10,33,1089,0,1,32,49
5.25089152279308,190.73623838532714,8,6,36,1,0,23,20
7.191933876100128,1328.6702062333995,15,35,1225,0,1,30,56
6.397034579022833,600.062957586829,4,36,1296,0,1,40,46
7.142811302640125,1264.979635534228,14,21,441,0,1,40,41
6.202378831362242,493.92260326575763,3,30,900,1,1,45,39
6.06172929873237,429.11686685143,4,13,169,0,1,50,23
5.568314568916035,261.9921571879811,6,29,841,0,0,23,41
5.603229522770483,271.30116743506017,2,49,2401,1,1,22,57
5.670341287891218,290.1335365595172,3,31,961,1,0,58,40
6.924983327196956,1017.3773069510428,14,35,1225,1,0,40,55
5.83000903037176,340.36175265103014,1,20,400,0,0,57,27
5.763475897583733,318.4533185103375,4,23,529,1,0,37,33
6.811749973382345,908.4591961349979,6,16,256,0,0,52,28
7.640242655429852,2080.2485389354965,16,27,729,0,1,54,49
6.1422333699969,465.0911323794976,7,49,2401,1,1,51,62
5.982150192836087,396.2915559830725,8,9,81,0,0,30,23
6.479193156031117,651.4451196038501,9,26,676,1,0,58,41
6.704923324667299,816.4154249882033,10,34,1156,1,0,50,50
5.703963166974725,300.05421259330916,0,23,529,1,0,49,29
7.0920945566147156,1202.4237093685153,14,24,576,0,1,57,44
6.531039977721693,686.111381138243,7,42,1764,1,0,39,55
6.923048152244688,1015.4104076305947,18,11,121,0,0,59,35
7.224400297832519,1372.5152683909496,11,45,2025,0,1,45,62
6.436238967623409,624.0552883837031,5,45,2025,0,1,30,56
6.164435239932189,475.53250531466233,9,15,225,0,0,21,30
5.9850941864986265,397.4599548479456,4,47,2209,1,1,58,57
5.383954437564748,217.8821755533974,6,35,1225,0,0,36,47
5.7364539636409475,309.9633186805077,6,46,2116,1,1,43,58
6.517177709035909,676.6659397025297,8,16,256,1,1,49,30
7.586740449186796,1971.8755983797926,14,31,961,0,1,56,51
6.355258754192926,575.511237340544,5,42,1764,1,0,25,53
6.93668153513979,1029.3486835491442,15,26,676,1,1,42,47
6.480874141452771,652.5411102669958,6,30,900,1,1,54,42
6.28480068029142,536.3573733871369,14,0,0,0,0,45,19
6.020490637511116,411.7805811712675,1,46,2116,0,1,44,53
6.762063367610049,864.423981362249,7,22,484,0,1,55,35
6.9459699435634175,1038.954235618205,11,5,25,0,0,40,22
6.955584227136107,1048.9912080949046,10,20,400,0,1,42,36
5.564725361942014,261.05349863785193,5,48,2304,1,0,20,59
6.5590483564157696,705.5998953758892,12,17,289,0,1,29,35
5.981186185919882,395.90971226183615,15,28,784,1,0,44,49
5.880425875755444,357.9616564425365,7,25,625,1,1,41,38
6.504593498450593,668.203988182269,16,5,25,0,0,27,27
7.233559722780907,1385.1444687950802,12,36,1296,0,1,52,54
5.671797784334604,290.556422915101,3,30,900,1,1,31,39
6.7184062132518765,827.4976052190102,9,15,225,1,0,58,30
6.655527025892029,777.0673498011921,15,13,169,1,0,31,34
6.808223185062914,905.2608960322119,16,4,16,0,0,31,26
6.907523545383715,999.7682932497347,7,28,784,0,1,30,41
6.816855960617571,913.1096396432695,10,45,2025,1,1,27,61
5.980086733818708,395.4746676959689,4,21,441,0,1,27,31
6.942657130305355,1035.5180690835382,15,42,1764,1,1,56,63
6.317332359071172,554.0928982554498,7,12,144,0,1,35,25
6.7542112188800445,857.6629746481043,15,33,1089,1,0,55,54
5.683394038185757,293.9454006995379,3,27,729,0,1,37,36
6.3958384826345,599.3456535184071,5,34,1156,1,1,40,45
6.373936314177394,586.3613948087713,7,50,2500,0,1,23,63
6.4270352614779425,618.3380172907001,8,44,1936,1,0,26,58
6.736256253457159,842.4010889184441,12,29,841,0,1,53,47
7.379200380059367,1602.3080180022184,16,2,4,0,1,53,24
7.422235826163269,1672.769351320881,8,29,841,0,0,55,43
6.628081281907714,756.0301693324653,12,39,1521,1,1,56,57
6.280964198594184,534.3035903106165,8,49,2401,1,1,49,63
6.499995782472833,665.1388277973705,5,52,2704,0,1,45,63
6.658381286102796,779.2884705391697,9,13,169,0,1,31,28
5.4489179966995875,232.5064570034415,4,21,441,0,1,30,31
6.93751008506861,1030.2019037465857,6,26,676,0,1,48,38
5.749223578768393,313.94681066353775,10,9,81,0,1,22,25
6.22087698589155,503.1442890344787,8,6,36,1,1,30,20
6.013010619078035,408.7119458657181,9,30,900,0,1,28,45
6.388169601874013,594.7669224786841,10,30,900,1,1,45,46
6.20125321561514,493.3669489909415,2,32,1024,1,1,27,40
6.059056351492319,427.97139168586244,7,22,484,1,1,40,35
7.21062755130154,1353.7415431316724,16,30,900,1,1,27,52
6.049134613349231,423.74616705220984,6,18,324,0,0,25,30
6.409807583835744,607.7767237436888,11,12,144,1,1,37,29
6.75312159679817,856.7289550887017,15,43,1849,0,0,25,64
6.1926504214093985,489.1408189881524,14,2,4,0,0,40,22
7.159873958550628,1286.7487390084764,12,38,1444,1,0,42,56
6.653795520354118,775.7230175768982,17,5,25,1,0,55,28
6.523808034322734,681.1673614478331,17,5,25,0,1,37,28
6.531178048468545,686.2061195892146,4,54,2916,0,1,46,64
5.830265448779218,340.44903886002174,13,40,1600,1,0,22,59
6.696934759353278,809.9194184748291,10,48,2304,0,1,31,64
5.546839344367849,256.4258000919622,2,40,1600,1,1,39,48
7.040730829914993,1142.2220717253804,16,26,676,0,1,38,48
6.631799688551438,758.8466300649568,11,13,169,0,0,42,30
6.049068269292953,423.71805494520123,2,23,529,0,1,24,31
5.091256310752922,162.5940023883515,1,55,3025,1,0,38,62
5.940987510823273,380.3103047062162,3,50,2500,1,1,31,59
6.433147254044176,622.1288676794452,17,19,361,1,1,47,42
7.7469491458438124,2314.5004290446614,13,31,961,0,1,56,50
6.537403773582104,690.4915764573492,7,37,1369,1,1,53,50
5.815302377524988,335.39279841409007,1,25,625,0,0,35,32
6.333466189414515,563.1050437959738,18,9,81,1,1,23,33
6.3345220593928335,563.6999235089052,9,46,2116,0,1,25,61
6.493146651941349,660.5987706144103,4,45,2025,0,1,26,55
6.836896740189837,931.5936671720875,10,7,49,0,1,53,23
6.510894270068472,672.4274805638106,8,47,2209,1,1,23,61
6.701362426876723,813.5134230377836,15,21,441,0,0,34,42
5.68984077121123,295.84650960848046,4,22,484,1,0,32,32
6.684799546926223,800.1502695179498,14,1,1,0,1,28,21
6.77949341858257,879.623010550743,13,2,4,0,1,56,21
6.631356971409802,758.5107500093692,8,33,1089,0,0,36,47
6.388736809536693,595.1043745282697,4,41,1681,0,1,57,51
6.297709492642129,543.3259915963934,14,24,576,1,1,33,44
6.776699914411894,877.1692089503692,8,34,1156,1,1,56,48
5.697063772289223,297.99114529513383,3,40,1600,1,1,50,49
6.68820111683681,802.8766709924407,3,52,2704,0,1,21,61
6.138328138588545,463.2783857828779,6,44,1936,1,1,38,56
6.480817864715198,652.5043884154803,14,6,36,0,0,38,26
6.988417471016265,1084.0046493040447,16,36,1296,1,1,32,58
7.150591808016117,1274.8602044544787,17,2,4,0,1,40,25
6.134096785432694,461.32223282878243,6,19,361,1,1,50,31
7.259540249934933,1421.6028049538957,18,26,676,1,1,47,50
6.13871543367735,463.457845976224,9,25,625,0,0,20,40
7.355966688393898,1565.5096241403362,12,20,400,0,0,54,38
6.039331197442239,419.612303238443,1,22,484,1,1,29,29
6.10580956120223,448.45554675011175,10,3,9,0,1,27,19
6.058759207613486,427.8442414983928,4,20,400,0,1,32,30
5.499897887996255,244.66694755635766,5,10,100,1,0,38,21
5.551539789636103,257.63395273391905,2,29,841,1,0,22,37
5.57194612157333,262.9453251949665,0,25,625,1,0,22,31
6.319942290539265,555.5409315587267,2,39,1521,0,0,46,47
6.243631907501359,514.7245522092879,2,38,1444,0,1,37,46
6.391027677409342,596.4692427902642,3,16,256,0,1,54,25
6.282287014744052,535.0108434085904,6,17,289,1,1,53,29
7.301071690323067,1481.8872010730747,14,38,1444,1,1,49,58
6.31170993530756,550.9862946816623,10,39,1521,1,1,27,55
7.647554448832172,2095.5146297152623,17,20,400,1,1,40,43
6.384535914479776,592.6096472155933,11,2,4,1,0,38,19
5.9376114980787325,379.0285371199092,3,48,2304,1,0,59,57
6.583331527355568,722.9438288394209,10,15,225,0,0,49,31
4.785404941473517,119.74984494570381,5,12,144,1,0,46,23
6.70082658237517,813.077623114033,18,35,1225,1,1,39,59
7.272217817445973,1439.7399952972312,17,34,1156,0,1,33,57
6.978654267728922,1073.4727875601416,14,28,784,0,1,31,48
6.404875629937981,604.7865766569092,2,26,676,0,1,42,34
7.0615930811876195,1166.3016998725434,16,20,400,1,1,31,42
5.503809343634914,245.62582554980955,0,43,1849,1,1,58,49
5.778700979208754,323.3388935438249,1,22,484,0,1,49,29
6.1328559020606015,460.75014076406217,18,6,36,1,0,46,30
6.208232360180285,496.82227182512725,8,22,484,0,1,43,36
6.084137596641754,438.8411913172578,7,48,2304,1,1,22,61
7.048744239334419,1151.4119367324206,11,25,625,1,1,49,42
7.242758742686026,1397.9452272824012,14,28,784,1,0,54,48
7.118890800616926,1235.079723743356,6,42,1764,0,1,52,54
6.379520879483609,589.6451288905903,15,21,441,1,1,56,42
6.545111082048323,695.833969319322,6,21,441,0,1,59,33
7.004539872159419,1101.6230509402296,11,38,1444,0,1,35,55
7.656632688797812,2114.624826605739,16,38,1444,0,1,37,60
5.383119171683039,217.70026198959803,10,24,576,1,0,37,40
5.66150305721999,287.58056791941004,3,22,484,1,1,33,31
7.222934982669797,1370.5055737347272,18,0,0,1,1,51,23
5.818258783425667,336.3858228307085,1,35,1225,1,1,31,42
6.185731721772799,485.76828082401636,1,33,1089,0,0,21,40
7.722683985662708,2259.014613958108,16,38,1444,0,1,45,60
6.152749342993209,470.00782476101347,8,15,225,0,0,42,29
6.14163722953264,464.81395536234436,0,24,576,0,0,54,30
7.0413355010871035,1142.9129493401397,9,38,1444,1,1,52,53
6.569697228578632,713.153887825699,14,36,1296,1,0,44,56
6.799841145780624,897.7046761476206,14,31,961,0,1,23,51
5.4202539355064685,225.936488514732,1,16,256,1,1,40,23
7.271178244052279,1438.2440576075169,13,36,1296,0,1,23,55
6.688886075316449,803.4267965614198,3,48,2304,0,1,50,57
6.630761648412036,758.0593255008641,17,2,4,0,1,34,25
5.5370095783337225,253.91754246129653,8,11,121,1,1,23,25
5.234088174513134,187.55800817809657,1,50,2500,1,0,23,57
5.825822998787801,338.93996550356155,1,43,1849,0,1,22,50
7.322960588730906,1514.6816876874952,17,28,784,0,0,24,51
7.9546761038047995,2848.86544293297,16,39,1521,0,1,38,61
6.356286273860735,576.1028903714638,8,18,324,0,0,57,32
6.8601911372711015,953.5493088868288,7,40,1600,1,0,51,53
5.367435455691768,214.31254832075103,1,45,2025,0,0,28,52
5.558073519892598,259.3227746314341,1,56,3136,1,0,22,63
6.76396807790888,866.0720276492264,4,29,841,0,0,53,39
6.62710671093888,755.2937231956727,11,23,529,0,1,44,40
6.603648423815915,737.7820264173656,15,36,1296,0,0,29,57
7.348727134125828,1554.2169585137565,13,43,1849,0,1,51,62
6.1439492231850865,465.88984552307414,1,32,1024,1,1,24,39
6.160654050291988,473.7378218894497,7,9,81,0,0,48,22
6.456775377276937,637.003644736368,3,39,1521,0,1,26,48
6.439923303863856,626.3587586725976,8,16,256,1,1,34,30
6.311165345325183,550.6863147555968,18,21,441,1,1,21,45
5.814212461698546,335.027447631991,1,30,900,1,1,29,37
7.553444031904155,1907.3002355930937,15,29,841,0,1,30,50
6.673368221275931,791.055572477105,10,17,289,0,1,59,33
6.121765448904574,455.6684441568733,7,33,1089,1,1,40,46
6.880523029707278,973.1352053312036,11,23,529,1,1,31,40
5.974515963711741,393.27769433750206,2,33,1089,0,1,23,41
7.103759145864821,1216.531609510236,12,33,1089,0,0,47,51
5.261359813832558,192.7434083304664,1,17,289,0,0,48,24
6.960954770832988,1054.6400162238153,12,37,1369,0,0,32,55
6.0753130974204765,434.9856740902334,7,41,1681,1,1,37,54
6.241793038621321,513.7789109700309,14,1,1,0,1,46,21
6.225748362215774,505.6012738017133,8,37,1369,0,0,22,51
7.349474468651071,1555.3789126367076,10,43,1849,0,1,54,59
6.547013192358491,697.1587818568888,2,31,961,0,0,58,39
6.275420004161771,531.3495039016201,6,10,100,0,1,41,22
6.724438571976586,832.5044539884691,13,40,1600,0,0,36,59
6.316869525249962,553.8365046604355,14,20,400,1,1,47,40
7.0151493279296036,1113.3728914674487,8,18,324,0,1,57,32
6.2681513279805525,527.5012990390991,10,32,1024,1,0,35,48
5.615810716912134,274.7360220724799,6,14,196,1,0,24,26
6.858933385637942,952.3507345986689,11,43,1849,0,1,41,60
7.7138561666531,2239.1602063029954,18,18,324,0,1,36,42
7.290714168587326,1466.6177355948946,17,19,361,0,0,30,42
6.972479392379729,1066.8646501155513,12,20,400,1,1,41,38
6.724157185457688,832.2702314132772,10,10,100,1,1,55,26
6.080055605271372,437.05349652100927,0,49,2401,0,1,59,55
5.595875800217978,269.3134115817826,5,28,784,1,0,22,39
5.842345892783156,344.5867568248198,1,53,2809,1,1,46,60
6.660246764758769,780.7435733574501,12,22,484,0,0,32,40
6.423401393431883,616.0951361631365,12,3,9,1,1,32,21
7.60313995480258,2004.480000642046,18,22,484,0,1,49,46
6.2305399575414055,508.0297239307298,8,18,324,1,1,37,32
7.387633526449724,1615.8776530194564,18,0,0,0,1,59,18
6.178769612487212,482.3980545205346,0,41,1681,1,1,52,47
6.3496945863793055,572.3178886402105,7,33,1089,0,1,36,46
6.386489527287549,593.7685086270752,13,18,324,1,1,29,37
7.030327954599831,1130.4012696993548,15,29,841,0,1,43,50
5.891538652468614,361.96178952948094,3,49,2401,1,1,48,58
7.7578674800956735,2339.909377635622,17,38,1444,0,1,27,61
7.606975403624745,2012.1828435866832,13,34,1156,0,1,55,53
6.832261219853911,927.2852394003402,8,25,625,0,1,33,39
7.102890194676013,1215.474962075939,14,10,100,0,0,48,30
4.825643458750292,124.66666043381596,2,16,256,1,1,26,24
5.897266472680821,364.04099054387285,3,16,256,1,1,44,25
7.165300161026349,1293.7498758163974,17,22,484,1,1,49,45
6.547314973779751,697.369203173947,13,43,1849,1,1,47,62
6.562963273319643,708.3676746114786,14,40,1600,0,1,29,60
6.488976832117907,657.8499278378455,7,13,169,0,1,53,26
6.64679064660222,770.308163099767,9,27,729,1,1,35,42
6.451359513454248,633.5630450614213,11,16,256,1,0,29,33
5.6194878292161174,275.7481169324306,8,13,169,1,0,48,27
6.290189075134512,539.2552792106752,7,15,225,0,0,34,28
6.991416813764195,1087.2608315498928,16,26,676,0,1,47,48
6.488427655417363,657.4887511690052,8,15,225,0,0,43,29
6.795669699636252,893.9677490514265,12,30,900,0,1,39,48
6.834752719308461,929.5984505540639,13,12,144,1,1,48,31
6.173297464661047,479.7655104594344,4,51,2601,0,1,21,61
7.166954651500223,1295.8921443542797,8,35,1225,1,1,51,49
6.807612758653522,904.7084694989101,15,13,169,1,1,49,34
6.908077530257142,1000.3223032035247,18,28,784,1,0,28,52
5.891022076133436,361.7748569214091,6,6,36,1,0,38,18
6.636555575983259,762.464214809791,11,29,841,0,1,25,46
5.757488410891688,316.5522804032504,1,14,196,1,0,27,21
8.132618136082208,3403.6992575939958,17,17,289,0,0,53,40
6.667321681175516,786.2868548864766,17,22,484,1,1,20,45
6.7040671024163005,815.7166911137031,15,12,144,0,1,32,33
5.4664282241023185,236.61355107527908,10,13,169,0,0,25,29
7.0886203600858435,1198.2535013468582,1,31,961,0,1,54,38
7.395585029067734,1628.7775271315727,13,43,1849,0,0,48,62
5.888599666870655,360.8995507598676,3,25,625,1,1,21,34
6.215647638179644,500.5200401330915,6,45,2025,1,0,29,57
5.577972145186438,264.53462369936403,1,23,529,0,0,50,30
7.458381655620248,1734.3390271556384,13,30,900,0,1,27,49
6.57863534362914,719.5567112834713,6,42,1764,1,1,58,54
6.5907392848840605,728.3191062253292,8,18,324,0,1,47,32
6.363701934139384,580.3909534507795,7,16,256,1,1,50,29
6.21057235446888,497.9861943585898,8,18,324,0,1,32,32
5.640292022429417,281.54492390445,6,39,1521,1,0,26,51
5.680873644640763,293.2054754521336,18,0,0,1,0,20,23
7.08533220067541,1194.3199234800097,16,12,144,0,0,45,34
6.954794784711392,1048.1634167218863,12,19,361,0,1,35,37
5.320364282111332,204.45834894768893,10,10,100,1,0,31,26
5.911420838026835,369.23039948045204,17,0,0,1,1,35,22
7.361443478610093,1574.107113766425,16,18,324,1,1,53,40
7.2266035876405414,1375.5426511692622,15,29,841,1,1,46,50
6.512038841078679,673.1975621870114,9,40,1600,0,0,44,55
6.525324950650432,682.2014194317443,3,22,484,0,1,38,31
5.293669039042438,199.07249184975467,3,25,625,0,0,26,34
6.699333865637857,811.8648339378223,10,20,400,1,1,31,36
5.80799779481883,332.9518199969732,7,37,1369,0,1,43,50
6.170586725823121,478.4667525491726,8,4,16,1,1,58,18
6.772363184629845,873.373399766437,15,9,81,1,1,24,30
6.338886138363651,566.1653301928309,9,48,2304,1,1,20,63
6.97998585960735,1074.9031673354607,8,30,900,0,1,26,44
6.037042252514268,418.6529321778594,2,15,225,0,1,45,23
5.80220302543339,331.02802035458984,1,16,256,1,1,43,23
6.9139875185205675,1006.2517003504047,8,36,1296,0,0,36,50
6.874591220808039,967.3798399995554,12,29,841,1,1,23,47
5.914193406253979,370.255536428916,5,52,2704,1,1,35,63
6.396391516616159,599.6772037023715,3,43,1849,0,0,55,52
6.642518428074016,767.0242580676843,13,21,441,0,1,24,40
6.669053254799165,787.6495479261964,10,11,121,0,0,24,27
5.6583000207597305,286.6609105094737,1,29,841,1,0,36,36
6.369719366047244,583.8939454308421,2,37,1369,0,1,40,45
5.962945270443692,388.75342371698514,4,30,900,1,0,49,40
4.778377252716091,118.91123051874864,6,9,81,1,0,52,21
6.297216732310102,543.0583280527798,10,21,441,0,0,42,37
6.104072329984229,447.67715209592257,11,19,361,1,1,48,36
6.663441076175126,783.2414989191519,10,43,1849,1,0,58,59
6.384837928690787,592.7886507800839,18,20,400,1,1,57,44
7.01795174582538,1116.4974036326985,12,33,1089,0,1,26,51
5.89844657646508,364.4708502841054,3,12,144,0,1,56,21
7.132298547913518,1251.7508720988642,13,36,1296,0,1,26,55
6.3551849493501305,575.4687633915559,11,7,49,0,0,34,24
5.837762821901616,343.0111047140919,1,17,289,0,0,48,24
6.384314449684617,592.4784195731515,7,30,900,1,0,29,43
7.8216130300378754,2493.924941201445,18,19,361,0,1,39,43
6.681975376075885,797.8936964247199,12,18,324,1,0,28,36
5.34497028083719,209.55165680652297,0,20,400,1,1,25,26
5.959120704455231,387.2694501809734,4,27,729,0,1,39,37
7.256766241999557,1417.6647321399478,10,43,1849,0,1,40,59
6.123462613547836,456.44244514711977,10,46,2116,1,1,26,62
6.240567459413295,513.1496199210054,12,15,225,1,1,57,33
5.630422369062692,278.77984075002354,1,27,729,0,0,53,34
6.800280771707348,898.0994171606305,18,15,225,1,1,22,39
6.679132754858416,795.6288075097394,15,9,81,0,0,36,30
6.196456349107238,491.00600070121226,4,19,361,1,1,21,29
6.250232470106434,518.133261163227,13,8,64,0,1,31,27
6.409793535571104,607.768185595405,18,0,0,0,1,32,18
6.293379042514972,540.9782325825767,4,39,1521,0,0,57,49
5.939102076685363,379.59393022539257,8,33,1089,1,1,55,47
6.035552841661699,418.0298500850136,11,8,64,1,1,31,25
7.563121293556039,1925.8472765627591,15,17,289,0,1,46,38
7.989338246801634,2949.344575351123,18,15,225,0,0,45,39
7.152433247193906,1277.2099447691241,14,15,225,0,1,59,35
6.496113974705267,662.5618915505511,16,0,0,0,1,24,19
7.195227717410578,1333.0538505977822,14,41,1681,0,0,51,61
6.5110081184196495,672.5040396817413,2,18,324,0,1,55,26
7.438786943089263,1700.6859405257999,16,0,0,0,1,57,20
6.532546542793957,687.1458316185694,12,25,625,0,0,35,43
6.405446919015897,605.1321833338834,8,24,576,1,0,29,38
6.721408347844877,829.9855971799795,12,29,841,1,1,56,47
7.146681709876765,1269.885108835799,15,24,576,1,0,34,45
7.1186023063274355,1234.7234616882456,18,29,841,1,0,30,53
6.684456224634343,799.8756072451087,13,24,576,0,1,28,43
6.44588189281989,630.1021145384198,7,38,1444,0,0,37,51
6.382777216236893,591.5683416098876,18,1,1,1,0,52,25
5.746376258746216,313.05417503635067,2,19,361,1,0,28,27
7.337454946333498,1536.795904247737,17,37,1369,0,1,34,60
6.754141071144065,857.6028136423027,15,10,100,0,0,55,31
7.162461076550821,1290.0820197690311,13,38,1444,1,1,55,57
6.327815350142396,559.932001320138,15,11,121,1,0,20,32
6.392051949101992,597.0805023456793,16,12,144,1,1,47,34
7.088024479062443,1197.539697516382,10,19,361,1,1,52,35
6.936031398721451,1028.6796839768565,12,31,961,0,0,20,49
7.004503692226645,1101.5831950133008,10,39,1521,0,1,25,55
5.901288633133363,365.50817045768065,3,31,961,1,1,30,40
6.827668386266533,923.0361377853014,13,44,1936,0,1,46,63
6.392814090187984,597.5357353820264,4,30,900,0,0,24,40
5.701872897250656,299.4276734032204,3,43,1849,1,1,29,52
5.761011732276355,317.66956293907646,0,50,2500,0,1,47,56
6.575098997015249,717.0166033422418,13,13,169,1,1,35,32
5.988531706048022,398.82858220678503,6,29,841,0,1,45,41
6.690744631348448,804.921398751171,9,30,900,1,1,47,45
5.565736112650387,261.31749203980735,1,26,676,1,1,33,33
6.5398342211654725,692.1718210868253,9,18,324,0,1,32,33
5.977458569977092,394.43666009855355,2,49,2401,0,0,20,57
7.0286227607164795,1128.4753588608837,7,43,1849,0,0,54,56
6.806493548089048,903.6964766442624,9,8,64,0,1,34,23
6.861658805448919,954.9498303624639,7,6,36,0,1,48,19
6.7873205342330385,886.534936517592,13,11,121,0,0,50,30
5.913917487529266,370.1533900861791,17,38,1444,1,0,31,61
6.09318784162129,442.83083801417814,8,50,2500,1,1,24,64
6.861052831868711,954.3713312901187,8,12,144,0,1,51,26
5.742985226646501,311.99439616747554,3,42,1764,0,0,29,51
5.869300864787288,354.00139888810776,2,26,676,0,1,24,34
6.1717893652284825,479.04252167186485,13,25,625,1,0,46,44
7.602741499743495,2003.681464545894,13,27,729,0,1,58,46
7.105103428212007,1218.1680711645147,15,33,1089,0,1,40,54
6.157154021506048,472.0826241853617,4,50,2500,0,1,35,60
6.823296146411784,919.0092121537247,14,19,361,1,0,48,39
6.3153553201090045,552.9985171804163,8,27,729,1,1,34,41
6.815676600121896,912.0333889745611,6,12,144,1,1,57,24
6.783665734010913,883.3007422018169,12,33,1089,0,1,26,51
5.602242905937478,271.03362913705126,7,16,256,0,0,37,29
6.932252654508881,1024.799901543735,11,23,529,0,0,38,40
5.990095191451075,399.45263259309695,3,23,529,1,1,36,32
7.266622260429227,1431.7063453985809,15,29,841,0,0,33,50
6.08630652069169,439.794037483157,5,19,361,0,1,29,30
6.552705082164274,701.138247416319,4,30,900,0,1,44,40
5.57257367872904,263.1103902037997,0,49,2401,1,1,28,55
6.350395414929007,572.7191259389291,13,30,900,0,0,35,49
6.944803283692701,1037.7428361869524,8,48,2304,0,1,43,62
7.255484250383436,1415.848462308975,17,29,841,1,1,40,52
6.640799365417746,765.706828006034,5,7,49,0,1,53,18
6.187428393682786,486.59316980595133,14,44,1936,1,1,58,64
6.938941258254769,1031.677356650032,15,41,1681,0,0,26,62
5.733890885929683,309.16987586924853,7,9,81,1,1,26,22
7.614393998403508,2027.1659206960805,18,6,36,0,1,47,30
6.373046855653211,585.8400825450942,4,12,144,0,1,54,22
6.521309548998648,679.4675990918802,13,30,900,1,1,29,49
7.302341160296881,1483.7696069554897,6,26,676,0,1,57,38
6.906264288602015,998.510120593816,3,32,1024,1,1,51,41
6.5644767133661,709.4405582856234,0,29,841,1,1,53,35
6.242891304490609,514.3434867827335,3,29,841,1,1,43,38
6.451018519884989,633.3470409674316,13,8,64,0,1,21,27
7.341557293174056,1543.1133233324383,15,20,400,1,1,23,41
6.288842373213368,538.5295518690597,6,45,2025,1,0,20,57
6.758685222024697,861.5087581023757,9,49,2401,1,1,41,64
6.296478303569473,542.6574661976802,9,23,529,0,0,30,38
5.3621578903773175,213.18447919683484,3,33,1089,1,0,30,42
6.425104147174313,617.145088113054,11,23,529,0,1,33,40
6.327658522000768,559.8441951103554,5,28,784,0,0,46,39
6.369463893358264,583.7447955271987,12,3,9,1,0,52,21
5.025485118564945,152.24409463771383,0,45,2025,1,0,47,51
6.52602332867969,682.6780203190274,7,10,100,0,0,42,23
6.204655524761009,495.04839465074264,15,24,576,1,1,28,45
6.287410844628647,537.7591829559606,4,38,1444,0,1,37,48
7.044016861906291,1145.9816236151573,6,40,1600,0,1,43,52
6.811304251834194,908.0543665230075,2,48,2304,1,1,46,56
6.245728391303207,515.8047958564013,1,52,2704,0,1,54,59
5.481169514496414,240.12737566627402,1,33,1089,1,0,23,40
6.154704264201104,470.9275517294823,9,8,64,1,1,41,23
6.465291597169355,642.4516732245706,8,19,361,0,1,30,33
6.625951978998118,754.4220647716097,17,0,0,1,1,26,19
6.464318140903126,641.8265789178681,5,30,900,0,1,56,41
6.36229557150252,579.575286994925,5,23,529,0,1,53,34
5.903162729371361,366.19381022166664,9,47,2209,1,0,31,62
5.936387346485843,378.56483261265595,8,4,16,1,0,23,18
6.369336766204602,583.6705904297193,8,9,81,0,1,21,23
5.912714513176432,369.70837277716265,2,14,196,0,1,20,22
7.361574059391716,1574.3126753246004,11,45,2025,0,0,37,62
6.934354125060175,1026.9557527933694,10,30,900,0,0,42,46
7.159215220475111,1285.9013877423795,13,10,100,1,0,53,29
7.870856708183636,2619.809038902178,18,32,1024,0,1,23,56
6.366765718445313,582.1718729287478,9,49,2401,0,1,38,64
7.16462180907642,1292.8725556649777,18,0,0,1,1,59,20
6.799593966643724,897.4828097020874,4,8,64,0,1,59,18
5.920391249248276,372.55744818664607,8,30,900,0,0,28,44
5.92354992107491,373.7360954019451,0,35,1225,1,0,42,41
6.409845542820667,607.7997947690557,14,41,1681,0,0,32,61
5.930600652004832,376.3805196562278,3,27,729,1,1,20,36
6.418040651456762,612.8012458422835,6,13,169,0,0,31,25
5.966003414532021,389.9441074147349,5,50,2500,0,1,29,61
7.547873899151072,1896.7058535302126,14,44,1936,0,1,46,64
5.385873312659642,218.3006656203621,5,8,64,0,0,38,19
6.928618074744745,1021.0819452565399,6,35,1225,0,1,59,47
6.274787457594971,531.013506875242,2,39,1521,0,0,51,47
7.14834112331306,1271.9941226269045,12,38,1444,0,1,41,56
5.568550388141915,262.05394726103304,1,55,3025,0,0,44,62
6.369439727302291,583.7306888882475,2,41,1681,0,1,30,49
6.09765699181285,444.8143445315535,12,0,0,1,0,30,18
6.936401243026221,1029.0602056619598,8,41,1681,1,0,45,55
7.399727744266204,1635.5390844811445,18,6,36,1,0,35,30
6.3967077981298175,599.8669005132807,17,5,25,1,1,48,28
6.13101740182608,459.9038297321104,4,17,289,0,1,49,27
6.037956389044551,419.035813092726,9,28,784,1,0,30,43
6.223592515889998,504.51244924419956,13,18,324,1,0,20,37
6.959925278043376,1053.5548306226979,16,12,144,0,1,25,34
6.236722542556048,511.18039048479807,2,26,676,0,1,32,34
6.054726310169944,426.12226416350575,6,9,81,0,1,46,21
6.4115379236103545,608.8292943726543,8,8,64,0,1,54,22
5.682061717180296,293.554031840096,4,30,900,0,1,52,40
5.926045279291576,374.6698653992543,3,54,2916,1,1,33,63
5.430819183705956,228.33621814042698,2,19,361,1,0,41,27
6.90833523169933,1000.5801209222856,12,45,2025,0,1,40,63
6.336787249725915,564.9782584157289,8,31,961,1,0,21,45
5.975867471188294,393.8095714187273,6,38,1444,0,0,24,50
6.146618000349374,467.1348623010968,7,47,2209,1,0,34,60
6.961583356787347,1055.3031565234232,9,28,784,1,1,39,43
6.159106257319545,473.0051409833986,0,40,1600,1,1,45,46
6.414329267147073,610.5311201736962,0,38,1444,1,1,43,44
7.874490703214724,2629.346731399356,18,11,121,0,0,54,35
6.096750715439096,444.41140241643615,1,50,2500,0,1,43,57
6.49216680153553,659.9517996600794,11,10,100,1,1,45,27
6.924953741882096,1017.3472079683312,12,41,1681,1,1,41,59
5.937674693049627,379.0524905741416,13,3,9,1,1,46,22
6.003504275796615,404.8449991878555,4,17,289,1,0,38,27
6.521681253289066,679.7202070584868,2,30,900,1,1,56,38
6.279994616642849,533.7857902582755,16,19,361,1,0,55,41
5.646212838449612,283.2168442825451,0,49,2401,1,1,48,55
6.189911623692147,487.80299408184635,13,1,1,0,0,59,20
6.839372914307923,933.9033136626215,5,46,2116,0,1,58,57
6.401962874604799,603.027544389281,16,26,676,1,0,31,48
6.67193229562158,789.9204906281747,3,49,2401,0,1,35,58
6.400435655986674,602.107292388108,5,43,1849,1,0,50,54
6.348168295408518,571.445031300945,0,13,169,0,1,34,19
6.336501353297725,564.8167562371908,8,5,25,0,1,52,19
6.70934922101225,820.0368030441078,3,47,2209,1,1,34,56
6.063378374953292,429.82509707486145,8,45,2025,0,1,51,59
6.870709945646368,963.632449685453,8,47,2209,0,1,41,61
7.0118164340407425,1109.668314671394,12,33,1089,0,1,25,51
7.466346244057246,1748.2074786597595,16,37,1369,1,1,49,59
5.820839195783575,337.2549578460698,2,29,841,1,1,36,37
6.338193575304264,565.7733607470803,5,39,1521,1,1,21,50
6.339457159236285,566.4887147346075,14,1,1,0,1,35,21
6.5053127518084635,668.6847690254029,13,43,1849,1,1,31,62
6.984150478896856,1079.3890643434675,12,43,1849,0,1,31,61
6.987389942185906,1082.8913753331426,8,14,196,0,1,58,28
6.741592753134151,846.9085784685143,14,39,1521,0,1,36,59
7.098076286226763,1209.6378378492836,13,45,2025,0,1,25,64
5.685723554432128,294.63094947449895,3,13,169,0,1,45,22
6.078088582603379,436.1946473510396,10,26,676,0,0,20,42
6.272917223720156,530.0213155308361,1,47,2209,0,0,35,54
7.292842055001201,1469.7418542548335,15,30,900,1,0,59,51
7.51438336627752,1834.2360756804082,18,2,4,0,1,35,26
6.045014389384595,422.00382981448047,15,2,4,1,1,35,23
6.163207717405216,474.949136574468,6,23,529,1,1,58,35
6.567713607109674,711.7406625784986,10,15,225,0,1,48,31
7.044050531445768,1146.0202089382444,11,19,361,0,1,45,36
6.647193774299798,770.618758256532,3,22,484,1,1,49,31
7.103753017891337,1216.524154659632,15,36,1296,1,1,52,57
5.83513125191844,342.1096336493638,15,13,169,1,0,39,34
6.303948609474,546.7264628738283,6,40,1600,1,0,56,52
6.947406758190863,1040.448093202404,12,28,784,0,1,32,46
6.608666573999204,741.4936323376741,4,49,2401,0,1,27,59
6.12401686739005,456.69550024799497,0,28,784,1,1,51,34
6.15429186039679,470.73337945703656,4,50,2500,1,1,37,60
6.324605303790903,558.1374754388037,13,6,36,1,1,30,25
5.924105944020593,373.94395902973656,10,2,4,1,1,57,18
5.8821317147804555,358.57280251576765,1,55,3025,0,1,33,62
7.201257450996868,1341.116092330921,17,30,900,1,0,59,53
6.606291191950653,739.7343919355402,14,4,16,1,1,52,24
6.305129530961937,547.3724852776513,13,44,1936,0,0,42,63
6.576822233077683,718.2532574279194,12,4,16,0,0,26,22
6.174554308688062,480.3688799668775,1,34,1156,0,1,34,41
7.161402335203545,1288.7168793861272,18,21,441,1,0,34,45
6.395987838469804,599.4351759743082,7,47,2209,0,1,28,60
7.296554168761537,1475.2078421238668,16,12,144,0,1,40,34
6.8697702090590225,962.7273143767239,14,34,1156,0,1,56,54
7.147295492096785,1270.664780987045,13,18,324,0,1,58,37
6.583693063485813,723.2052464067843,2,12,144,0,1,47,20
7.119740382176949,1236.1294705614348,16,32,1024,1,1,25,54
5.683264856102043,293.9074306727539,2,35,1225,1,1,29,43
6.232326496964685,508.93815028886036,12,14,196,1,1,34,32
6.692330776335539,806.1991338614895,17,2,4,1,0,43,25
5.123804097132406,167.97314192561888,0,24,576,1,1,23,30
6.342357648085098,568.1341941283946,6,8,64,1,1,54,20
6.3159652491160285,553.3359098992294,4,8,64,0,0,34,18
5.798592709739636,329.83505947611394,1,19,361,0,1,56,26
7.057857185990477,1161.9526478131975,16,26,676,0,0,21,48
6.645933854860682,769.648452085016,9,43,1849,1,0,59,58
6.137089125371449,462.7047331946546,3,34,1156,1,0,47,43
6.223742151773062,504.587948058584,8,20,400,1,1,24,34
7.0485227328703655,1151.1569197906392,10,35,1225,1,1,42,51
5.706894291352501,300.9349990271844,11,9,81,1,0,28,26
6.043780776850433,421.48356157124863,11,13,169,1,1,26,30
6.17638473134182,481.2489632634078,17,0,0,0,1,23,22
5.943376273033723,381.21986151530183,3,49,2401,1,1,38,58
6.264890997333209,525.784270947948,8,16,256,1,0,27,30
6.123301618676073,456.36896616922417,7,5,25,1,1,50,18
7.725987422502463,2266.4894656079955,18,18,324,0,1,33,42
6.740747538407025,846.1930612908872,12,46,2116,1,1,48,64
4.975791417397096,144.8634272296712,1,14,196,0,0,28,21
7.305184572316137,1487.9945791114474,18,29,841,1,1,56,53
5.969332394819437,391.24438676285206,13,8,64,1,1,25,27
6.34276141381793,568.3636335644073,4,35,1225,0,1,47,45
5.844654739252307,345.38327390561824,9,8,64,0,1,29,23
6.990237769280772,1085.9796580930788,16,22,484,1,1,22,44
6.776757763236328,877.219953625683,15,8,64,1,1,31,29
6.558848515300878,705.4589015947762,16,0,0,1,0,55,20
5.018304442239405,151.15479470730276,0,57,3249,1,0,30,63
6.374210248555804,586.5220413552832,14,30,900,1,0,28,50
6.175136528400435,480.6486416314796,16,5,25,0,0,25,27
5.893708044879492,362.7478790487375,10,32,1024,1,1,31,48
6.024452346316699,413.4151716735289,4,22,484,1,1,27,32
5.874400200427615,355.8111812603798,3,15,225,1,0,32,24
6.53026302231883,685.5785102289741,8,39,1521,0,0,28,53
6.464965214420845,642.2420222967626,15,10,100,0,0,39,31
7.136622197501141,1257.1747212028665,11,14,196,0,0,59,31
6.725974894004683,833.7844318969887,17,0,0,1,0,29,20
5.9715869042935035,392.1274459981548,2,55,3025,0,0,46,63
6.666363735524532,785.5339954701866,14,0,0,0,0,23,20
6.992203961038203,1088.117002871837,17,16,256,0,1,29,39
6.528316821573296,684.2455343613003,11,19,361,0,1,38,36
5.457844619030641,234.59124555086964,12,34,1156,1,0,29,52
5.773327945407819,321.60624170649686,0,23,529,1,0,42,29
6.166323433136925,476.4312507953605,3,13,169,1,1,55,22
6.163376662968784,475.02938390253706,7,14,196,0,1,28,27
7.371412103583205,1589.8772700435195,18,34,1156,0,1,21,58
5.605749349773257,271.9856614837563,4,40,1600,1,1,38,50
6.472811310092457,647.3009350520596,10,14,196,0,1,27,30
6.957614030981576,1051.1226169220731,16,30,900,1,1,45,52
7.11163229151488,1226.1473434262768,16,27,729,0,0,55,49
6.015907050022935,409.8974678557534,1,21,441,0,1,30,28
5.754191585714002,315.5103812984685,0,49,2401,0,1,22,55
6.155393674404866,471.2523259273368,3,32,1024,1,0,49,41
6.693526734211393,807.1638908545079,8,38,1444,0,1,37,52
5.57387730054424,263.4536103142801,1,29,841,1,1,36,36
5.773737411069467,321.73795538332104,2,15,225,1,0,28,23
6.060609753355286,428.6367198702349,5,46,2116,0,0,49,57
7.561536931014011,1922.798452135481,12,44,1936,0,1,35,62
6.7021259058877405,814.134760620374,14,41,1681,1,0,27,61
7.649820305967111,2100.2681498553784,10,43,1849,0,0,45,59
5.821351646919683,337.4278288225573,9,37,1369,1,0,24,52
5.569853043382054,262.3955356462779,2,13,169,1,1,24,21
6.694875534457032,808.2533282603191,8,36,1296,0,1,43,50
6.287630965864967,537.8775682012301,9,15,225,0,0,33,30
6.751641327268724,855.4617034898538,11,36,1296,0,1,24,53
6.927521384310163,1019.9627482727403,7,47,2209,0,1,55,60
7.515980124949637,1837.1672476052709,16,14,196,0,1,44,36
6.307885893117183,548.8833233327592,4,50,2500,1,1,36,60
6.4136942310330785,610.1435339423208,7,16,256,1,1,25,29
5.802233307838744,331.0380448310676,17,5,25,1,1,26,28
6.447585809439137,631.1766712207163,10,7,49,1,0,34,23
6.303248645882703,546.3439081582235,9,14,196,0,1,25,29
7.689678162828901,2185.671018843449,14,24,576,0,1,51,44
6.476731657551625,649.843560358946,5,47,2209,0,0,59,58
8.105528012047479,3312.7303650667195,18,18,324,0,1,46,42
8.009459905722418,3009.291372845405,16,37,1369,0,0,59,59
6.594976620273729,731.4117862830143,9,5,25,0,1,24,20
6.393588595910662,597.9987094934909,4,10,100,1,1,35,20
6.307417910786749,548.6265157313667,15,16,256,1,1,30,37
7.73082762542835,2277.486326601169,11,28,784,0,0,58,45
6.120060854948271,454.8923761092519,4,30,900,1,1,44,40
4.972750843073708,144.42362817213152,0,14,196,1,0,21,20
5.619296746711762,275.695431325485,1,52,2704,0,1,47,59
6.120903947138522,455.27605403415856,4,31,961,0,1,26,41
6.520794732924809,679.1178882763135,18,36,1296,1,1,57,60
6.305510219519685,547.5809033883007,14,37,1369,1,0,20,57
5.681817416871063,293.4823252586675,0,17,289,1,1,37,23
6.913487983186422,1005.7491675979189,10,21,441,0,1,31,37
6.53566229700685,689.2901479849444,17,5,25,0,0,27,28
5.839403725200512,343.57441480967674,2,41,1681,0,1,39,49
6.639399789180336,764.6359125134824,8,30,900,1,1,54,44
6.520354406149638,678.8189203132374,3,29,841,0,1,35,38
7.06958915949605,1175.6649242454362,12,43,1849,0,0,52,61
6.099065387313099,445.4412604219695,8,16,256,0,1,59,30
6.315728546869792,553.2049495463493,2,31,961,0,0,44,39
7.814866257447091,2477.155629740198,15,31,961,0,1,38,52
6.778533014744704,878.7786227770673,7,51,2601,1,1,54,64
6.7037981228918735,815.4973095319596,6,27,729,0,0,35,39
7.674028447335358,2151.732148738123,16,23,529,0,1,35,45
7.23638901112393,1389.0689910786784,15,17,289,0,1,44,38
7.13796390439255,1258.8626132650072,17,40,1600,1,1,51,63
7.430523073576054,1686.6896054263227,15,14,196,0,1,47,35
7.184280482441772,1318.5401840732907,14,28,784,0,1,28,48
5.976401637620494,394.0199874660498,1,56,3136,1,1,37,63
6.095343137080366,443.78629858854094,3,45,2025,0,1,42,54
6.237202989253758,511.42604442242657,4,28,784,0,0,49,38
6.485602209688563,655.6336743288598,6,19,361,1,1,51,31
7.315692579344553,1503.7128759619654,14,22,484,0,1,43,42
6.60157251580738,736.2520473974625,16,22,484,0,1,30,44
6.869464358008826,962.4329082410769,9,42,1764,1,0,45,57
6.916390081069097,1008.6721895240626,8,26,676,1,1,30,40
6.7473273172407255,851.7791820508224,15,27,729,1,1,39,48
5.593619723500815,268.7065047359192,2,56,3136,0,0,37,64
6.473843890180345,647.9696703104034,8,32,1024,0,0,53,46
6.161170901143036,473.98273697269923,7,51,2601,1,0,55,64
6.351853645770717,573.5548918537266,6,35,1225,0,1,23,47
6.9044111000630854,996.6614066191885,16,21,441,0,0,40,43
6.878561561929267,971.2283027576532,4,27,729,1,1,45,37
6.352014294821785,573.6470403044208,6,43,1849,0,0,33,55
6.923508771970321,1015.8782334305876,12,18,324,1,1,45,36
7.678739428690148,2161.8928333776494,17,21,441,0,1,32,44
7.587225008953084,1972.831321492676,13,23,529,0,1,45,42
7.250744783095274,1409.153971528174,17,34,1156,1,1,34,57
6.2054852784298635,495.45933333782915,2,47,2209,0,1,46,55
6.661439156288596,781.6750806316123,16,18,324,1,0,42,40
7.610616641171099,2019.5230348869009,18,22,484,0,0,41,46
6.505838374663034,669.0363374106006,6,20,400,0,0,29,32
5.336311473844173,207.74502239219657,3,11,121,0,1,24,20
7.166159374478037,1294.861960803593,14,7,49,0,1,23,27
7.031314326218736,1131.5168155106785,7,19,361,1,0,55,32
6.46890952339518,644.7802257075589,15,12,144,1,1,35,33
6.000738161301121,403.7266989534637,0,28,784,1,1,51,34
7.010533263890057,1108.245334570889,15,15,225,1,1,30,36
5.441062886018945,230.68724745009035,1,21,441,1,0,58,28
6.282482469259839,535.1154239139624,1,15,225,0,1,52,22
6.652855209617143,774.9939397281368,7,9,81,0,1,54,22
5.44154841226272,230.79927935784644,11,14,196,1,0,23,31
6.425469242581274,617.3704460862299,10,27,729,0,1,42,43
6.577875351203545,719.0100613843131,5,14,196,0,0,22,25
6.725492057366516,833.381947399886,18,0,0,1,1,39,22
6.836430826193851,931.1597257415232,17,1,1,0,1,20,24
7.050175992179212,1153.0616547607906,4,23,529,0,1,52,33
7.421293339350566,1671.1935309781607,14,11,121,0,1,29,31
5.503992572691036,245.67083546142018,7,41,1681,1,0,22,54
6.181890819949477,483.90607112016846,5,47,2209,0,0,51,58
6.469714894224573,645.2997220582373,11,4,16,0,0,57,21
7.6569732576071745,2115.3451245137235,18,29,841,0,0,50,53
6.579390141992088,720.1000365359071,11,17,289,0,1,40,34
7.7508574635117755,2323.5639319512356,11,47,2209,0,1,43,64
5.556040119497075,258.7960033489017,8,39,1521,1,0,43,53
5.8014376192190165,330.77474639177615,9,8,64,0,1,29,23
6.409188310705599,607.4004604664403,16,11,121,1,1,25,33
6.950886842961537,1044.075248509504,17,23,529,1,0,47,46
7.704552610859129,2218.424661108366,15,32,1024,0,0,20,53
6.264146320370201,525.3928772628783,3,46,2116,0,1,29,55
7.510269801192667,1826.706323881996,17,31,961,0,0,49,54
5.926943058502194,375.006387253814,2,19,361,1,0,34,27
7.287555016173494,1461.991777535954,15,37,1369,0,1,33,58
6.929185027319338,1021.6610144311427,13,34,1156,0,0,43,53
6.436167322154402,624.0105792515029,8,32,1024,0,1,29,46
6.232213147875424,508.880465882334,5,20,400,0,0,45,31
6.321254789248874,556.2705570260339,3,12,144,0,1,20,21
5.480701210596891,240.01494940674982,1,54,2916,1,0,39,61
6.635176566361225,761.4134939646997,9,44,1936,0,0,48,59
6.700498666480087,812.8110457473443,10,37,1369,0,0,53,53
5.732542655470852,308.7533244923737,6,50,2500,1,0,21,62
6.000239154879556,403.52528699523833,4,20,400,1,1,21,30
5.3538754670802975,211.42608702582896,3,54,2916,0,0,21,63
6.322453664622881,556.9378560223784,5,24,576,0,0,27,35
6.240616462361777,513.1747663815139,1,43,1849,0,1,44,50
6.348675522316019,571.7349571198506,1,31,961,0,1,37,38
7.291816980001609,1468.2360305471575,15,12,144,0,1,36,33
6.493037057406424,660.526376566441,12,14,196,0,0,49,32
5.780785387853919,324.01356683198856,6,10,100,0,0,27,22
5.388797908772096,218.94004140061315,4,13,169,1,0,48,23
7.210114151703476,1353.0467111460396,16,33,1089,0,1,38,55
6.66610348512779,785.3295865361176,12,2,4,0,1,56,20
7.19256175134293,1329.5047073156109,14,9,81,1,1,43,29
5.977988526036138,394.6457495957121,2,45,2025,1,0,37,53
5.762949386762238,318.28569352405776,3,41,1681,0,1,29,50
6.563873086465005,709.0124501017214,14,33,1089,0,0,35,53
7.681170165181037,2167.154217105277,17,27,729,1,1,24,50
6.265571173997043,526.1420187913326,2,40,1600,0,1,34,48
5.5082823045620675,246.72696110244246,6,26,676,1,0,42,38
6.221393862945063,503.4044199941571,7,31,961,1,1,50,44
6.4600896350179555,639.1183413861575,10,28,784,0,1,49,44
5.743954242162004,312.29687010541295,8,11,121,1,0,26,25
6.703872569922799,815.5580231453282,11,37,1369,1,1,39,54
6.616582167023573,747.3862853150472,4,39,1521,1,0,58,49
5.406284777967638,222.8022881487022,0,37,1369,0,1,22,43
5.589390692460766,267.5725360711261,13,0,0,1,0,22,19
5.952982002016281,384.89940022102815,2,21,441,1,0,50,29
6.82309162858052,918.8212776013818,14,19,361,1,1,26,39
6.336890014718268,565.0363213855039,9,19,361,1,0,20,34
5.94435320592832,381.59246971505866,9,9,81,0,1,46,24
5.943210144145934,381.15653514402055,2,52,2704,0,1,20,60
5.972609855937044,392.528778650467,5,10,100,0,0,25,21
6.4400604246104995,626.4446513419523,4,44,1936,0,0,39,54
7.78871542040753,2413.2156227234855,18,31,961,0,1,58,55
6.896479044943019,988.7871043914005,13,30,900,0,0,22,49
7.097140744758357,1208.5067006855852,16,6,36,0,0,21,28
6.202033164599083,493.75190014313347,11,1,1,1,1,51,18
6.2426314481234,514.2098487168637,8,28,784,1,0,39,42
6.078587995198283,436.4125428571075,2,51,2601,1,1,55,59
7.3262313953735845,1519.6440296196045,17,18,324,0,1,46,41
5.519439599139753,249.495180691616,3,51,2601,0,0,39,60
6.6212916125067,750.9143614008403,13,15,225,0,0,38,34
6.275499519838705,531.3917561969492,5,14,196,1,1,40,25
6.84376384403145,938.0130336242125,14,42,1764,1,0,39,62
6.9095090691719045,1001.7553289792221,16,22,484,0,0,24,44
6.109032179436855,449.90307894155416,4,25,625,1,1,39,35
5.28412738387648,197.18204412233487,5,33,1089,1,0,31,44
6.403560022581487,603.9914381472735,4,29,841,1,1,29,39
6.58827029094126,726.5231088293352,18,9,81,0,1,41,33
6.129514113589561,459.2129811173448,13,0,0,0,0,57,19
5.960457441590832,387.7874737900755,3,13,169,0,0,47,22
6.450753403220317,633.1791523683668,4,25,625,0,1,31,35
7.209434395608811,1352.1272819269825,10,4,16,0,1,58,20
6.36134404594904,579.0240685899726,1,37,1369,0,1,29,44
6.542605827474724,694.0929098943806,1,27,729,0,1,54,34
6.9885260996949965,1084.1224096927992,11,16,256,0,0,59,33
5.852205616534491,348.0010915941977,15,2,4,0,0,56,23
6.818118589742295,914.2632866292267,16,2,4,0,0,36,24
6.694262127492661,807.757692068675,3,22,484,0,1,46,31
6.742761588949959,847.8990542867847,13,36,1296,0,1,48,55
6.175856584409365,480.9948602074946,6,45,2025,1,0,45,57
5.926146129746733,374.70765293112623,14,12,144,1,1,28,32
7.481249523505198,1774.4566165227238,15,43,1849,0,1,31,64
6.063651541129863,429.9425267914068,7,51,2601,0,0,45,64
6.689705715617656,804.0855874918674,1,43,1849,1,0,52,50
7.584457084931654,1967.378224648092,18,36,1296,1,1,51,60
6.007478903853461,406.45730952469046,0,38,1444,0,1,30,44
6.205358903355752,495.39672358409894,3,37,1369,1,1,48,46
7.037317272486036,1138.3296783207704,10,38,1444,0,1,27,54
6.440829849398134,626.9268388645033,9,7,49,1,1,44,22
6.88442404581338,976.9388356285288,17,23,529,1,0,39,46
5.432245587798567,228.66215025666355,0,43,1849,0,0,40,49
6.54313537781358,694.4605643671961,16,1,1,1,1,23,23
6.552004416079433,700.647155691319,15,0,0,0,0,55,19
5.941936261102634,380.67129543199775,11,6,36,0,0,48,23
7.043173782560631,1145.0158773353548,15,42,1764,0,0,38,63
6.103536818482856,447.4374800113798,8,46,2116,1,0,45,60
6.905875653914353,998.1221403211506,16,0,0,0,0,55,21
5.980633317894278,395.69088693723694,2,38,1444,1,1,44,46
6.55486272836987,702.6526889224076,17,19,361,1,0,42,42
7.24761050120333,1404.7442000956573,14,6,36,0,1,57,26
6.7464981870844625,851.0732389443082,14,0,0,0,0,47,20
6.328609089701676,560.3766179316458,15,22,484,0,0,30,43
5.738090285288155,310.470933566054,0,54,2916,1,1,48,60
5.9350127201824945,378.04480493996925,0,38,1444,1,1,39,44
5.841013980102818,344.12810286524467,3,44,1936,0,1,28,53
6.911307844626472,1003.5588834849625,12,31,961,1,1,43,49
5.698174430094769,298.322295349795,3,9,81,0,0,32,18
6.266939620513403,526.8625088676906,7,20,400,0,1,21,33
6.5085046613150555,670.8225602996787,12,10,100,0,1,36,28
6.078177331159975,436.2333607142391,7,30,900,1,0,46,43
7.3745873603881185,1594.9335619285746,13,38,1444,1,1,57,57
5.671654494152801,290.51479201515815,0,12,144,1,0,21,18
6.5894551535766315,727.3844490989023,8,29,841,0,1,52,43
5.6303548355420805,278.7610144016142,0,39,1521,1,1,24,45
5.731403196576914,308.40171313213705,6,14,196,0,0,33,26
6.88709611886501,979.5527783319405,12,43,1849,0,0,46,61
7.405816678605861,1645.5281551119378,14,19,361,0,1,55,39
6.572216930483627,714.9530888085682,8,11,121,0,1,46,25
5.709124686350507,301.6069520254811,15,38,1444,1,0,33,59
7.70147505824127,2211.6078374321883,16,22,484,0,1,34,44
6.333457899105861,563.100375500707,8,42,1764,1,1,46,56
5.640280280827164,281.54161813534466,5,25,625,0,0,27,36
6.438653421223321,625.5638613781705,11,25,625,0,0,40,42
7.648636275241912,2097.7828394670746,15,34,1156,0,0,53,55
7.4530565923830325,1725.1281082896012,14,18,324,0,1,47,38
6.308510643013768,549.2263452725522,6,29,841,1,1,43,41
6.5009727256230745,665.7889481327435,9,26,676,0,0,36,41
5.441398573823674,230.76469934486687,3,27,729,1,1,25,36
6.605011222349827,738.7881601043524,2,56,3136,0,1,57,64
7.021454058966592,1120.4145827514485,17,0,0,0,0,38,19
6.013265288622062,408.8160456055643,0,25,625,0,0,20,31
6.994520278386312,1090.640348468738,12,31,961,1,1,57,49
7.991557159607312,2955.8961798291525,17,36,1296,0,1,45,59
5.87280359021399,355.24354276355206,7,36,1296,1,1,24,49
6.498875520612306,664.3941153509923,10,29,841,0,0,23,45
6.973231843310698,1067.6677155105108,9,41,1681,0,0,44,56
6.296993162264929,542.9369300488297,3,48,2304,1,1,41,57
6.698011544519347,810.791997396063,3,50,2500,0,1,32,59
5.742935283788959,311.97881466488946,3,55,3025,0,0,42,64
6.874079382756795,966.8848248820309,11,40,1600,1,0,52,57
5.916721018238349,371.19258250563496,7,17,289,0,0,44,30
6.047510613869017,423.05856198343395,12,11,121,0,1,29,29
6.28771658033706,537.9236202766164,7,12,144,0,0,37,25
6.874621927877387,967.4095458554755,2,24,576,0,1,46,32
7.539403017055075,1880.706939997119,11,26,676,0,1,45,43
6.589453034782779,727.3829079228359,17,6,36,0,1,21,29
6.507597246923193,670.2141223485022,14,40,1600,1,0,29,60
6.7393305360854505,844.99485289107,13,44,1936,0,1,39,63
6.689598616866779,803.9994755411725,8,30,900,1,1,57,44
6.365958017772038,581.7018421626578,4,25,625,0,1,22,35
6.974903398970283,1069.4538739386517,14,42,1764,0,1,29,62
6.825859955978993,921.3683997257634,7,40,1600,0,1,47,53
5.763696785617949,318.5236688073361,2,36,1296,1,1,38,44
5.86584151107969,352.77889858599696,11,9,81,1,0,36,26
6.054152354699724,425.8777591332188,4,46,2116,0,1,42,56
6.077581317000151,435.97343692109075,8,4,16,0,1,47,18
6.542767481173896,694.2051216503121,2,16,256,1,1,46,24
6.466632475701336,643.3137006889356,7,30,900,1,0,51,43
5.900224241847975,365.1193337202353,12,6,36,1,1,57,24
6.438716904076635,625.6035752175819,7,11,121,0,1,31,24
5.918411445514031,371.8205872202366,4,15,225,1,0,39,25
6.45821947853287,637.9242070323688,6,21,441,1,0,25,33
5.257430453069044,191.98753596450285,4,10,100,0,0,22,20
6.665692440612897,785.0068474517982,8,48,2304,0,1,22,62
6.244569936740152,515.2076054127796,4,17,289,0,1,42,27
6.117618571164337,453.78275539153867,7,11,121,0,0,28,24
6.724339682156537,832.4221318433023,11,21,441,1,0,52,38
5.257014439033306,191.90768306596976,3,45,2025,1,0,55,54
6.827241867156016,922.6425291796021,8,34,1156,0,1,31,48
7.117995053388696,1233.9738998474536,13,21,441,0,0,45,40
7.105620210263923,1218.7977612521631,18,20,400,1,0,56,44
6.48766698965239,656.9888121524895,12,21,441,0,1,29,39
5.780392750750958,323.886372056116,2,48,2304,0,0,30,56
6.575948343704625,717.625857717986,3,35,1225,0,0,38,44
5.6725156789925935,290.7650867093062,0,15,225,0,1,24,21
6.382268778641315,591.2676424745097,0,35,1225,0,1,43,41
6.878005346064046,970.6882403764633,10,24,576,1,1,54,40
7.418591105330025,1666.6836710565726,15,15,225,0,0,47,36
6.464347736341509,641.8455743379243,3,50,2500,1,0,49,59
5.000562700064307,148.49669469728576,6,8,64,1,0,38,20
5.9971329350923055,402.27379347734563,11,27,729,1,0,25,44
6.407597184563451,606.434778179938,5,9,81,0,1,58,20
7.236964577089352,1389.86872204045,8,31,961,0,0,38,45
6.787952820272399,887.0956574306795,7,21,441,1,1,50,34
6.631226679531813,758.4119286572253,13,29,841,1,0,30,48
7.041614477137446,1143.231839159875,14,7,49,0,1,36,27
6.0049716878747335,405.4395097187164,4,29,841,0,1,36,39
7.349802713437919,1555.8895414573938,14,27,729,0,1,34,47
5.734057559007299,309.22141045856085,5,27,729,0,1,25,38
5.979297366475786,395.16261608621494,0,47,2209,0,0,51,53
6.809902046781828,906.7819803840606,8,26,676,1,1,59,40
6.476808700276749,649.8936280063895,3,46,2116,0,1,30,55
5.240687419586751,188.79984251733197,1,22,484,0,0,32,29
6.061102038597319,428.8477833490758,5,31,961,1,1,36,42
5.568845374120396,262.13126090374016,1,30,900,0,0,47,37
6.131863175990994,460.2929690484361,2,51,2601,1,0,37,59
7.0211364063750015,1120.058736676288,6,12,144,0,1,47,24
7.2110649055380325,1354.3337372205342,16,24,576,1,1,35,46
6.271499393809937,529.2703679403992,8,32,1024,0,0,55,46
6.27636020475147,531.8493139425542,8,16,256,1,0,59,30
7.21511736154069,1359.8332508457709,18,0,0,0,1,39,20
6.405849430967896,605.3758052973014,4,9,81,0,1,58,19
6.4534176441997175,634.868343420238,5,22,484,0,0,46,33
7.758176956321538,2340.6336360232735,17,24,576,0,1,59,47
6.228137187785467,506.8105108057366,0,49,2401,0,1,52,55
5.673248107014757,290.97812921630606,16,1,1,1,0,21,23
7.136689055596017,1257.258776319504,13,43,1849,0,0,32,62
5.577838712474717,264.4993284820005,14,4,16,1,1,21,24
6.67495324691916,792.3104100568603,4,12,144,0,1,56,22
5.494280963554305,243.2965241838108,16,2,4,1,1,24,24
7.1572736318074694,1283.4071183863603,10,35,1225,0,1,25,51
6.654069075416769,775.9352495628149,9,34,1156,1,1,51,49
6.7694541801579575,870.8364444371288,16,8,64,0,0,43,30
6.19999129379785,492.74475113916986,0,41,1681,0,0,36,47
6.5178309774861045,677.1081286305712,4,32,1024,0,1,28,42
6.630533701771815,757.886548117288,15,17,289,1,0,59,38
7.042771649090354,1144.5555206956901,6,26,676,1,1,59,38
6.407222993567133,606.2078981969602,11,28,784,1,1,21,45
6.46694129604765,643.5123997283448,7,24,576,0,1,28,37
6.986907048424929,1082.3685800816208,17,28,784,1,1,25,51
5.799797238966206,330.2325948186046,0,16,256,1,1,38,22
6.843274855924711,937.554468532379,11,18,324,0,0,52,35
6.547427150809139,697.4474363674474,3,47,2209,0,1,38,56
6.6785736461328655,795.1840888357921,11,43,1849,1,1,52,60
6.413275842077354,609.8883100214706,0,22,484,0,1,49,28
5.528251136486397,251.70333110671095,0,28,784,1,0,58,34
6.034186952439186,417.459257390011,2,54,2916,0,1,32,62
6.676652641563801,793.6580028462747,11,22,484,1,1,37,39
6.260297751592426,523.3747525761595,12,36,1296,1,1,21,54
6.319009022035363,555.0227045647547,12,19,361,1,1,22,37
6.713683869988402,823.5990897864174,8,49,2401,0,1,25,63
6.733746108466453,840.2891917378856,17,0,0,0,1,47,23
5.79833396505196,329.7497274467458,0,45,2025,1,0,32,51
6.087474797545993,440.30813892574355,5,20,400,1,0,39,31
6.25209975060153,519.1016651552193,4,30,900,1,1,51,40
6.269480754412768,528.2030395619165,3,28,784,0,1,50,37
5.9275462171005575,375.2326438081612,5,19,361,0,1,28,30
6.232626955904058,509.09108828034533,2,56,3136,0,0,22,64
7.406511566722184,1646.6720104517133,16,39,1521,0,1,50,61
5.781784328512274,324.3373988753243,10,42,1764,1,0,34,58
5.4705248409439085,237.5848543037555,3,40,1600,1,1,23,49
6.1102244579522225,450.4398086186239,0,37,1369,0,1,36,43
5.927913138583665,375.37034998847054,3,22,484,1,1,50,31
5.579978176613839,265.0658210893345,2,45,2025,1,1,48,53
5.776942774293109,322.7708969852675,9,10,100,1,1,30,25
6.472655201488622,647.1998936937455,0,51,2601,0,1,51,57
6.856780382441405,950.3025261137537,3,30,900,0,1,59,39
6.01098658047414,407.88553373657146,18,15,225,1,0,22,39
4.81142784616412,122.90698455533574,0,27,729,0,0,20,33
7.2640725431900295,1428.06054889847,15,23,529,1,1,27,44
6.15494454581551,471.04072055752965,18,3,9,1,1,36,27
6.61959675522691,749.642746636089,17,19,361,1,1,27,42
5.869219475862448,353.9725882673091,1,41,1681,1,0,52,48
5.699394015343113,298.6863467712035,5,27,729,1,1,45,38
5.724409616496479,306.2524054921945,0,38,1444,0,0,21,44
6.707556707663095,818.5681927728439,18,10,100,0,0,48,34
6.122954384068974,456.21052658001054,4,40,1600,0,1,34,50
6.756702353534914,859.80219203945,1,41,1681,0,0,49,48
5.710481227036444,302.01637176154514,0,53,2809,0,1,31,59
7.001237704918147,1097.9913070022524,15,22,484,0,1,21,43
5.456748416130599,234.33422684523498,1,31,961,0,0,40,38
5.535385218237284,253.50542374275355,3,44,1936,0,1,48,53
5.971115093171597,391.9424795459739,2,10,100,1,0,48,18
6.476878234963494,649.9388197274086,16,0,0,1,0,35,21
6.359740224701904,578.0961617833906,14,1,1,1,0,50,21
6.711990077054406,822.2052642268663,9,28,784,0,0,52,43
6.394448511141744,598.5131588516697,11,4,16,0,1,21,21
7.024749357571468,1124.1127733374606,11,9,81,0,1,23,26
6.847356676701643,941.3892188990874,6,35,1225,0,0,58,47
6.549566334530924,698.9410015056815,9,47,2209,1,1,24,62
5.952528783431387,384.7249961840943,4,11,121,0,1,21,21
5.928664884166358,375.65263908244424,10,6,36,0,1,27,22
5.736539768705318,309.989916244106,1,55,3025,1,1,55,62
5.482143388064939,240.36134327946007,15,19,361,1,1,25,40
6.218451019104756,501.92515708503936,11,16,256,1,1,29,33
6.991943033574302,1087.8331202998404,15,18,324,0,1,55,39
6.553738863848422,701.8634460785157,3,45,2025,0,0,23,54
6.301986515931711,545.6547861204563,1,18,324,0,1,58,25
6.866468653964741,959.5540583298175,9,35,1225,1,0,33,50
6.279050184035097,533.2819035333813,12,37,1369,1,1,31,55
7.746556882853051,2313.5927142273495,18,36,1296,0,0,36,60
6.96609717713469,1060.0773722539584,14,13,169,0,0,40,33
5.9744043981745625,393.23382054772,0,16,256,1,1,32,22
7.220780021849199,1367.5553678496606,16,11,121,0,1,52,33
5.554121034848118,258.29982816503235,3,15,225,1,0,32,24
5.836018234533845,342.4132135621225,8,4,16,1,0,28,18
6.129863142553645,459.37328772263464,5,15,225,0,0,39,26
6.263945429338894,525.2873411469083,2,27,729,0,1,59,35
4.849388279751629,127.66227235848568,1,55,3025,1,0,20,62
7.93163537819985,2783.9759372835733,17,41,1681,0,1,32,64
5.9790030867519475,395.0463448496547,18,0,0,1,1,41,20
6.598418527084732,733.9335748829715,6,29,841,0,1,32,41
6.439783633134408,626.2712807970693,2,37,1369,0,1,54,45
5.262535053887259,192.97006126393126,17,4,16,1,0,20,27
7.092310107070197,1202.6829202822626,18,2,4,0,0,52,26
6.165091278734373,475.84457544371276,8,16,256,0,0,24,30
7.469901855955377,1754.434489828434,15,31,961,0,1,49,52
6.21239547963766,498.8949136260149,5,29,841,1,1,24,40
5.903775681367934,366.418338254198,11,47,2209,1,0,44,64
6.740009050712519,845.5683888128066,5,23,529,0,1,45,34
6.174582542039572,480.3824425817782,12,45,2025,1,0,38,63
5.724818644789602,306.3776970130194,4,14,196,0,0,31,24
6.720013575743047,828.8287633714145,12,15,225,0,1,27,33
6.5873578433587925,725.8604969203664,6,45,2025,1,1,29,57
6.5790754138316085,719.8734364366334,11,36,1296,1,1,37,53
5.642263989064315,282.1006688757933,3,28,784,0,0,30,37
6.736394552642844,842.5176003595946,4,31,961,0,0,49,41
6.750241485627111,854.2650303463644,15,43,1849,0,1,24,64
5.726645391990672,306.93788311692833,3,13,169,1,1,43,22
6.951233110235395,1044.43684019958,7,49,2401,0,1,32,62
6.999152052846761,1095.7036655997142,15,2,4,0,0,55,23
6.4947731758645615,661.6741246258941,7,32,1024,0,1,46,45
6.632883860431478,759.6697963887954,16,0,0,0,1,51,22
6.709470419292633,820.136196117501,13,37,1369,1,0,33,56
6.081266763190693,437.5831580115951,11,38,1444,0,0,21,55
6.230233850425253,507.87423621617967,2,11,121,0,1,23,19
5.981290422628359,395.9509827380084,1,53,2809,0,1,30,60
6.784369046772645,883.9221973993234,12,38,1444,0,0,56,56
7.2423303212999715,1397.346445925029,10,22,484,0,1,57,38
7.924045318035581,2762.92538097653,11,40,1600,0,1,56,57
7.642389965984778,2084.720277967989,17,31,961,0,1,32,54
5.904161517164369,366.5597428432887,8,21,441,1,0,28,35
6.253370300050073,519.7616286589717,6,51,2601,1,0,46,63
6.569540597875338,713.0421947782004,5,18,324,0,0,21,29
7.4839257323569965,1779.2117931117489,13,15,225,0,1,46,34
7.372877532983224,1592.2088308891186,17,31,961,0,1,31,54
7.057093686407545,1161.065836034497,13,44,1936,0,1,31,63
6.100439350175021,446.0537008097852,4,45,2025,1,1,22,55
6.575413281535529,717.2419859767377,12,14,196,1,1,45,32
5.232622302387023,187.28327353400329,0,18,324,1,0,34,24
7.247933727772449,1405.1983241324674,11,14,196,0,1,46,31
6.922660044984565,1015.0163959437331,18,0,0,1,1,54,18
7.1160082311236055,1231.5246469494862,9,40,1600,0,1,32,55
5.267509858692195,193.93244149400954,4,10,100,1,1,24,20
6.37414029481733,586.48101338084,5,43,1849,0,1,36,54
6.804828447074083,902.192982805718,11,44,1936,0,1,38,61
6.037563279197774,418.8711183621282,2,40,1600,0,1,39,48
7.0970126971810545,1208.351964237434,13,41,1681,0,1,42,60
5.56917740549631,262.2183111578763,3,21,441,1,1,31,30
7.4130263636299505,1657.434764685952,16,13,169,1,1,51,35
6.6810888790868574,797.1866794957674,16,12,144,1,1,48,34
6.2775544756261095,532.4848655227236,13,15,225,1,1,24,34
6.71021393035224,820.7462031951012,14,8,64,0,1,21,28
6.518799573103346,677.7642903227311,6,25,625,0,0,25,37
5.523952543931865,250.62368318738666,3,18,324,0,1,40,27
7.309168940866419,1493.9351247180518,16,24,576,1,1,54,46
6.09831889652859,445.1088667058827,5,40,1600,0,1,34,51
6.345161821356811,569.7295766694295,10,18,324,0,1,37,34
6.515603471776912,675.6015449930779,11,42,1764,0,1,21,59
6.112298120379605,451.37483785799674,14,10,100,1,1,24,30
6.958481952797368,1052.0353051861068,11,44,1936,1,1,56,61
5.631229940544384,279.005066329721,10,48,2304,0,0,25,64
6.434370599705707,622.8904120516603,16,34,1156,1,0,38,56
6.752163253482363,855.9083079148088,7,31,961,0,0,35,44
7.28621018309581,1460.026964103396,11,26,676,0,1,31,43
6.285905790562623,536.9504350684228,8,31,961,1,1,43,45
5.960570175048711,387.83119287717363,10,14,196,0,0,28,30
5.694458175904104,297.21571131685096,2,21,441,0,1,22,29
6.269325258508305,528.1209125379128,6,49,2401,1,1,36,61
6.1436475952884155,465.7493413399445,2,37,1369,1,0,49,45
6.460154245867335,639.1596366990965,15,0,0,1,1,46,19
7.00649151744476,1103.7751277359964,9,39,1521,0,1,43,54
6.951560492762289,1044.778826548629,6,39,1521,0,1,58,51
6.776035983796817,876.587022744953,14,20,400,0,0,26,40
6.209068804546735,497.23800986215286,9,47,2209,1,0,28,62
7.554182218934404,1908.7086996808023,11,29,841,0,0,35,46
7.160838131026077,1287.9899850169068,17,29,841,0,1,30,52
5.698803795345476,298.51010813121906,8,14,196,0,0,28,28
6.649575898439044,772.456655983903,8,36,1296,1,0,20,50
6.786594732599389,885.8917214638852,3,19,361,0,0,54,28
6.886748676350204,979.2124991683992,4,16,256,0,1,39,26
5.923916737483257,373.8732130810998,6,19,361,0,0,27,31
6.465984898797295,642.897240453885,6,14,196,0,1,26,26
7.0755124458904906,1182.6493893682525,10,40,1600,0,0,56,56
5.738387112954868,310.56310360747915,9,5,25,0,0,56,20
6.180014182556583,482.9988064621117,10,30,900,1,0,39,46
6.6367061682113295,762.5790446407465,17,13,169,0,0,24,36
6.727487208152142,835.0463298418284,11,36,1296,0,1,31,53
7.610470931128916,2019.2287915379236,15,28,784,0,1,40,49
5.6217215580036966,276.36475188056687,3,15,225,1,1,39,24
7.075730061302808,1182.9067801078272,16,23,529,0,1,24,45
7.05463490767531,1158.2145388410615,16,39,1521,1,0,42,61
5.6013641906872405,270.79557236117864,4,25,625,1,1,26,35
6.038275585449414,419.1695891670593,12,4,16,0,1,20,22
6.068530415523535,432.0452877583661,2,32,1024,0,1,44,40
6.8460086888143294,940.1210925362753,16,17,289,1,1,38,39
6.38227485472974,591.2712350799028,10,27,729,1,0,21,43
5.472679038636657,238.09721070908634,0,53,2809,1,0,31,59
5.633112704000181,279.5308616914152,17,6,36,1,0,44,29
7.495322066253494,1799.6042637729947,16,35,1225,0,1,51,57
6.350281675009483,572.6539886160617,8,22,484,1,1,37,36
6.163460651845379,475.0692827623473,6,52,2704,0,0,50,64
5.882049340759222,358.5432666486302,4,8,64,0,1,28,18
5.760550601358863,317.52310945176987,15,0,0,1,0,40,20
6.186106457122634,485.9503494823199,6,32,1024,0,0,58,44
6.4598944620004906,638.99361490297,12,17,289,0,1,26,35
6.848639717606267,942.5978349602282,12,29,841,0,1,32,47
6.419353397095185,613.6062262566454,14,0,0,0,1,39,19
6.431253504913701,620.9518265393189,16,0,0,1,0,32,22
7.645912687893766,2092.0771182085127,16,24,576,0,1,47,46
7.627565706996761,2054.043784574627,18,26,676,1,1,56,50
6.871505346742985,964.3992289007572,9,44,1936,0,1,44,59
5.9748223677809715,393.39821468640446,1,30,900,0,1,45,37
6.998665601360299,1095.1707885427877,13,28,784,0,0,52,47
6.315924406193018,553.3133105047781,2,51,2601,0,1,59,59
6.736329192525051,842.4625351095472,6,10,100,0,1,59,22
6.452490344909058,634.2799033279281,10,22,484,1,1,46,38
6.986705140457169,1082.150063302131,16,10,100,0,1,34,32
6.724726189409496,832.7439312196733,14,17,289,0,1,22,37
7.375707055152532,1596.7204008578676,18,1,1,0,1,48,25
7.592444443679583,1983.1553050431485,10,32,1024,0,0,50,48
7.470596397328474,1755.6534404248175,14,9,81,0,1,59,29
6.646581344849959,770.1469531228029,14,18,324,1,1,37,38
6.734517246148827,840.9374203023403,5,36,1296,0,1,43,47
6.741671957834181,846.9756602649862,14,24,576,0,1,58,44
6.018725454029,411.05435404176393,8,47,2209,1,0,27,61
6.2056901076081035,495.5608282601339,4,33,1089,0,0,48,43
7.744604563565547,2309.080248867803,18,26,676,0,1,56,50
6.646945540959191,770.4274887285544,4,33,1089,1,1,56,43
6.199841298081883,492.67084708021844,12,25,625,1,1,28,43
8.060020108417977,3165.353783974179,17,30,900,0,1,49,53
6.970896594709564,1065.1773549086863,16,35,1225,1,0,34,57
6.972691701552527,1067.091179313168,14,0,0,0,0,59,18
6.465311207916793,642.4642723056133,13,13,169,1,1,31,32
6.140543312305802,464.3057653788646,15,0,0,1,0,46,18
6.068897754065489,432.2040237975771,3,19,361,0,0,50,28
6.463796277648644,641.4917205933081,16,0,0,0,0,32,19
6.541058909028385,693.0200348076677,13,0,0,0,1,34,18
7.398992753005983,1634.3374192091335,17,25,625,0,1,24,48
6.895136147982199,987.460156370662,5,50,2500,0,1,44,61
5.955400853685717,385.83154167929445,7,20,400,1,1,31,33
6.610644043718068,742.9613642617867,8,25,625,0,1,28,39
5.338610904245815,208.2232672471326,0,53,2809,0,0,45,59
6.882113547230538,974.6842254730716,12,17,289,1,1,56,35
5.1154498430541695,166.57569705213103,2,56,3136,1,1,28,64
5.697893597987457,298.238528633676,5,23,529,0,0,24,34
6.674863383704184,792.2392136951685,16,25,625,1,1,26,47
5.734316226964159,309.30140647477856,7,14,196,1,1,50,27
6.1832445926393875,484.5616135713487,5,41,1681,0,0,56,52
7.065364479722488,1170.708593246832,15,17,289,0,0,26,38
4.66445156496819,106.10737625924301,0,27,729,1,0,24,33
5.966180593026355,390.01320324552785,9,8,64,1,0,36,23
6.896474421148174,988.7825324532536,17,0,0,0,0,30,20
7.810699352895996,2466.8550343758934,13,39,1521,0,0,56,58
5.91937564717907,372.17927014307736,4,50,2500,1,1,55,60
6.694705431563022,808.1158537228283,16,16,256,1,0,46,38
6.528073130229448,684.0788099629812,13,11,121,1,0,20,30
6.286131762609832,537.0717845677661,17,12,144,1,1,20,35
6.1193364418169045,454.5629654277571,3,32,1024,1,1,33,41
6.440242811621502,626.55891712945,1,37,1369,1,1,47,44
5.9535583896034865,385.1213154060737,6,9,81,1,0,20,21
6.095582364228769,443.89247701912774,6,27,729,1,1,27,39
6.343495510673672,568.7810207032744,6,29,841,0,0,45,41
6.542699433978662,694.157884546061,12,39,1521,1,0,55,57
7.457646239480811,1733.0640351261338,18,38,1444,0,0,48,62
7.1649456313595605,1293.2912844009509,5,16,256,0,1,59,27
6.569282493013344,712.8581788696436,16,0,0,0,0,23,19
6.6112240399645295,743.3924040529715,17,34,1156,0,1,21,57
5.920458360224916,372.5824517198447,0,17,289,0,1,49,23
7.336511303085374,1535.3464011834003,12,17,289,1,1,39,35
7.0763689826148415,1183.662805954581,18,10,100,1,1,49,34
6.751083976772594,854.9850443304416,15,34,1156,1,1,37,55
5.848588090030789,346.7444627365433,9,47,2209,1,1,49,62
7.419326768053921,1667.9102392208151,12,22,484,0,0,54,40
7.4379702753359025,1699.2976121382533,9,48,2304,0,1,20,63
7.041341381280007,1142.9196699085126,13,28,784,0,0,22,47
6.711966497995854,822.1858776293592,8,24,576,0,1,42,38
6.306599273594015,548.1775734461672,10,11,121,1,1,59,27
6.109510942409246,450.11852744718436,2,52,2704,0,1,41,60
6.336459459310897,564.793094307095,7,17,289,0,1,34,30
6.992247219334836,1088.16407397802,11,12,144,0,1,35,29
6.417462949341732,612.4473315048409,2,18,324,0,1,46,26
6.498343464454164,664.0407143934012,6,9,81,0,1,51,21
7.098766329202012,1210.4728279982978,13,37,1369,1,1,53,56
6.151432523881404,469.38931679560005,6,29,841,0,1,31,41
7.123080509463736,1240.2652034281507,6,39,1521,0,1,37,51
6.5901816866410865,727.9131099732912,13,37,1369,0,0,37,56
6.22997545485471,507.74302071663044,11,41,1681,1,1,23,58
6.340257207699832,566.942114507159,0,16,256,0,1,53,22
6.421838237357282,615.1328356174282,4,22,484,0,1,58,32
6.275486793697935,531.3849936736862,10,5,25,0,0,38,21
5.874334890649266,355.7879440698137,0,50,2500,1,1,50,56
6.693974297402666,807.5252285560745,12,7,49,1,1,50,25
6.821812255897719,917.6465143986543,16,40,1600,0,0,39,62
6.241126996396047,513.4368264548816,2,33,1089,1,1,39,41
6.503040963105493,667.1673827643708,9,30,900,0,1,51,45
8.33612790145436,4171.904401107494,18,36,1296,0,1,39,60
6.047124695050791,422.89532722286197,6,32,1024,0,0,35,44
5.870752391274457,354.5156144035244,2,10,100,0,1,38,18
6.352805522935333,574.1011055808807,11,34,1156,1,1,50,51
6.032668610259721,416.82589234541666,9,19,361,1,1,32,34
6.098116916847866,445.0189728377711,11,37,1369,0,0,39,54
6.881235775561657,973.829050652869,14,35,1225,0,1,31,55
6.394356331417103,598.4579906162281,5,32,1024,0,1,45,43
7.591910525911937,1982.096745806722,18,17,289,1,1,54,41
6.412069507384741,609.1530241840483,4,46,2116,1,1,29,56
5.804019373188975,331.6298287375964,1,31,961,1,0,31,38
6.556791986364154,704.0095957304986,18,23,529,1,1,43,47
7.461517935946911,1739.7869391502886,18,40,1600,0,1,28,64
6.004515309740004,405.2545182077765,3,21,441,1,1,24,30
5.8790536912187354,357.47080384002544,4,44,1936,0,0,50,54
5.73674889181537,310.05474907826164,6,8,64,1,1,53,20
6.17938748423216,482.69620674867423,3,40,1600,0,1,30,49
6.893366485115035,985.7142301052131,10,36,1296,1,1,28,52
6.490675437220092,658.9683046531243,2,28,784,0,1,41,36
6.061399926709439,428.9755510349369,4,21,441,0,1,59,31
6.973548006364633,1068.0053259631986,14,19,361,1,1,47,39
6.9784621621659655,1073.2665872727137,17,11,121,1,1,35,34
6.150877800039418,469.12900755694585,15,0,0,1,1,29,21
6.633949067032935,760.479432809311,15,41,1681,1,0,53,62
6.626266822195173,754.6596268218464,9,42,1764,0,1,34,57
6.066329044061254,431.0952416773104,0,30,900,1,0,37,36
6.675225708247506,792.526313414969,10,38,1444,1,1,50,54
6.979239479170523,1074.1011799709486,16,0,0,0,1,24,19
6.719960454458918,828.7847360925845,14,12,144,1,1,52,32
6.277512808965909,532.46267911899,6,7,49,1,1,48,19
6.702619595889683,814.5367900427136,5,17,289,1,1,22,28
6.618917574015535,749.1337762284646,14,42,1764,0,1,42,62
6.2525144756260636,519.316994254133,14,20,400,1,0,29,40
6.755507117946427,858.7751397674485,6,15,225,0,1,51,27
5.368154398019782,214.46668208316729,2,12,144,1,1,46,20
6.913091509561248,1005.3504936165073,13,3,9,0,0,55,22
6.498466017972151,664.1220999059755,8,6,36,1,1,43,20
5.1613094584793275,174.39266611178286,2,47,2209,1,0,39,55
6.591497519806331,728.8715526218334,5,19,361,0,1,22,30
5.904497938374674,366.68308206142626,8,45,2025,1,1,24,59
6.188412685631829,487.07235533599305,0,30,900,0,0,22,36
6.9886422617240225,1084.248350866271,8,43,1849,0,1,59,57
7.034621416935054,1135.2650387075353,11,35,1225,0,1,25,52
5.610088705177396,273.1684683875079,3,32,1024,0,0,34,41
6.056541005142729,426.89624815410195,15,20,400,1,0,25,41
5.678148185217605,292.407443821545,4,24,576,0,0,42,34
7.026653065652577,1126.2547941523994,16,35,1225,1,1,49,57
6.928737309871152,1021.2037013500118,16,5,25,0,0,58,27
6.613025501608377,744.7328039321899,5,8,64,1,1,59,19
6.438516834691561,625.4784236149075,14,41,1681,1,0,40,61
6.125717200698776,457.47269537714675,0,34,1156,0,1,56,40
6.434376222971138,622.89391473963,12,5,25,1,1,41,23
6.611728799581032,743.7677332352903,15,0,0,0,0,21,19
5.537223660563272,253.97190751399648,1,31,961,1,0,33,38
7.73326769231243,2283.0503310765466,18,28,784,0,0,37,52
5.9114610980602675,369.2452650079207,1,39,1521,0,1,34,46
6.219606790446082,502.50560316394655,11,7,49,1,1,56,24
6.410613965892578,608.2670216454242,11,29,841,1,0,21,46
5.878379606960932,357.2299195957923,7,41,1681,0,1,39,54
6.426615312084166,618.0784011318294,11,23,529,1,0,29,40
6.6590869315617836,779.8385659729934,10,34,1156,0,0,24,50
5.899427100056855,364.8283978145712,1,18,324,1,0,51,25
5.589091903579774,267.49260031504156,0,23,529,0,0,21,29
6.0142878488929785,409.234298459845,3,54,2916,1,0,24,63
6.735234860246036,841.5411054305927,8,13,169,0,1,40,27
6.497651500923937,663.5813813756314,6,20,400,0,0,37,32
7.246662675127239,1403.413377706282,9,26,676,1,1,59,41
6.958899345114387,1052.4745082933487,13,24,576,0,1,23,43
6.423598768788221,616.2167501615831,0,58,3364,0,1,51,64
6.089776876573877,441.32293067541036,4,49,2401,0,0,55,59
7.005401192674503,1102.5723102234558,12,38,1444,0,0,23,56
6.245555819979426,515.7157904200815,5,9,81,0,1,36,20
6.6977756979063825,810.6007973974807,16,0,0,0,0,52,19
6.877982133265765,970.6657082476638,14,3,9,0,0,41,23
5.878265419064447,357.18913059156176,6,26,676,1,1,37,38
5.880903166268817,358.132548924744,7,13,169,1,1,46,26
5.6521811133348,284.91221444646,1,20,400,1,1,34,27
6.8443066080601636,938.5222915482674,17,30,900,1,0,44,53
5.873038363545318,355.32695426453415,6,8,64,0,0,29,20
7.652688590449428,2106.3009641761396,15,37,1369,0,1,35,58
6.666438370894883,785.5926262788004,18,17,289,1,1,23,41
6.945176864685474,1038.1305896100837,8,25,625,1,1,50,39
7.083983394199032,1192.7101029445937,11,14,196,0,1,51,31
7.171501655881135,1301.7979883857943,13,40,1600,0,1,43,59
5.846138961108254,345.8962799226233,6,50,2500,1,1,37,62
5.10613558797365,165.03137180407273,1,54,2916,1,0,51,61
7.052934722279312,1156.2470324334665,16,22,484,1,1,47,44
6.146505236442193,467.0821893187048,10,34,1156,0,1,30,50
7.310261931472396,1495.5688744492181,17,16,256,1,1,27,39
6.7784743434752635,878.7270652322002,11,29,841,1,1,20,46
5.400915608203211,221.60923057018684,2,28,784,1,0,21,36
6.300496704613985,544.8424686946172,13,17,289,1,1,40,36
5.933342662800053,377.41397533002925,14,3,9,1,1,38,23
7.061499639943126,1166.1927242817387,18,38,1444,1,1,49,62
6.872617168893752,965.4720656169287,9,21,441,0,1,59,36
5.998912215690105,402.99018857803514,8,16,256,0,1,44,30
6.156223470787692,471.6435316909059,9,28,784,1,1,28,43
6.255983187054096,521.121482862709,3,30,900,0,1,47,39
7.465830876657082,1747.3067416417184,18,14,196,1,1,56,38
6.742462213870871,847.6452524332196,9,38,1444,1,1,51,53
5.902457964426602,365.93582058294,16,0,0,1,0,30,19
6.4057054822998465,605.2886685282209,11,47,2209,1,1,40,64
5.312667750487112,202.89076900165898,0,55,3025,0,0,43,61
7.034561261826359,1135.1967487697489,10,31,961,0,1,20,47
6.617080239569166,747.7586306245058,12,26,676,1,1,35,44
5.941317117677616,380.4356782502792,0,18,324,0,1,43,24
5.522334029342772,250.2183731883276,0,31,961,1,1,29,37
7.064896645325456,1170.1610235939565,15,27,729,0,1,51,48
6.561612565375979,707.411522652737,6,28,784,1,1,47,40
6.920504849618898,1012.8311929266583,9,15,225,0,0,52,30
6.868200031938472,961.2168481344606,15,13,169,0,0,57,34
4.934358442498524,138.98394772908992,0,15,225,1,0,41,21
6.1488106276693575,468.1602386856307,8,17,289,1,1,20,31
6.114717892914167,452.46838482731187,5,26,676,0,1,54,37
7.181590173737973,1314.9976713028943,14,10,100,0,1,31,30
5.523117450193385,250.4144762846873,3,11,121,1,1,44,20
7.577447904366728,1953.6367299989786,14,23,529,0,1,47,43
6.142886686716068,465.39508346957126,9,28,784,1,0,36,43
7.4590517156172,1735.5015277879777,15,14,196,0,1,35,35
6.788107877916991,887.2332190585636,12,31,961,0,1,51,49
6.228881801685049,507.1880294919244,18,7,49,0,0,23,31
6.0709638076516805,433.0979035546832,3,55,3025,0,1,30,64
6.96706586205319,1061.1047507395897,15,0,0,0,0,39,20
6.095422224140256,443.8213977300412,10,2,4,1,0,45,18
6.977762317060295,1072.515729677184,14,23,529,0,1,26,43
7.12148158362587,1238.2836959125193,10,25,625,0,1,50,41
5.9829537830088455,396.6101399713446,10,36,1296,0,0,26,52
5.688780103794585,295.5328812125238,2,23,529,1,0,23,31
6.290969482568778,539.67628229514,16,0,0,1,1,27,20
5.792336442409147,327.77796474604537,4,20,400,1,1,33,30
6.499335936025816,664.700083073068,12,46,2116,0,1,41,64
6.593662878249457,730.4515307844379,9,16,256,1,1,42,31
5.92207206880591,373.1841765930316,4,28,784,1,1,44,38
6.813946891499094,910.4572005237277,11,26,676,0,1,55,43
7.054137099539315,1157.6381137068636,7,7,49,0,1,45,20
6.779991573471801,880.0613082151269,11,40,1600,1,1,43,57
6.3992828552299645,601.4135825772457,15,0,0,0,1,37,21
6.441082811086852,627.0854473964603,1,46,2116,0,1,40,53
5.908381640572652,368.1099389032593,2,52,2704,0,1,24,60
7.059668246803126,1164.0589214389136,17,0,0,0,0,34,18
7.017285256780902,1115.7535182682482,16,35,1225,0,1,50,57
5.906109638394857,367.27454169190435,1,57,3249,1,1,45,64
6.265014772502053,525.8493540126108,11,33,1089,1,1,23,50
6.249491076928958,517.7492630627522,16,2,4,1,1,23,24
6.634614275667126,760.9854785884903,5,17,289,0,0,38,28
7.153754037467856,1278.8979857706388,16,22,484,1,1,45,44
5.354348778246348,211.52618103955123,1,24,576,1,1,52,31
6.371505551677538,584.9378204054897,7,26,676,0,0,23,39
6.071183004000135,433.19284743896185,13,14,196,1,0,57,33
5.9377932465464935,379.09743123627885,5,52,2704,1,1,43,63
6.271570134788864,529.3078103686859,8,15,225,0,0,50,29
5.879042529582046,357.466813903053,0,57,3249,0,0,53,63
6.209813639510554,497.60850808012265,4,17,289,0,0,53,27
5.886528015380552,360.1526665767434,6,29,841,1,1,21,41
6.217073254118252,501.23409834534567,8,49,2401,0,0,27,63
7.582121282092287,1962.7881798116618,13,16,256,0,1,40,35
6.366562957654028,582.0538432654273,8,25,625,0,0,31,39
5.487486172790662,241.6489789099782,3,17,289,1,1,55,26
6.366566530557851,582.055922891544,14,14,196,0,1,20,34
5.914037827273131,370.197936930657,3,46,2116,1,1,58,55
6.633876253310947,760.4240614872334,2,49,2401,1,1,35,57
6.001764948364906,404.14145320096253,13,11,121,1,1,25,30
6.259058164447141,522.7263858972216,8,40,1600,1,1,52,54
6.779237594814903,879.3980108594191,18,0,0,0,0,32,23
6.366144006857827,581.8100424182051,5,27,729,1,0,28,38
6.03673736542811,418.52530976145806,2,45,2025,1,1,54,53
6.16719095130469,476.8447428911367,17,1,1,1,0,47,24
7.566233315709182,1931.8498912414707,15,32,1024,1,1,53,53
6.1823063511227545,484.1071909605447,2,34,1156,1,1,51,42
5.894255007229336,362.94634275220164,1,21,441,0,1,20,28
6.300836418169789,545.0275905094252,1,54,2916,0,0,58,61
6.752670052503754,856.3421913442231,9,16,256,0,1,44,31
7.3609007245073546,1573.2529924821613,14,42,1764,0,1,29,62
5.640076799365249,281.4843354634752,2,38,1444,1,1,21,46
6.034764242280194,417.7003219537039,7,14,196,0,1,23,27
7.1046797685375696,1217.652091783621,17,0,0,0,1,44,22
6.324051040569163,557.8282060797264,10,9,81,1,0,35,25
6.329827060210757,561.0595559410174,6,51,2601,1,1,59,63
5.958728515043141,387.1175969825415,18,0,0,1,0,24,22
6.692110616315157,806.0216605807237,6,29,841,1,0,42,41
5.850268538267849,347.3276387189486,1,50,2500,1,0,39,57
5.853411518685863,348.42099999256556,5,32,1024,1,0,22,43
5.452528111394339,233.3473489253628,4,13,169,0,1,20,23
6.592526268444101,729.6217640620373,13,14,196,1,0,44,33
7.019881447893584,1118.653991098063,17,30,900,0,1,35,53
5.882322019602098,358.64104714243103,3,20,400,1,0,24,29
6.471126581391876,646.211326693822,3,19,361,1,0,55,28
6.483110861025467,654.002295261675,12,2,4,1,1,25,20
6.0760902583255625,435.3238593455669,0,55,3025,1,1,31,61
5.893083814078408,362.5215113098154,4,44,1936,1,1,42,54
6.362206955542315,579.523929649931,2,15,225,1,1,57,23
7.025511181397361,1124.9694755178114,18,12,144,0,1,24,36
7.101546565827032,1213.8429115323106,12,17,289,0,1,21,35
6.354581237258926,575.121450789943,6,21,441,0,1,22,33
6.310025545599489,550.0590002194773,9,25,625,0,0,26,40
6.073496372287526,434.1961420821149,2,52,2704,0,1,45,60
5.7337684521235595,309.13202534174644,1,47,2209,1,0,31,54
5.719461226777979,304.74069259459054,6,14,196,0,0,20,26
5.040741728920747,154.58463240568156,8,6,36,1,0,20,20
6.966856194694104,1060.8822950304548,11,8,64,0,0,52,25
6.609354914151732,742.0042078823201,9,40,1600,1,1,58,55
7.39267325313624,1624.0417899790143,18,0,0,0,1,28,21
6.357706203604462,576.921497045392,12,11,121,1,0,20,29
6.295177558524047,541.9520660594853,9,46,2116,1,0,34,61
6.771952598655363,873.0148785049448,4,38,1444,0,0,44,48
6.976864804310314,1071.5535649773747,14,22,484,0,0,55,42
6.139040453724906,463.6085035494028,2,25,625,0,0,29,33
6.498472222727092,664.1262206336403,7,46,2116,1,1,50,59
5.474773128169185,238.59633000360628,5,20,400,1,1,39,31
6.421522551478219,614.9386775155735,18,6,36,1,1,24,30
7.22694918229811,1376.0181135146552,16,36,1296,0,1,47,58
6.239342661844809,512.5215002524994,9,9,81,0,0,53,24
5.68087821497954,293.2068155035499,0,23,529,0,0,58,29
6.609321481516807,741.9794011412052,12,36,1296,0,1,57,54
6.523787283396862,681.153226741064,9,6,36,0,1,35,21
5.9841474584948875,397.0838464425981,11,2,4,0,0,34,19
6.088374368864552,440.70440570724236,1,45,2025,1,1,58,52
7.075240355895522,1182.3276460754,9,46,2116,0,1,45,61
5.9196231248172415,372.2713875878625,0,14,196,0,1,49,20
5.51337745430021,247.98727994375702,0,15,225,1,0,21,21
6.601879914543848,736.4784051358135,14,35,1225,1,0,22,55
5.66218457559987,287.77662616320316,0,23,529,1,1,38,29
6.574450300650303,716.551628108225,8,22,484,0,0,43,36
5.9498216293649975,383.6848948387403,6,15,225,1,0,22,27
6.520456856057256,678.8884688114706,15,0,0,1,1,59,18
7.139515386689517,1260.817232210067,15,13,169,0,1,24,34
7.107700338544779,1221.3356556017852,12,15,225,0,0,51,33
6.215867252195368,500.62997342005895,9,11,121,1,1,50,26
6.732940645441075,839.6126423676446,17,3,9,1,1,31,26
6.536177018600474,689.64503183374,8,12,144,0,1,55,26
7.207415558955238,1349.400311390161,11,12,144,0,1,55,29
6.473266810148605,647.595847825614,12,40,1600,1,1,50,58
6.75777455088828,860.7245640682335,10,16,256,0,0,52,32
6.207228915557287,496.3239882296858,14,0,0,1,1,26,19
6.869740354477206,962.6985729843832,9,13,169,0,1,45,28
6.149766241785012,468.60783304779034,9,13,169,1,0,45,28
6.396835482458749,599.9434990060304,8,11,121,0,1,39,25
5.758560443944155,316.89181687531897,2,41,1681,0,0,53,49
6.490402481808943,658.7884602344642,15,2,4,1,1,52,23
6.432852466521362,621.9454988804156,11,20,400,0,0,38,37
7.713057941506523,2237.3735654847883,16,34,1156,0,1,36,56
7.2601131768986855,1422.4175128943884,14,32,1024,1,1,56,52
5.239590978606233,188.59294807737894,2,17,289,0,1,25,25
6.965232112007154,1059.1607328202995,4,50,2500,0,1,41,60
7.530950557156868,1864.8773338064696,12,33,1089,0,1,57,51
5.827486581028534,339.5042892802068,5,25,625,1,0,36,36
6.356831028500147,576.4168105907571,8,10,100,1,1,39,24
6.577567583876383,718.7888076286031,18,24,576,1,0,45,48
6.07248566760511,433.7575197044098,6,23,529,0,0,47,35
6.208091502838961,496.75229568924925,12,39,1521,0,0,27,57
6.121378620357171,455.49221268240296,4,21,441,0,1,26,31
7.121289471197656,1238.0458290742,15,35,1225,1,1,26,56
6.116169722012954,453.125768683721,3,44,1936,1,0,48,53
5.934150700152118,377.7190631638702,4,24,576,1,1,22,34
7.13048175056068,1249.4787590374938,18,30,900,1,1,35,54
6.7569725408280945,860.0345310524989,5,50,2500,0,0,32,61
6.568170730682933,712.066090388105,3,17,289,0,1,37,26
5.497175817094347,244.001852406511,0,31,961,1,1,32,37
7.092376402525648,1202.7626553372331,16,40,1600,0,1,50,62
6.309950951872303,550.0179707987669,8,31,961,0,0,22,45
6.542215400923828,693.8219704879796,15,16,256,1,0,49,37
5.960543761884891,387.8209491636265,1,51,2601,0,0,22,58
6.189380850624061,487.5441500898425,10,37,1369,1,0,45,53
6.362007533212539,579.408371160574,4,34,1156,1,1,21,44
6.700786170345456,813.0447656608908,12,7,49,1,1,58,25
7.275862968748517,1444.9976420537914,16,27,729,0,1,53,49
6.093132487412955,442.8063261421373,14,0,0,1,1,57,18
6.8066971199827115,903.880462573857,11,17,289,0,1,32,34
5.744011705968454,312.3148163879376,5,15,225,1,1,30,26
7.465845912085826,1747.3330133452303,12,19,361,0,1,56,37
6.846404822510691,940.493579952227,17,39,1521,1,1,26,62
6.282634630886231,535.1968541422937,14,29,841,0,1,46,49
5.916663486928415,371.1712279244098,14,0,0,1,0,26,19
5.646126583003724,283.19241634089514,7,36,1296,1,1,27,49
7.029636880892225,1129.6203489707923,18,38,1444,1,1,55,62
6.430116020012911,620.2459047763003,13,7,49,0,1,48,26
6.291898947959356,540.1781259086554,6,35,1225,0,0,40,47
6.146073457617722,466.88055665355944,13,18,324,1,1,45,37
5.677089718173334,292.09810392068636,4,45,2025,1,1,39,55
7.238270670948778,1391.6852070354391,14,0,0,0,1,48,18
6.327913041173696,559.986704326758,14,2,4,1,1,34,22
5.967512220792264,390.53290160162567,3,43,1849,1,1,42,52
5.690249657795258,295.9675020115903,0,47,2209,0,1,34,53
6.386735255390978,593.9144321645992,16,0,0,0,1,29,18
6.2172112704293205,501.3032816006802,0,25,625,0,0,21,31
6.889159116107592,981.5756789143167,15,5,25,0,1,49,26
6.3553032738472055,575.5368594722044,12,29,841,0,0,56,47
6.671427579579063,789.5219056788128,17,18,324,1,1,46,41
6.770518772452482,871.7640238650165,9,6,36,0,1,36,21
7.435060092459965,1694.3595341663795,17,8,64,0,1,22,31
6.30113502630879,545.1903644855391,16,20,400,0,0,27,42
5.971019470636134,391.90500280416313,8,7,49,1,1,56,21
6.42616215597962,617.7983785830244,13,23,529,0,1,23,42
5.851097322269511,347.61561762892666,12,9,81,1,1,43,27
7.4599093786305835,1736.9906417457335,13,33,1089,0,1,48,52
6.4911937711978975,659.3099588535641,10,8,64,0,1,27,24
6.781049577462289,880.992909323037,12,41,1681,1,1,53,59
6.574749858141453,716.7663086692005,16,8,64,0,0,28,30
5.711351012511856,302.27917548990484,2,13,169,1,0,36,21
5.760064413376856,317.3687710537222,0,54,2916,1,1,29,60
6.49424312789033,661.3234985290702,4,43,1849,0,1,43,53
6.6144413125256385,745.7879515349317,12,13,169,1,1,41,31
6.663251157082923,783.0927605292785,4,25,625,1,0,36,35
5.389898014122852,219.18103104434647,4,15,225,1,0,50,25
6.467430292914584,643.8271522258661,11,32,1024,0,1,28,49
6.144248374163177,466.02923777466947,1,37,1369,0,0,34,44
7.377642378862971,1599.8135638790097,15,38,1444,1,1,49,59
7.976261466546865,2911.027721006406,16,32,1024,1,1,36,54
5.743917703606029,312.28545943720985,4,30,900,0,0,26,40
6.961002704878892,1054.6905705983936,11,7,49,0,1,45,24
6.645680348693997,769.4533661850166,14,9,81,0,1,21,29
6.577586546989891,718.8024382315893,5,31,961,1,1,48,42
5.445742635356993,231.76933592022633,12,2,4,0,0,25,20
7.003584058763726,1100.5706079208296,10,27,729,0,1,52,43
6.594382140889066,730.9771062713239,16,0,0,1,1,57,21
6.120387472675463,455.0409762896594,8,45,2025,0,1,20,59
7.31666226070169,1505.1717054898609,15,32,1024,0,1,29,53
6.686254738264687,801.3154888625496,16,10,100,0,0,50,32
7.526770524430025,1857.0983550391509,17,26,676,0,1,43,49
6.545865341473374,696.3590066312307,12,28,784,0,0,27,46
6.544492277914866,695.4035175793011,10,11,121,0,1,47,27
7.147316917095831,1270.6920052704047,12,20,400,0,1,47,38
6.5275631754597025,683.7300496445109,12,15,225,1,1,27,33
6.635284526095206,761.4957004003703,11,47,2209,0,0,48,64
6.324008972250827,557.8047396787756,13,17,289,1,1,38,36
6.881828011402496,974.4059579352388,12,28,784,0,0,48,46
6.506880803546198,669.7341238457832,8,21,441,0,0,34,35
6.902484293894202,994.7428821785466,13,42,1764,1,0,50,61
5.439245215055783,230.26831479503338,0,27,729,0,0,24,33
6.00646706290587,406.04624737529406,8,4,16,0,1,47,18
5.604926106200808,271.7618431772733,3,10,100,1,1,34,19
6.3309423445694755,561.6856459573717,11,15,225,1,1,27,32
6.231699585811275,508.61919127597605,13,37,1369,1,1,55,56
6.523936645802489,681.2549730239562,8,31,961,1,1,51,45
5.764866962738341,318.89661608150465,2,10,100,0,1,58,18
6.064514878377284,430.3138724642464,5,11,121,1,1,58,22
5.797123153356821,329.3507042400165,2,51,2601,1,1,41,59
5.6436839306212265,282.50151986389994,0,33,1089,0,1,24,39
5.699378359713198,298.68167068490135,2,45,2025,1,1,29,53
7.668609383001611,2140.103310963075,13,44,1936,0,1,50,63
5.750730483684528,314.42025528435477,1,23,529,1,0,56,30
7.554196025612944,1908.7350527901694,11,1,1,0,1,42,18
6.407469930745835,606.3576119492325,9,18,324,0,0,51,33
6.473260268871986,647.5916117358908,12,40,1600,0,0,43,58
6.240622873920222,513.1780566420689,3,30,900,0,0,23,39
7.398327499224822,1633.2505316294323,18,25,625,0,1,57,49
5.565617153381053,261.28640775080896,0,27,729,0,0,34,33
5.5177191503333685,249.06630604002467,10,16,256,1,1,30,32
6.666388749926237,785.5536453788663,15,42,1764,1,0,44,63
8.403454335606238,4462.4549714527875,18,35,1225,0,1,45,59
6.897777645434046,990.0719778988044,18,5,25,1,0,58,29
6.3808245038585545,590.4143059032004,11,1,1,0,0,56,18
5.946415714618976,382.38031969456046,2,26,676,1,1,55,34
7.156614072003399,1282.5609137307797,17,35,1225,0,1,52,58
7.642494388524761,2084.9379811209287,16,23,529,1,1,39,45
5.391073306613307,219.43878430224746,4,14,196,1,1,53,24
7.108634814037848,1222.4774972691916,15,5,25,0,1,31,26
7.223606949595134,1371.4268176393202,13,20,400,0,1,55,39
6.924530056698777,1016.9162643286885,18,19,361,1,1,23,43
6.584341565667668,723.6743986937065,5,18,324,1,1,32,29
5.441944842055389,230.89079320652002,2,16,256,0,1,22,24
6.276596539250716,531.9750231379635,5,52,2704,0,0,36,63
5.951878105345138,384.47474548499713,11,47,2209,1,1,26,64
7.1172766208521585,1233.0876912272365,10,16,256,1,1,33,32
6.63464089207095,761.0057335548487,6,43,1849,0,1,51,55
5.473987426586576,238.40893811620907,0,32,1024,1,1,45,38
6.857603142283481,951.0847186042239,15,10,100,0,0,50,31
6.619808092986232,749.8011911965245,15,0,0,1,1,50,19
7.08223541252556,1190.6270886087018,16,3,9,1,1,35,25
6.6612520036135905,781.528801737957,14,42,1764,0,0,20,62
6.3344101368224415,563.6368362950436,8,9,81,0,1,53,23
6.562970730175068,708.3729568265101,4,44,1936,1,1,45,54
6.258341051687327,522.3516665100886,7,41,1681,1,0,49,54
5.646396364821941,283.26882681249526,0,44,1936,1,1,24,50
6.379762311263529,589.7875051499649,6,46,2116,1,1,43,58
5.715501711142762,303.5364527341686,10,7,49,0,1,29,23
6.826893766224128,922.3214123491713,12,25,625,1,1,57,43
6.670862384713684,789.0757980323694,12,38,1444,1,1,54,56
5.786601974499472,325.90371158411114,6,46,2116,1,1,21,58
6.539353643177344,691.8392584631467,10,38,1444,1,0,48,54
5.805294711574428,332.05303879860236,17,8,64,1,1,38,31
5.596202280809523,269.4013515382703,0,48,2304,0,0,57,54
6.229696243380674,507.60127282912407,11,8,64,1,1,33,25
6.413575426225535,610.0710502629867,2,48,2304,0,1,47,56
5.893107756030415,362.5301908863432,0,24,576,0,0,53,30
5.548923646638372,256.96082635384704,3,21,441,0,1,23,30
6.089036785928482,440.9964325368312,5,46,2116,1,1,44,57
6.468371464219226,644.4333891083186,4,50,2500,0,1,25,60
7.359158273262359,1570.514062765446,10,29,841,0,1,47,45
6.944756572048306,1037.694362644764,12,17,289,0,1,57,35
6.0008842549557855,403.7856851710506,10,20,400,0,0,28,36
6.5527840758502105,701.1936350984432,5,44,1936,1,0,37,55
8.54992536282595,5166.368809617421,18,25,625,0,1,50,49
7.101380887356998,1213.6418205545492,14,19,361,0,0,41,39
6.098261432187932,445.08328955323043,12,1,1,0,0,23,19
6.353310622165986,574.3911568537972,9,15,225,0,1,52,30
6.3113154507793086,550.7689819791995,0,34,1156,0,1,55,40
6.619765645959904,749.769365041089,12,24,576,1,0,54,42
5.847232518670499,346.2747443138676,5,34,1156,1,1,32,45
6.3715188289609115,584.9455868422453,11,11,121,0,1,34,28
7.287379169404334,1461.7347136079286,16,28,784,0,1,52,50
7.215229189327365,1359.9853264914432,17,18,324,1,0,47,41
6.356469131851597,576.2082450207031,7,6,36,0,0,53,19
7.179754128840313,1312.585491650768,13,28,784,1,0,57,47
5.800815777617116,330.5691208335009,4,24,576,1,1,20,34
6.07027040892377,432.79769811236196,1,50,2500,1,1,50,57
6.457306964281515,637.3423576154847,10,35,1225,1,1,36,51
5.507828089835796,246.61491953073363,2,47,2209,0,0,41,55
7.27018442606602,1436.8154148174735,15,18,324,0,0,51,39
6.0274061010415485,414.63810392199804,15,1,1,1,0,48,22
6.312829028358333,551.6032447629989,8,43,1849,1,1,20,57
6.050458928769108,424.30771238485164,12,15,225,1,1,47,33
6.377005846711383,588.1640153726839,9,15,225,1,1,21,30
7.135351569724669,1255.578334503649,16,21,441,1,1,44,43
7.066146107114915,1171.6240088622178,16,26,676,0,1,40,48
7.0583057419306945,1162.4739654869547,9,41,1681,0,1,56,56
6.474679570765677,648.511392305516,7,27,729,0,0,45,40
7.113305182749821,1228.200271253554,6,17,289,0,0,59,29
6.191753679857665,488.70238270251474,13,12,144,1,1,20,31
7.012679796037249,1110.6267738120714,17,12,144,1,1,51,35
6.452312576696923,634.1671585450366,18,20,400,1,1,28,44
6.8986800703153905,990.9658467500664,17,22,484,1,1,24,45
7.596061063181298,1990.340608616871,13,16,256,0,1,59,35
6.473571759973813,647.7933621806676,9,18,324,1,0,36,33
6.1759304349405655,481.0303832451071,0,27,729,0,1,48,33
6.3211442862519585,556.209090858547,8,16,256,1,1,38,30
7.778640383179489,2389.0244535795923,17,23,529,0,1,59,46
6.371960183047103,585.203811947359,12,8,64,1,0,48,26
7.074748552312004,1181.746316063976,16,21,441,0,0,31,43
5.8499623695408,347.221314135395,15,24,576,1,0,27,45
7.287312170756212,1461.6367826388619,10,42,1764,0,1,50,58
6.535280467822445,689.0270071305471,8,16,256,0,1,34,30
6.406010192617927,605.4731343338286,6,41,1681,0,0,53,53
5.348982214007958,210.3940527376381,0,20,400,1,1,45,26
6.811619673513255,908.3408317322685,8,50,2500,1,1,54,64
7.131887641147703,1251.2366248574751,9,16,256,1,1,48,31
7.1662280174327515,1294.9508470052006,15,8,64,1,1,52,29
7.4152871920954775,1661.186179436437,17,26,676,0,1,52,49
6.150083429469557,468.7564932566618,13,36,1296,1,0,55,55
5.986805005712112,398.14051897038354,10,4,16,0,1,40,20
6.150165571928067,468.7949996489436,3,24,576,0,0,49,33
6.847023643037859,941.0757567980837,18,13,169,1,0,38,37
7.547220584919714,1895.4671132907747,12,31,961,0,1,51,49
5.899029850471822,364.68349866739993,0,34,1156,0,1,20,40
6.725881115974044,833.7062449011568,18,10,100,1,1,52,34
6.4952273680285275,661.9747200872823,14,13,169,1,0,45,33
6.718511260114114,827.5845358117604,14,35,1225,1,1,46,55
6.612320112981317,744.2076631180511,10,9,81,0,0,47,25
6.231788133523856,508.66423033596175,4,26,676,1,0,39,36
5.984051351650509,397.0456858009415,9,32,1024,1,0,27,47
6.989846457932848,1085.554785063493,17,28,784,1,0,45,51
6.256095308339412,521.1799149488522,6,19,361,1,1,50,31
5.5840952370379755,266.1593626347982,0,33,1089,1,1,24,39
5.7705095474174986,320.70110344028575,2,53,2809,0,1,30,61
6.086576965898585,439.91299375746735,0,28,784,1,1,40,34
6.714005557405221,823.8640738688428,16,10,100,1,0,27,32
7.251998732285267,1410.9220873413622,14,29,841,0,0,45,49
5.8541830033577895,348.68990516821043,4,20,400,1,0,31,30
6.7376195831573495,843.5503425702508,15,17,289,1,1,32,38
6.182402735681194,484.1538536671288,11,40,1600,1,1,29,57
8.15669237571584,3486.635031464276,18,26,676,0,1,48,50
6.943115488968287,1035.9928165551219,13,25,625,0,1,27,44
6.357484424404572,576.7935620445637,2,44,1936,0,1,57,52
6.647260745886382,770.6703695456495,18,9,81,1,0,20,33
5.6924073739726415,296.60680534820057,0,39,1521,0,0,28,45
5.582373573730017,265.7015200645491,0,45,2025,0,0,23,51
6.210949277342829,498.173932125261,9,49,2401,1,1,52,64
5.655718856220525,285.9219456377255,2,10,100,0,1,40,18
6.267773291388682,527.3019219340982,12,40,1600,1,0,26,58
6.813060245413828,909.6503049793304,5,37,1369,1,1,51,48
6.1973954441409616,491.4673185747584,10,37,1369,1,0,58,53
5.838387391248056,343.22540585157935,5,50,2500,1,1,47,61
5.543835549294117,255.65670521684814,2,42,1764,1,0,45,50
7.132459297824156,1251.952107113518,15,29,841,1,0,56,50
6.489141749172936,657.9584274570685,8,42,1764,1,1,53,56
5.911843854104343,369.3866229159198,7,22,484,0,0,28,35
6.286099409158298,537.0544087228992,2,32,1024,0,1,25,40
5.82999324580071,340.3563802291638,4,30,900,1,1,41,40
6.239168845022485,512.432423135728,13,13,169,1,0,28,32
5.418273723534022,225.4895290584488,4,33,1089,1,0,34,43
7.113775262230279,1228.7777587208332,18,23,529,1,0,20,47
6.937306285825265,1029.9919707709269,4,32,1024,0,1,51,42
5.9538582363027945,385.23681007581376,1,55,3025,0,1,37,62
6.700005369203252,812.4101871512516,6,21,441,0,0,30,33
5.744261125391258,312.3927234845419,0,50,2500,1,1,54,56
7.038808115393429,1140.028014709788,17,39,1521,0,0,52,62
6.987573129708694,1083.089765692403,9,16,256,0,1,23,31
5.763906303542216,318.59041221698067,5,23,529,1,0,53,34
6.147467846976837,467.5320240277669,6,17,289,0,0,38,29
7.132873206056894,1252.4704076546768,11,29,841,1,0,31,46
7.2324212430512596,1383.5684072220333,17,26,676,0,0,59,49
6.703712219909234,815.4272588895592,10,25,625,1,1,55,41
7.56051694343059,1920.838221464303,18,6,36,0,1,41,30
6.403915377646275,604.2061077036058,3,28,784,0,1,31,37
6.45546677772948,636.170607230266,18,8,64,1,1,47,32
6.500882744601696,665.7290424583952,12,3,9,1,1,34,21
7.036866235927174,1137.8163657898704,18,27,729,0,0,23,51
6.070659716074081,432.9662221525536,1,38,1444,1,1,27,45
5.406201123407047,222.7836505007613,8,5,25,1,0,50,19
7.1136653215369785,1228.6426734679467,7,51,2601,0,0,45,64
6.443700369602924,628.7290303985071,13,28,784,1,1,22,47
7.126609775070577,1244.6501620443046,8,29,841,0,1,58,43
6.54418887157399,695.1925597471902,12,46,2116,0,1,26,64
6.732329958996662,839.1000588382293,17,20,400,0,1,34,43
6.288866104076414,538.54233179174,5,26,676,0,1,39,37
6.160037064446116,473.44562250939964,2,51,2601,0,0,36,59
7.273307578425431,1441.3098229777893,9,30,900,0,1,51,45
6.389820630639423,595.7497108591054,9,22,484,0,1,29,37
6.78446555142703,884.0075041216684,9,13,169,1,1,35,28
5.9022631151323495,365.86452519271154,8,13,169,1,1,45,27
6.268979860516794,527.9385321341729,11,23,529,1,0,41,40
6.5104224534285535,672.11029292243,7,41,1681,0,0,34,54
5.702796200348282,299.7042635702185,8,44,1936,1,0,31,58
6.38026595013836,590.0846198784311,16,14,196,0,1,58,36
6.647061714778681,770.5169974317432,7,49,2401,0,1,22,62
6.910969852003109,1003.2197453015648,17,12,144,1,1,43,35
6.7278873017760334,835.3804933979488,16,22,484,1,1,21,44
5.681142089441691,293.2841955031438,5,12,144,0,1,23,23
6.613577533455715,745.144033653226,9,12,144,0,1,42,27
5.474126192807967,238.4420235192124,0,13,169,1,1,42,19
5.6240366592805024,277.0053054576142,0,35,1225,0,1,27,41
6.774609945359679,875.3378668408782,8,41,1681,0,0,31,55
5.342743525348756,209.08555564387422,2,37,1369,1,0,28,45
6.348450633970712,571.6063950479875,5,34,1156,0,1,30,45
6.135836458258691,462.1254810732511,6,50,2500,1,0,50,62
6.004326632174762,405.1780629848973,8,42,1764,0,0,20,56
5.891581405947088,361.9772649858704,4,9,81,0,0,54,19
7.222769125179971,1370.2782839698514,15,42,1764,0,0,34,63
6.018392121059821,410.91735890720327,1,15,225,1,1,26,22
6.189641717637934,487.6713508669298,2,20,400,0,1,47,28
5.88891696251314,361.0140807836766,2,19,361,1,1,25,27
6.041973037786416,420.7223175447445,9,45,2025,1,0,39,60
5.39130885034688,219.49047782059583,2,11,121,1,0,43,19
6.8802665014881415,972.8856007066848,14,12,144,0,1,55,32
7.5036610134984025,1814.6738135551493,13,37,1369,0,1,57,56
5.862069208353997,351.4506167011316,3,49,2401,0,1,31,58
6.215249160066746,500.3206335842427,9,39,1521,0,0,22,54
6.222601462305183,504.0126980538005,10,8,64,1,1,47,24
5.670494182223617,290.17789972424794,10,21,441,1,0,31,37
6.319035969540752,555.0376612435986,7,38,1444,0,1,35,51
6.753579389193714,857.1212488770888,8,38,1444,0,1,34,52
6.062531044408994,429.4610473983907,7,38,1444,1,0,50,51
7.241875977404204,1396.711714301189,11,22,484,1,1,40,39
7.460494200888411,1738.0067696328067,16,26,676,0,0,37,48
7.3314303766366,1527.565203631641,14,20,400,0,1,25,40
6.652252959867935,774.527340341083,18,12,144,0,0,36,36
5.507156739854851,246.44941017277466,5,10,100,1,0,42,21
6.417824644121273,612.668890573354,4,31,961,0,1,54,41
6.023066959591257,412.842828332571,7,24,576,1,0,37,37
7.985969904763446,2939.426886493964,17,33,1089,0,1,30,56
6.041757151450781,420.631499148868,14,25,625,1,0,42,45
6.073235143479593,434.0827323550986,2,48,2304,0,1,36,56
6.595081308255758,731.488360315073,13,15,225,0,1,25,34
6.9050650000798415,997.3133366549779,14,16,256,0,0,43,36
6.935451103939355,1028.0829196901439,12,34,1156,1,1,56,52
6.4897849889653605,658.3817886461541,8,35,1225,0,1,35,49
7.058120341425666,1162.2584622044972,16,42,1764,1,1,48,64
7.4609090878620545,1738.727995604916,18,39,1521,0,0,48,63
5.856984781049456,349.66822664548334,3,55,3025,0,1,47,64
7.442435778344605,1706.9027985916978,9,48,2304,0,1,35,63
5.687966841941652,295.2926332994193,2,48,2304,1,1,22,56
8.221662649510806,3720.6834351186044,18,28,784,0,1,43,52
6.739383940491497,845.0399805442983,8,33,1089,0,0,37,47
5.8322342076178,341.1199611397397,4,24,576,1,0,36,34
6.663285336002868,783.1195262514592,13,40,1600,0,0,29,59
6.733819442460411,840.3508157599359,6,52,2704,0,1,56,64
5.851390015696551,347.717377326814,5,35,1225,0,1,44,46
6.008997141404989,407.0748769635151,7,10,100,0,1,55,23
5.44025976609434,230.50205230222178,1,27,729,1,0,42,34
6.458590146005394,638.1607086148653,13,15,225,0,1,38,34
6.303820545550637,546.6564514210523,6,19,361,0,1,29,31
5.70123724819862,299.2374029654865,2,33,1089,1,0,30,41
6.901865923299183,994.1279525773896,5,43,1849,0,1,24,54
6.512192726283042,673.3011653027341,13,38,1444,1,0,25,57
6.609986922358655,742.4733088534908,11,39,1521,0,0,22,56
7.060414918348978,1164.9284156861577,17,26,676,1,0,57,49
6.61898215523625,749.1821577644649,11,36,1296,1,1,30,53
6.1887670116156555,487.2449683063164,6,42,1764,1,1,43,54
6.062594953508793,429.48849474438686,4,21,441,1,1,45,31
6.388477707727144,594.9502018820272,11,27,729,1,1,45,44
5.787238410779532,326.1111945478086,8,22,484,1,1,43,36
6.986127566150228,1081.5252216929125,10,32,1024,0,1,59,48
6.05425452666618,425.9212741243076,3,54,2916,0,1,23,63
6.667869369867569,786.717613255584,13,7,49,1,1,29,26
6.690593101313255,804.7994382238659,11,38,1444,1,1,53,55
6.775100856875846,875.7676857731469,17,11,121,0,0,48,34
6.3550714539377475,575.4034540331676,6,24,576,0,0,45,36
5.184916126333957,178.55847280802982,0,55,3025,1,0,38,61
6.133490172343197,461.0424735852605,12,3,9,0,1,40,21
6.563129098455295,708.485149517089,15,7,49,0,1,38,28
6.448700623278736,631.8807080711218,4,29,841,1,1,59,39
7.083830997772789,1192.5283520368073,18,0,0,0,0,57,21
6.811189523025316,907.9501925031346,8,20,400,0,1,38,34
6.005053957934023,405.4728666233377,8,11,121,1,0,37,25
7.284751403054096,1457.8986586499827,11,46,2116,0,1,33,63
7.759324200643028,2343.3204555954453,17,28,784,1,1,54,51
6.255930203903344,521.0938729360593,9,13,169,1,0,37,28
6.607227133545154,740.4270642216727,16,26,676,1,0,47,48
6.797172669152717,895.3123655326299,18,4,16,1,1,38,28
6.842677095785833,936.9942033118541,10,39,1521,0,1,44,55
6.793512611922394,892.0414605369291,15,17,289,1,1,34,38
6.0484419238411595,423.45274416541713,7,50,2500,1,1,22,63
6.995774099908478,1092.0086744496143,14,27,729,0,0,42,47
6.414618782041882,610.707903616216,10,11,121,0,0,31,27
7.085868480748767,1194.9605852278953,6,31,961,1,1,51,43
6.0398034544301105,419.81051488057676,1,37,1369,1,0,47,44
6.8305112280250215,925.6639168726987,18,1,1,1,1,53,25
6.2087363685288155,497.07273751095914,8,42,1764,1,1,20,56
6.911693679814317,1003.9461665241936,17,2,4,1,1,29,25
6.13987283759079,463.994564440982,12,7,49,1,1,46,25
5.931548629709796,376.73748917028183,0,45,2025,0,0,31,51
8.368920100128467,4310.97812337443,18,9,81,0,1,55,33
7.018620752613576,1117.2445978858773,12,40,1600,1,1,52,58
6.484168029948608,654.6940517511946,13,11,121,0,1,23,30
6.304605737753351,547.0858503625608,16,18,324,1,0,40,40
5.490460485349697,242.3687884414412,0,23,529,1,0,39,29
6.279908002532584,533.7395588791537,4,34,1156,1,0,36,44
7.1369253623685145,1257.5559101891201,13,20,400,1,1,53,39
6.880381918708532,972.997894938696,17,26,676,1,1,33,49
7.226980928051509,1376.0617969397367,12,26,676,0,1,29,44
6.51152690056628,672.8530132838756,11,2,4,1,1,39,19
7.436913493232191,1697.5027733766444,14,42,1764,0,1,54,62
6.053210789795527,425.4769563022911,3,41,1681,0,1,34,50
7.722616524027174,2258.862222277909,8,29,841,0,1,58,43
5.385278080195126,218.17076464163446,2,37,1369,1,0,46,45
6.803009487631671,900.5534219601626,10,20,400,0,1,34,36
6.896014327829263,988.3277048558094,14,40,1600,0,0,38,60
7.069980763916724,1176.125409985243,15,1,1,0,1,45,22
6.61789927382667,748.3713214324621,6,38,1444,0,1,31,50
6.306250943984718,547.9866602184787,6,25,625,0,1,43,37
6.448261401412148,631.6032331880411,8,33,1089,0,0,55,47
7.125629513566446,1243.4306772090138,16,40,1600,1,1,52,62
6.899757949735388,992.0345643130605,12,7,49,0,1,24,25
6.390158655522126,595.9511231245,8,41,1681,0,1,28,55
6.760123972175625,862.7491460483267,8,20,400,0,1,59,34
6.697750143205607,810.5800830013308,11,44,1936,1,1,33,61
7.271639863670102,1438.908132542943,18,0,0,1,1,55,18
6.433202415543993,622.1631861873872,14,0,0,1,1,44,20
6.193974538514438,489.7889277045731,17,40,1600,1,1,26,63
6.3030675008986865,546.2449496629008,7,30,900,0,1,53,43
5.970706009362596,391.78217501476166,5,37,1369,0,1,26,48
5.9988050225003775,402.94699308946514,5,14,196,0,1,50,25
6.524388626183783,681.5629565024241,2,52,2704,1,1,51,60
5.907857839836193,367.9171731359968,2,55,3025,0,0,40,63
6.08064877698831,437.3128211983627,1,18,324,1,1,34,25
6.400660395269692,602.2426247559794,4,42,1764,0,1,49,52
6.728689129974516,836.0505936507543,11,39,1521,0,1,23,56
6.45350012344826,634.9207090436354,5,34,1156,0,1,53,45
5.964957722129434,389.536558946483,15,0,0,1,0,28,21
5.905717749108369,367.13063893263217,4,23,529,0,0,31,33
6.16888431120662,477.6528967127198,5,19,361,1,0,49,30
6.245819425032101,515.8517536276875,3,28,784,0,1,43,37
6.620649529515579,750.4323668184176,13,3,9,0,0,48,22
6.310593558313751,550.3715294770893,2,46,2116,0,1,41,54
7.404193767263839,1642.8597746635123,16,15,225,0,1,54,37
6.8935051370409655,985.8509107569334,4,31,961,0,0,39,41
6.476145180643951,649.4625538538743,5,42,1764,0,1,56,53
5.988757062550967,398.91847094947155,3,42,1764,0,1,28,51
6.117429602119899,453.69701259949176,12,44,1936,1,0,41,62
6.661335733055126,781.5942414476475,7,38,1444,0,1,35,51
6.874431630096221,967.2254674808291,10,20,400,0,1,21,36
6.913485986937902,1005.7471598746353,18,10,100,1,1,42,34
6.806591473844608,903.7849761376543,4,12,144,1,1,48,22
5.912895195481161,369.77517857316434,4,32,1024,0,0,30,42
5.483107903456984,240.59328733352964,2,27,729,1,0,54,35
5.740416382107894,311.1939596055211,1,18,324,1,1,41,25
5.473576776972671,238.31105567688854,2,36,1296,0,1,22,44
6.847342764038098,941.3761217587283,14,12,144,0,0,31,32
5.754524632160858,315.6154784100444,6,50,2500,0,1,20,62
6.1086517399645635,449.73195060567036,2,22,484,0,1,45,30
6.2999750750649195,544.5583368755794,14,13,169,1,0,53,33
6.867258070221819,960.311844968201,10,23,529,0,1,48,39
6.75411945038799,857.5842718215051,15,16,256,0,0,52,37
6.0985186893749574,445.1978051576427,12,12,144,1,0,51,30
6.035399649903505,417.9658162621539,1,30,900,1,1,44,37
6.537255686904613,690.3893314247069,11,2,4,1,1,55,19
5.594242631520287,268.87393631442615,6,40,1600,1,1,21,52
5.793710701618772,328.22872629347165,0,58,3364,1,0,34,64
6.439775822687427,626.2663893575367,13,17,289,1,1,32,36
6.672108749077662,790.0598871269115,9,47,2209,0,1,34,62
5.855753561825318,349.2379733251985,2,46,2116,0,0,25,54
6.394076738034608,598.2906891116372,10,7,49,0,1,40,23
7.301146698981028,1481.9983596121515,14,11,121,0,0,45,31
6.290000118651747,539.1533930561312,5,10,100,0,1,54,21
6.428794067523952,619.4265108779441,17,16,256,1,1,37,39
7.531585230780103,1866.061297936465,12,38,1444,0,1,25,56
7.85278896607187,2572.900050643333,14,33,1089,0,1,33,53
5.46233057740387,235.64597608299906,2,43,1849,1,0,37,51
6.834025002483777,928.9222122062507,14,24,576,1,0,39,44
6.368700543969919,583.2993643260304,0,18,324,1,1,34,24
6.264026406446218,525.3298791185862,9,5,25,1,1,46,20
7.22983334286178,1379.9924993209152,17,41,1681,1,1,43,64
6.6687052420650215,787.3754835451892,7,37,1369,1,1,31,50
6.15674223203644,471.8882655521031,11,2,4,1,0,20,19
6.242346309383453,514.0632484702301,4,49,2401,1,1,33,59
5.512889092802086,247.8662020715,0,27,729,1,1,51,33
5.745413679687853,312.7529806282985,7,29,841,1,1,22,42
5.882592401470997,358.7380302896727,4,22,484,0,0,29,32
7.853578443641593,2574.932099545427,16,19,361,0,1,45,41
6.318125742625906,554.5326808838041,14,12,144,1,1,50,32
5.902112652678997,365.809480459843,3,39,1521,1,1,29,48
6.620451759261002,750.2839682930795,12,13,169,1,1,20,31
6.740544253264189,846.0210602967719,16,9,81,0,0,51,31
6.469408365577911,645.1019495207657,12,5,25,0,1,38,23
5.30117409012149,200.57216157931518,1,24,576,0,1,20,31
5.859978251281316,350.7165163021162,3,25,625,1,1,45,34
5.4184272513647,225.52415063430544,1,28,784,1,1,24,35
6.912309558774263,1004.5646662860187,11,20,400,0,1,45,37
6.685690204712162,800.8632470477789,18,10,100,1,1,57,34
7.145304252259228,1268.1371000995982,17,10,100,0,0,20,33
6.550771346777967,699.7837416265643,9,42,1764,0,1,49,57
5.872384426154916,355.0946686417279,4,46,2116,0,0,31,56
6.287516101157968,537.8157886001735,10,33,1089,1,0,55,49
5.51995976114758,249.62499236437085,0,55,3025,1,0,55,61
7.1039858663567355,1216.8074534237262,2,18,324,0,1,43,26
6.88816832965146,980.6036286526152,16,22,484,0,0,44,44
6.665062238676701,784.5122904683593,14,43,1849,1,0,27,63
6.671120518564009,789.2795114978533,13,31,961,0,1,31,50
6.773489866436827,874.3579682301917,14,7,49,1,0,46,27
6.666524259387586,785.6601025430258,15,13,169,1,1,31,34
6.521160925694651,679.3666218763137,3,44,1936,0,1,51,53
7.456487851996845,1731.0576377560917,18,10,100,0,0,54,34
6.981535922240871,1076.5706265690603,7,22,484,0,1,35,35
7.003559089175258,1100.5431274687592,5,29,841,0,0,55,40
7.301412144174456,1482.3918011696544,15,30,900,1,0,49,51
5.919257050366534,372.1351334852316,2,17,289,0,1,56,25
6.669645212685412,788.1159413166943,7,17,289,1,1,51,30
5.816796980748807,335.8944523652671,4,30,900,1,0,34,40
6.604483092287345,738.3980868809604,4,27,729,1,1,40,37
6.427081105877174,618.366365275418,11,22,484,0,1,59,39
5.8386674460589125,343.3215412386567,0,58,3364,1,1,48,64
5.925831859730681,374.58991205320774,6,28,784,1,1,49,40
7.155872375063441,1281.6099949161362,10,42,1764,0,1,44,58
6.611229137808218,743.3961937609063,9,37,1369,0,1,39,52
5.26958938593611,194.33614890437056,2,12,144,1,1,29,20
6.119025933463174,454.421841740871,7,38,1444,0,1,50,51
5.553860916240652,258.2326483111651,0,44,1936,0,1,20,50
6.235329027465674,510.46854899287746,7,50,2500,1,1,29,63
6.680817662176175,796.9704983046396,10,18,324,0,0,37,34
6.378059662012143,588.7841583121087,6,50,2500,0,0,55,62
6.518720755404972,677.7108726064866,15,15,225,1,1,32,36
6.401317989306029,602.638786156858,6,35,1225,1,0,51,47
7.941284469646032,2810.9687945299447,12,22,484,0,1,41,40
6.3261485158418775,558.9994648621653,9,17,289,1,1,25,32
6.4806596847265405,652.4011834414177,16,9,81,1,1,52,31
4.8355287616889004,125.90513942329616,2,11,121,1,0,20,19
5.974566941874114,393.2977434226902,6,44,1936,1,1,22,56
6.84691299716912,940.9716364137756,10,19,361,0,1,24,35
6.102809938446815,447.11236481397106,12,5,25,1,1,46,23
5.77268547334063,321.3996850401161,4,39,1521,0,0,31,49
6.7375034855852425,843.4524141082667,18,14,196,1,1,52,38
6.757795738293082,860.7428007811891,14,37,1369,0,0,46,57
6.2022699378813035,493.86882124248297,0,39,1521,0,1,32,45
5.899233906543426,364.75792214253937,4,34,1156,0,0,30,44
6.3004464957121895,544.815113439357,12,1,1,1,1,30,19
6.866857582279559,959.9273286556946,9,35,1225,0,1,55,50
5.1417696870432605,171.0181492855224,4,23,529,1,0,23,33
6.328997277677268,560.5941916235433,0,50,2500,1,0,37,56
6.354372174539741,575.0012269031832,9,24,576,0,0,37,39
7.89248612860797,2677.091247334631,17,37,1369,0,1,47,60
5.820583464086742,337.16872209051274,7,51,2601,1,0,25,64
6.298138183520016,543.5589604249475,2,22,484,0,0,24,30
7.2962755389038225,1474.7968624309826,18,0,0,0,1,30,19
7.479663359029095,1771.6442674869127,18,7,49,0,0,24,31
5.9869302414273875,398.1903835054021,1,48,2304,0,1,28,55
7.2219554703403,1369.1638038749509,16,36,1296,0,1,42,58
6.569330799297118,712.8926152308622,15,24,576,1,1,30,45
6.737827774390919,843.7259806391669,9,9,81,0,1,34,24
6.3189716573476105,555.0019667021372,15,14,196,1,1,44,35
6.139863057614283,463.99002660723244,4,48,2304,0,1,36,58
6.02610008726424,414.09693431008475,2,45,2025,0,1,45,53
5.710846576360983,302.1267333980152,2,50,2500,0,1,33,58
5.863455452145964,351.9381507791877,1,46,2116,1,0,58,53
6.632047334792523,759.0345788518969,3,52,2704,0,1,28,61
7.159960263918651,1286.8597971243362,17,0,0,0,1,46,21
6.375747176049407,587.4241762866543,1,40,1600,0,1,54,47
6.281357501565526,534.5137748306731,5,30,900,0,1,46,41
6.651078570727263,773.6182777445342,2,29,841,0,1,35,37
5.450150238909642,232.79313786772713,2,55,3025,0,1,41,63
6.279007914851365,533.2593626190164,1,41,1681,0,1,49,48
5.933383659372329,377.4294483265148,2,33,1089,1,0,45,41
6.961812046950376,1055.5445215721877,16,2,4,0,1,58,24
7.2703674039237765,1437.078344278469,13,24,576,1,1,58,43
6.727566892806981,835.1128728715904,6,18,324,0,1,52,30
6.436474632007684,624.2023733196531,5,14,196,0,1,59,25
5.878755435069671,357.36420187280544,7,9,81,1,1,20,22
6.923392286245117,1015.7599050097668,18,37,1369,1,1,31,61
7.188700177121695,1324.3806260882372,18,6,36,1,1,36,30
6.610670694281179,742.9811648643614,11,29,841,1,0,44,46
6.240968636748203,513.3555252174417,4,27,729,1,0,48,37
5.857680156957461,349.9114620663118,4,21,441,1,1,47,31
7.08669589258329,1195.9497189119286,13,30,900,0,1,38,49
6.608317699181794,741.234989001778,16,22,484,0,0,29,44
6.7959016524596345,894.1751314453678,15,21,441,1,0,30,42
5.168657172044866,175.67877265526693,3,12,144,1,0,29,21
6.623578595373655,752.6336549279672,7,25,625,1,1,49,38
6.065553637329375,430.7610970905559,2,27,729,0,0,26,35
5.6474118128108515,283.55661766659586,4,46,2116,1,0,24,56
5.972737954881561,392.5790643934111,6,20,400,1,1,47,32
6.747657446153393,852.0604254067528,17,32,1024,1,0,39,55
6.288274081215267,538.2235967781409,7,28,784,0,0,51,41
5.413125589313413,224.33166168311598,10,9,81,1,1,31,25
6.979503057458311,1074.384327034947,13,26,676,1,0,24,45
6.650970996216903,773.5350606132016,17,15,225,1,0,49,38
6.424902634767327,617.0207382503298,12,15,225,1,0,52,33
5.434642012712916,229.21077904179415,5,22,484,1,0,29,33
7.176402409097493,1308.1934375232322,12,34,1156,0,1,58,52
5.37034432309124,214.93686268949605,0,28,784,1,1,46,34
6.003864990700254,404.9910591541459,10,10,100,1,1,31,26
5.895655145379978,363.454873697037,6,40,1600,0,0,21,52
6.294872949218766,541.7870075576011,9,31,961,0,1,49,46
6.050122456848501,424.1649687698932,1,49,2401,0,1,24,56
7.054371377163997,1157.9093541859304,15,14,196,1,1,56,35
5.584322816608971,266.21994196141014,4,19,361,1,1,33,29
7.343417255822666,1545.9861273022536,15,15,225,0,1,45,36
6.559946472534386,706.2338906733024,15,18,324,1,0,27,39
6.4098440053687025,607.7988603067853,14,12,144,1,1,50,32
5.883317953495564,358.99840784114605,8,4,16,1,0,22,18
5.202893574017232,181.79752613221854,0,13,169,1,0,47,19
7.030018211326139,1130.0511897297495,8,11,121,1,1,33,25
7.340756984745434,1541.878850778742,10,23,529,0,1,30,39
5.92641226695925,374.80738985265083,4,32,1024,1,0,48,42
6.286973875271728,537.5242500045952,5,8,64,1,1,59,19
6.329157603516813,560.684076563206,7,13,169,0,1,31,26
6.272485139344838,529.792351071355,14,6,36,1,1,28,26
6.7856588998870215,885.0630628147363,15,9,81,0,0,55,30
6.887035420584117,979.4933229666892,17,0,0,0,1,38,23
6.2576021138213935,521.9658236588741,11,30,900,1,0,26,47
5.758598131231953,316.903759893471,3,23,529,1,1,36,32
6.5747633080309145,716.7759491616536,15,11,121,1,1,42,32
6.286018265711277,537.0108320449428,10,8,64,0,1,31,24
6.5863522778044326,725.1309634657221,6,16,256,1,1,26,28
7.395160007964364,1628.085409402587,14,37,1369,1,1,44,57
7.915821430589657,2740.2965695574126,16,33,1089,0,1,33,55
6.874579679077948,967.3686748269798,14,37,1369,1,1,50,57
5.86408882502035,352.1611294642237,9,4,16,1,0,44,19
5.875498854645752,356.20230953355315,3,47,2209,0,0,30,56
6.279164022941243,533.3426152175574,16,5,25,0,1,30,27
5.4085255554910745,223.30209828067848,3,52,2704,0,1,26,61
5.868528398578023,353.7280503592776,10,18,324,1,1,22,34
5.9513308033318,384.26437925489734,3,15,225,0,1,34,24
6.585421524308996,724.45635928063,11,40,1600,0,1,22,57
7.212128500612107,1355.7749662182625,9,41,1681,0,1,36,56
6.607192034828232,740.4010766378128,13,2,4,0,1,26,21
7.627325055325389,2053.5495349781772,17,29,841,0,1,30,52
6.718353130756184,827.4536807467663,5,53,2809,0,1,39,64
6.251320569722504,518.6973486017794,4,43,1849,0,0,20,53
6.2739681751182825,530.5786349799608,1,41,1681,0,0,51,48
6.939241089242866,1031.986731869095,12,24,576,1,0,57,42
6.931736378798007,1024.2709587979566,13,39,1521,0,1,40,58
5.970661763481648,391.7648406507785,2,22,484,1,0,50,30
7.052160918475562,1155.3526701567869,10,19,361,1,1,36,35
6.760065335721995,862.6985589811674,3,29,841,0,0,44,38
6.607602500990884,740.7050486073999,12,0,0,0,0,52,18
6.333610431595396,563.1862731537651,7,40,1600,1,1,31,53
6.059853562113729,428.31271105861185,7,12,144,1,1,47,25
6.628451267560518,756.3099414008395,12,20,400,0,1,45,38
6.738253577288117,844.0853181042022,9,45,2025,0,1,55,60
7.2744767736434675,1442.9959810624246,12,20,400,0,0,27,38
6.28278330244928,535.2764286102216,12,26,676,1,0,51,44
6.504911882263894,668.4167673870194,16,14,196,1,1,45,36
5.572583792306628,263.1130512046013,5,29,841,0,1,24,40
5.930665546673366,376.40494553783975,1,53,2809,0,1,57,60
7.910083184524664,2724.61710289292,16,30,900,0,1,32,52
6.630811922460483,758.0974371701259,11,40,1600,1,0,38,57
6.421024851213998,614.6326985225232,5,48,2304,1,1,25,59
6.112873410192078,451.6345839112886,4,12,144,1,1,25,22
6.596010351913862,732.1682607168757,4,48,2304,0,0,35,58
6.1787197262762925,482.37399010968574,8,11,121,1,0,48,25
5.835416025959341,342.20707146539087,2,20,400,0,1,37,28
6.536840116003223,690.1024853145129,4,23,529,1,0,51,33
7.297161345094591,1476.1038253943327,6,44,1936,0,1,48,56
6.385970606540473,593.4604697597805,11,47,2209,1,0,36,64
6.378461068669918,589.0205476341976,6,29,841,0,1,24,41
6.2518865038664035,518.9909802219462,9,23,529,1,1,51,38
6.453700677207955,635.0480575486265,7,27,729,0,0,48,40
7.104664716498195,1217.6337637743277,16,33,1089,0,1,48,55
6.055145830294091,426.3010685320626,4,54,2916,0,1,22,64
6.030437650457133,415.8970070730371,14,5,25,1,1,23,25
6.765230088300993,867.1657095222262,8,10,100,0,1,44,24
6.097797283155858,444.8767525108841,10,3,9,0,1,41,19
6.826779128745256,922.2156858079783,12,29,841,0,1,30,47
6.808846176463215,905.8250414961082,17,7,49,0,1,27,30
6.439830936950854,626.3009065194809,16,18,324,0,1,46,40
6.268078553023869,527.4629115517521,8,32,1024,0,0,41,46
6.296461891624834,542.6485602064696,9,40,1600,0,1,22,55
5.689147953660428,295.64161294047983,4,44,1936,0,0,46,54
6.617234735369284,747.8741651170069,10,21,441,1,1,30,37
6.228091634814563,506.78742460711015,14,30,900,0,0,46,50
4.850166217810548,127.76162433867417,1,39,1521,1,1,26,46
7.102762168984769,1215.3193600144727,13,13,169,0,1,46,32
5.88587076170065,359.916032684076,4,30,900,1,0,30,40
6.305999355885417,547.848810637576,5,48,2304,0,1,44,59
6.700242835789007,812.6031303324997,14,0,0,1,1,58,20
6.457766052593547,637.6350212167079,3,45,2025,0,1,35,54
7.151063757681955,1275.4620163032416,9,31,961,0,1,40,46
6.991904270558659,1087.7909534248445,18,38,1444,0,0,45,62
6.405795441601592,605.3431223234722,8,11,121,0,0,46,25
6.597350019793433,733.1497803265513,9,24,576,0,1,36,39
6.653119920270265,775.1991160350666,3,37,1369,0,1,50,46
6.273989845605213,530.5901330019191,3,10,100,1,1,33,19
6.478572703613503,651.0410542690684,5,47,2209,0,1,42,58
6.464724490496335,642.0874378834997,7,49,2401,0,1,21,62
6.295705465092725,542.2382416454064,15,0,0,1,0,45,18
6.0476449225776205,423.11538624846906,7,48,2304,1,1,45,61
6.809116920348605,906.0703212898304,15,16,256,0,0,41,37
6.377774437167161,588.6162463892905,5,27,729,1,1,47,38
7.334698282122533,1532.565307824909,16,32,1024,0,0,25,54
6.655983010913438,777.4217616704385,0,19,361,0,1,58,25
8.144793103061144,3445.3924754230097,18,20,400,0,1,38,44
7.237264069343933,1390.2850392963705,17,41,1681,0,0,40,64
7.418984880917105,1667.340099631911,16,30,900,0,1,39,52
6.820757463932696,916.6790985294731,16,1,1,0,1,50,23
7.081033378231559,1189.196773832753,11,45,2025,0,1,46,62
6.464617259121039,642.0185896558863,11,44,1936,1,1,34,61
6.485284175876715,655.4251938059223,5,25,625,1,1,50,36
5.85908955673249,350.4049748989729,6,23,529,1,1,28,35
5.029272174041642,152.82174457590975,7,5,25,1,1,36,18
5.393090443636337,219.88186912952023,2,34,1156,1,1,38,42
6.46983990648731,645.3803974792388,16,22,484,1,0,51,44
6.309103820905726,549.5522308427512,7,11,121,1,0,29,24
7.456316870516786,1730.7616842611253,10,45,2025,0,1,59,61
7.122727312046548,1239.8272223131241,17,36,1296,0,0,24,59
7.00592701490485,1103.152219706023,15,25,625,0,0,32,46
6.836280072448087,931.0193605055214,12,30,900,0,1,46,48
6.2367281255933635,511.18324443195974,8,47,2209,0,1,21,61
7.071090314817997,1177.4311052276155,18,36,1296,0,0,20,60
5.579122475747895,264.83910105279625,6,41,1681,1,0,27,53
7.622209226004987,2043.0707527409052,16,14,196,0,0,29,36
6.996089785775392,1092.3534605738755,7,10,100,0,1,47,23
6.838490737858481,933.0798094446732,7,29,841,0,0,24,42
5.519844287790432,249.59616899267246,2,40,1600,1,1,21,48
6.702974040971362,814.8255497735008,15,5,25,0,0,36,26
7.47215942773964,1758.3997258483746,11,20,400,0,0,52,37
6.071890340152234,433.4993687948245,14,7,49,1,1,44,27
5.947750083316384,382.89089659682537,3,45,2025,1,1,24,54
